account_id,laundering_score,is_flagged,is_laundering
ACC009166,0.974514,1,1
ACC007995,0.974424,1,1
ACC008370,0.974424,1,1
ACC007746,0.974424,1,1
ACC002863,0.974424,1,1
ACC009102,0.974305,1,1
ACC009274,0.974288,1,1
ACC008328,0.974288,1,1
ACC005808,0.974288,1,1
ACC006674,0.974176,1,1
ACC003339,0.974061,1,1
ACC009946,0.973847,1,1
ACC000101,0.973831,1,1
ACC002206,0.973831,1,1
ACC003575,0.973831,1,1
ACC005752,0.973831,1,1
ACC003972,0.973831,1,1
ACC001124,0.973831,1,1
ACC008722,0.973831,1,1
ACC003180,0.973831,1,1
ACC005396,0.973831,1,1
ACC005335,0.973831,1,1
ACC003937,0.973831,1,1
ACC008044,0.973831,1,1
ACC005263,0.973831,1,1
ACC008443,0.973831,1,1
ACC006012,0.973831,1,1
ACC007488,0.973831,1,1
ACC008221,0.973831,1,1
ACC007052,0.973831,1,1
ACC006197,0.973831,1,1
ACC007294,0.973831,1,1
ACC004862,0.973831,1,1
ACC001449,0.973831,1,1
ACC001391,0.973831,1,1
ACC004356,0.973809,1,1
ACC002666,0.973809,1,1
ACC004803,0.973774,1,1
ACC007366,0.973774,1,1
ACC009222,0.973577,1,1
ACC004913,0.973577,1,1
ACC004619,0.973577,1,1
ACC006643,0.973577,1,1
ACC002221,0.973577,1,1
ACC003051,0.973577,1,1
ACC001737,0.973577,1,1
ACC007831,0.973577,1,1
ACC008234,0.973577,1,1
ACC006623,0.973448,1,1
ACC002766,0.973382,1,1
ACC005981,0.973382,1,1
ACC001562,0.972802,1,1
ACC003672,0.972802,1,1
ACC007602,0.972802,1,1
ACC004587,0.972802,1,1
ACC001990,0.972551,1,1
ACC001547,0.972375,1,1
ACC003571,0.971885,1,1
ACC000431,0.971845,1,1
ACC004440,0.971783,1,1
ACC005486,0.971487,1,1
ACC006089,0.971194,1,1
ACC006977,0.971084,1,1
ACC000634,0.971049,1,1
ACC008075,0.971005,1,1
ACC008266,0.970844,1,1
ACC006912,0.97083,1,1
ACC007172,0.970828,1,1
ACC007735,0.970828,1,1
ACC001196,0.970828,1,1
ACC003369,0.970828,1,1
ACC009763,0.970828,1,1
ACC007006,0.970828,1,1
ACC000876,0.970713,1,1
ACC009462,0.970577,1,1
ACC004346,0.970577,1,1
ACC005638,0.970577,1,1
ACC006140,0.970346,1,1
ACC000490,0.970157,1,1
ACC004651,0.970156,1,1
ACC002610,0.970156,1,1
ACC003427,0.969897,1,1
ACC004746,0.969897,1,1
ACC000310,0.969897,1,1
ACC004655,0.969897,1,1
ACC002605,0.969897,1,1
ACC005397,0.969897,1,1
ACC008759,0.969606,1,1
ACC001223,0.969383,1,1
ACC003842,0.969164,1,1
ACC000904,0.969164,1,1
ACC006692,0.969,1,1
ACC004550,0.968969,1,1
ACC008604,0.968899,1,1
ACC009377,0.968598,1,1
ACC001260,0.968598,1,1
ACC007806,0.968453,1,1
ACC002910,0.968453,1,1
ACC001166,0.968453,1,1
ACC008882,0.968453,1,1
ACC001528,0.968453,1,1
ACC009837,0.968453,1,1
ACC006601,0.968453,1,1
ACC004270,0.968453,1,1
ACC001210,0.968386,1,1
ACC004111,0.968386,1,1
ACC008846,0.968169,1,0
ACC003521,0.968142,1,1
ACC002752,0.968142,1,1
ACC009989,0.968142,1,1
ACC007398,0.968068,1,1
ACC001100,0.968003,1,1
ACC004341,0.967922,1,1
ACC003869,0.9679,1,1
ACC007967,0.967861,1,1
ACC000273,0.967829,1,1
ACC000023,0.967547,1,1
ACC009985,0.967467,1,1
ACC000585,0.967395,1,1
ACC003710,0.967336,1,1
ACC007556,0.967281,1,1
ACC007900,0.96713,1,1
ACC009199,0.966935,1,1
ACC006931,0.966922,1,1
ACC009530,0.966922,1,1
ACC000977,0.966644,1,1
ACC000364,0.966644,1,1
ACC000170,0.966528,1,0
ACC000675,0.966235,1,1
ACC001763,0.966235,1,1
ACC009467,0.966235,1,1
ACC005956,0.966161,1,0
ACC003857,0.966015,1,1
ACC003065,0.965624,1,1
ACC001184,0.964951,1,1
ACC008091,0.964927,1,1
ACC006001,0.964918,1,1
ACC004113,0.964894,1,1
ACC009647,0.964475,1,1
ACC003402,0.964389,1,1
ACC001095,0.964008,1,1
ACC009394,0.96373,1,1
ACC008053,0.963686,1,0
ACC000802,0.963324,1,1
ACC002445,0.962911,1,1
ACC007119,0.962267,1,1
ACC008026,0.962128,1,1
ACC000862,0.961797,1,0
ACC009498,0.961797,1,0
ACC007347,0.961536,1,1
ACC001929,0.961536,1,1
ACC003825,0.96143,1,0
ACC009720,0.960895,1,1
ACC003035,0.960497,1,1
ACC001632,0.96039,1,1
ACC008256,0.960091,1,1
ACC009876,0.959889,1,1
ACC009500,0.95914,1,1
ACC007351,0.959128,1,1
ACC002193,0.958922,1,1
ACC004943,0.958656,1,1
ACC001869,0.958391,1,0
ACC002117,0.958266,1,1
ACC003138,0.957745,1,1
ACC005772,0.957706,1,1
ACC004946,0.957511,1,1
ACC004675,0.957453,1,1
ACC005962,0.957232,1,0
ACC001671,0.957193,1,1
ACC000737,0.956621,1,1
ACC009917,0.95662,1,1
ACC009312,0.955898,1,1
ACC001638,0.955431,1,1
ACC007573,0.955088,1,1
ACC002852,0.954816,1,1
ACC006506,0.954597,1,1
ACC009485,0.954432,1,1
ACC006349,0.954211,1,1
ACC008004,0.954155,1,1
ACC005117,0.954155,1,1
ACC000308,0.953574,1,1
ACC006042,0.953276,1,1
ACC004568,0.953103,1,1
ACC003349,0.952891,1,1
ACC002593,0.951965,1,1
ACC002706,0.951745,1,1
ACC006471,0.951704,1,1
ACC003794,0.950445,1,1
ACC004003,0.950438,1,1
ACC000059,0.950164,1,1
ACC000863,0.950104,1,1
ACC003507,0.950064,1,1
ACC003139,0.950055,1,1
ACC000153,0.949774,1,1
ACC008972,0.949758,1,1
ACC009787,0.949376,1,1
ACC004830,0.949317,1,1
ACC000104,0.949215,1,1
ACC003574,0.949121,1,1
ACC006447,0.949046,1,1
ACC000769,0.948899,1,1
ACC008401,0.948837,1,1
ACC004033,0.948495,1,1
ACC002359,0.948126,1,1
ACC003655,0.948057,1,0
ACC003853,0.947871,1,1
ACC008457,0.947648,1,1
ACC001631,0.947486,1,1
ACC006251,0.947263,1,1
ACC002300,0.946985,1,1
ACC008436,0.946799,1,1
ACC000038,0.946691,1,1
ACC005160,0.946663,1,1
ACC004115,0.946536,1,0
ACC002472,0.946251,1,1
ACC003202,0.946212,1,1
ACC000947,0.946184,1,1
ACC000752,0.946098,1,1
ACC004744,0.946041,1,1
ACC003982,0.945893,1,1
ACC003413,0.945848,1,1
ACC002828,0.945774,1,1
ACC003136,0.9457,1,1
ACC003839,0.945482,1,1
ACC002030,0.945466,1,1
ACC001383,0.945171,1,1
ACC000403,0.94507,1,1
ACC008219,0.944533,1,1
ACC004117,0.94386,1,1
ACC005157,0.943707,1,1
ACC004150,0.943513,1,1
ACC002500,0.943464,1,1
ACC001519,0.942989,1,1
ACC001539,0.942959,1,1
ACC006169,0.942767,1,1
ACC009162,0.942666,1,1
ACC003584,0.942573,1,1
ACC000851,0.94232,1,1
ACC003658,0.941812,1,0
ACC001214,0.941767,1,1
ACC007179,0.941663,1,1
ACC000135,0.941629,1,1
ACC001490,0.941372,1,1
ACC002462,0.941249,1,1
ACC008656,0.940978,1,1
ACC006942,0.940708,1,1
ACC001307,0.940548,1,1
ACC001265,0.940425,1,0
ACC009428,0.940196,1,1
ACC004898,0.939962,1,0
ACC000768,0.939393,1,1
ACC003820,0.939316,1,0
ACC007936,0.939103,1,1
ACC003763,0.938927,1,1
ACC001814,0.938322,1,0
ACC007840,0.938261,1,0
ACC008538,0.938123,1,1
ACC009673,0.938072,1,1
ACC002722,0.937842,1,1
ACC001338,0.937537,1,1
ACC001474,0.937525,1,1
ACC009554,0.936844,1,1
ACC003827,0.936735,1,1
ACC005851,0.936305,1,1
ACC004847,0.936231,1,0
ACC002657,0.936197,1,1
ACC007395,0.936041,1,1
ACC003279,0.935995,1,0
ACC000845,0.935655,1,1
ACC002105,0.935499,1,1
ACC009947,0.934964,1,1
ACC006334,0.934944,1,1
ACC001318,0.934793,1,1
ACC007514,0.934716,1,1
ACC003747,0.934283,1,1
ACC005362,0.934017,1,1
ACC004199,0.933961,1,0
ACC008924,0.933676,1,1
ACC005833,0.933517,1,1
ACC001565,0.933401,1,1
ACC007555,0.933237,1,1
ACC006211,0.93263,1,1
ACC008042,0.931862,1,1
ACC006337,0.931601,1,1
ACC005554,0.931182,1,1
ACC005432,0.931158,1,1
ACC000665,0.930967,1,1
ACC009655,0.930912,1,1
ACC000868,0.930834,1,1
ACC009420,0.930825,1,1
ACC004679,0.930662,1,1
ACC008597,0.9301,1,1
ACC007894,0.92995,1,1
ACC002663,0.929928,1,0
ACC004930,0.929796,1,1
ACC004229,0.929438,1,1
ACC002851,0.929144,1,1
ACC002097,0.929011,1,1
ACC005064,0.928992,1,1
ACC008669,0.928877,1,1
ACC002404,0.928692,1,0
ACC001542,0.92848,1,1
ACC001716,0.928245,1,1
ACC002142,0.928113,1,1
ACC003751,0.927474,1,1
ACC005173,0.92661,1,1
ACC003680,0.926592,1,1
ACC008958,0.926248,1,0
ACC000926,0.926208,1,1
ACC003529,0.925918,1,1
ACC007341,0.925255,1,1
ACC009815,0.924969,1,1
ACC000629,0.924585,1,1
ACC001179,0.924387,1,1
ACC007909,0.924315,1,1
ACC009799,0.923278,1,1
ACC009687,0.923001,1,1
ACC005729,0.922939,1,1
ACC003954,0.922467,1,1
ACC001273,0.922409,1,1
ACC005268,0.922234,1,1
ACC001613,0.922091,1,1
ACC006540,0.9219,1,1
ACC003041,0.921781,1,0
ACC006707,0.921693,1,1
ACC001628,0.921377,1,1
ACC002524,0.920437,1,0
ACC006757,0.919991,1,1
ACC002962,0.919923,1,1
ACC007859,0.91955,1,1
ACC007333,0.919434,1,0
ACC002021,0.919177,1,1
ACC005989,0.91904,1,1
ACC001028,0.918504,1,1
ACC004760,0.918404,1,0
ACC003418,0.918294,1,1
ACC003653,0.918025,1,1
ACC007034,0.917979,1,0
ACC004768,0.917675,1,1
ACC008892,0.917653,1,1
ACC007865,0.917571,1,0
ACC009570,0.917302,1,1
ACC001195,0.916511,1,1
ACC004505,0.915164,1,1
ACC002997,0.91493,1,1
ACC005539,0.914565,1,0
ACC006057,0.914376,1,1
ACC002044,0.914055,1,1
ACC008095,0.913943,1,1
ACC003860,0.913775,1,1
ACC006853,0.913271,1,1
ACC000994,0.912677,1,0
ACC006895,0.912668,1,1
ACC002790,0.912585,1,1
ACC004775,0.912185,1,1
ACC003588,0.912151,1,1
ACC004455,0.912025,1,1
ACC005843,0.911985,1,1
ACC000971,0.911614,1,1
ACC008227,0.911277,1,1
ACC008534,0.911043,1,1
ACC004402,0.909238,1,1
ACC008941,0.909179,1,1
ACC004040,0.908497,1,1
ACC000582,0.90836,1,1
ACC001289,0.908311,1,1
ACC009741,0.907786,1,1
ACC004477,0.90762,1,1
ACC001279,0.907564,1,1
ACC009313,0.907393,1,1
ACC002715,0.907276,1,0
ACC008571,0.906862,1,0
ACC007250,0.906437,1,1
ACC006009,0.904969,1,1
ACC004287,0.904823,1,1
ACC003374,0.904701,1,1
ACC004821,0.904648,1,0
ACC009088,0.904223,1,1
ACC003630,0.903825,1,1
ACC009739,0.903784,1,1
ACC001682,0.903557,1,1
ACC008334,0.902983,1,1
ACC003394,0.902898,1,0
ACC006925,0.902845,1,0
ACC009971,0.90261,1,0
ACC009464,0.902459,1,1
ACC003088,0.901965,1,0
ACC004134,0.90195,1,1
ACC006597,0.90189,1,1
ACC004716,0.901719,1,1
ACC002410,0.901345,1,1
ACC005663,0.901314,1,1
ACC002035,0.901168,1,0
ACC002257,0.90045,1,1
ACC009512,0.900291,1,1
ACC009679,0.899549,1,0
ACC009526,0.899362,1,1
ACC009534,0.899232,1,0
ACC004147,0.89889,1,1
ACC000474,0.89883,1,0
ACC005568,0.897948,1,1
ACC002813,0.897709,1,1
ACC001858,0.897237,1,0
ACC005414,0.8972,1,0
ACC008834,0.897174,1,1
ACC004634,0.896785,1,1
ACC003260,0.896721,1,0
ACC006068,0.896331,1,1
ACC004664,0.896241,1,0
ACC009292,0.895585,1,1
ACC002062,0.895557,1,1
ACC007733,0.894911,1,1
ACC002355,0.894753,1,1
ACC006032,0.894239,1,1
ACC004261,0.893679,1,1
ACC007255,0.893593,1,1
ACC007927,0.892981,1,1
ACC006513,0.892971,1,0
ACC001183,0.8915,1,1
ACC001606,0.891381,1,0
ACC000759,0.891339,1,1
ACC001905,0.89087,1,1
ACC002789,0.890806,1,1
ACC008276,0.888355,1,1
ACC008760,0.887653,1,0
ACC009272,0.887592,1,1
ACC003851,0.887545,1,1
ACC004148,0.887318,1,1
ACC001444,0.887155,1,0
ACC001787,0.887032,1,1
ACC006013,0.886663,1,1
ACC004300,0.886029,1,1
ACC006960,0.885035,1,1
ACC003225,0.884638,1,1
ACC006782,0.884475,1,0
ACC000997,0.883731,1,1
ACC005651,0.882632,1,1
ACC005824,0.882354,1,0
ACC003989,0.882095,1,1
ACC001522,0.881674,1,1
ACC005703,0.881471,1,1
ACC001913,0.881424,1,1
ACC007902,0.8812,1,1
ACC000379,0.881134,1,1
ACC006949,0.880974,1,1
ACC001456,0.880733,1,0
ACC003076,0.8807,1,1
ACC007695,0.880318,1,1
ACC008296,0.880273,1,1
ACC004659,0.880133,1,1
ACC009124,0.879807,1,1
ACC006143,0.879556,1,1
ACC000537,0.879391,1,1
ACC006715,0.879096,1,1
ACC001965,0.878774,1,1
ACC003311,0.878763,1,1
ACC001125,0.878661,1,1
ACC004863,0.878332,1,1
ACC007437,0.877991,1,0
ACC009236,0.877979,1,0
ACC000569,0.87796,1,1
ACC009058,0.877776,1,0
ACC008765,0.877734,1,1
ACC006695,0.877734,1,1
ACC004966,0.87723,1,0
ACC004751,0.876817,1,1
ACC005348,0.876565,1,1
ACC002328,0.876396,1,1
ACC000342,0.875961,1,1
ACC000983,0.875621,1,1
ACC005685,0.875601,1,1
ACC006504,0.875296,1,1
ACC007740,0.875163,1,0
ACC006254,0.875006,1,1
ACC005277,0.874964,1,1
ACC005946,0.873358,1,1
ACC002607,0.873026,1,1
ACC007038,0.872857,1,1
ACC005871,0.872519,1,1
ACC001710,0.870832,1,1
ACC001026,0.870659,1,1
ACC008858,0.869531,1,0
ACC000673,0.869531,1,1
ACC007321,0.869054,1,1
ACC002137,0.869025,1,1
ACC006688,0.868387,1,1
ACC004093,0.868054,1,1
ACC003518,0.867942,1,1
ACC005460,0.867675,1,1
ACC000395,0.867625,1,1
ACC000227,0.867624,1,0
ACC009376,0.867047,1,0
ACC007443,0.865673,1,1
ACC000109,0.865631,1,1
ACC005684,0.865474,1,1
ACC002890,0.865068,1,1
ACC006827,0.865054,1,1
ACC007526,0.864961,1,1
ACC004149,0.864694,1,1
ACC001850,0.864694,1,0
ACC002613,0.864029,1,1
ACC007681,0.86385,1,0
ACC007469,0.86364,1,1
ACC006046,0.863429,1,1
ACC001899,0.863242,1,0
ACC004508,0.863139,1,1
ACC002132,0.862947,1,1
ACC005088,0.862745,1,0
ACC003045,0.862568,1,1
ACC009891,0.862348,1,1
ACC004416,0.862258,1,1
ACC003021,0.861635,1,1
ACC008507,0.861629,1,1
ACC006590,0.861436,1,1
ACC007413,0.861034,1,1
ACC003606,0.860501,1,0
ACC007646,0.860368,1,1
ACC006147,0.860061,1,1
ACC001319,0.859493,1,1
ACC007385,0.859447,1,1
ACC006040,0.859432,1,1
ACC003625,0.85941,1,1
ACC000067,0.859075,1,0
ACC000725,0.858375,1,1
ACC005228,0.858356,1,1
ACC001148,0.85763,1,1
ACC005416,0.857613,1,1
ACC002425,0.857594,1,0
ACC002727,0.8573,1,1
ACC003798,0.857292,1,1
ACC005836,0.857113,1,1
ACC005353,0.856815,1,1
ACC001285,0.856509,1,1
ACC006561,0.8565,1,0
ACC009482,0.856442,1,1
ACC006244,0.856381,1,0
ACC005760,0.856065,1,1
ACC008357,0.856024,1,0
ACC003716,0.855716,1,1
ACC009703,0.855631,1,0
ACC009515,0.855293,1,1
ACC004063,0.855212,1,1
ACC006223,0.855205,1,0
ACC003790,0.854998,1,0
ACC003104,0.85492,1,1
ACC009031,0.853661,1,0
ACC001998,0.85359,1,0
ACC009893,0.853152,1,1
ACC009372,0.853067,1,1
ACC006791,0.851828,1,1
ACC003145,0.851534,1,1
ACC001300,0.850649,1,0
ACC000894,0.850298,1,1
ACC001450,0.850092,1,1
ACC001915,0.849872,1,1
ACC004856,0.849704,1,1
ACC000989,0.849252,1,1
ACC005191,0.849237,1,0
ACC004948,0.849002,1,0
ACC002244,0.848887,1,1
ACC002671,0.848666,1,1
ACC005727,0.84825,1,1
ACC001001,0.848202,1,1
ACC002598,0.848158,1,1
ACC005692,0.848003,1,0
ACC005313,0.84792,1,0
ACC003459,0.847362,1,1
ACC001659,0.84711,1,1
ACC009656,0.847046,1,1
ACC001492,0.84652,1,1
ACC005918,0.846498,1,1
ACC007705,0.846491,1,1
ACC003401,0.846074,1,1
ACC001246,0.845956,1,0
ACC001023,0.845519,1,0
ACC001960,0.845325,1,1
ACC004072,0.844559,1,1
ACC003203,0.844496,1,0
ACC006264,0.844369,1,1
ACC009532,0.844251,1,0
ACC001859,0.844226,1,1
ACC006807,0.8441,1,0
ACC006022,0.843278,1,1
ACC009737,0.842722,1,1
ACC005803,0.842683,1,1
ACC005154,0.842536,1,0
ACC002039,0.842264,1,0
ACC006534,0.842255,1,0
ACC006314,0.842188,1,1
ACC004688,0.841747,1,1
ACC009900,0.841714,1,0
ACC008956,0.841559,1,1
ACC005677,0.841427,1,1
ACC000701,0.841225,1,1
ACC008731,0.841138,1,1
ACC005648,0.841054,1,0
ACC004212,0.840822,1,1
ACC004327,0.840729,1,1
ACC008450,0.840427,1,1
ACC001764,0.840145,1,0
ACC006348,0.840034,1,1
ACC004644,0.839515,1,0
ACC008978,0.839481,1,1
ACC009309,0.839314,1,0
ACC004614,0.838659,1,0
ACC009183,0.838167,1,0
ACC002713,0.837694,1,1
ACC001329,0.837257,1,0
ACC008382,0.837093,1,1
ACC008824,0.83686,1,1
ACC001393,0.836732,1,1
ACC006283,0.836674,1,1
ACC004475,0.836328,1,0
ACC006882,0.836082,1,0
ACC004579,0.83585,1,1
ACC006260,0.83544,1,0
ACC004109,0.835409,1,1
ACC006232,0.835256,1,1
ACC007651,0.835094,1,1
ACC007320,0.834893,1,1
ACC002815,0.834507,1,1
ACC000290,0.833927,1,1
ACC000259,0.833686,1,1
ACC008674,0.833383,1,1
ACC004978,0.832776,1,1
ACC008890,0.832661,1,1
ACC000861,0.832388,1,1
ACC007668,0.832365,1,0
ACC005535,0.83177,1,1
ACC007962,0.831624,1,1
ACC006183,0.831614,1,0
ACC009869,0.831489,1,0
ACC009940,0.831444,1,0
ACC008269,0.83087,1,1
ACC000882,0.830512,1,0
ACC000942,0.829955,1,0
ACC009627,0.829522,1,0
ACC004580,0.829473,1,1
ACC006812,0.829003,1,1
ACC006295,0.828854,1,1
ACC006498,0.828204,1,1
ACC005387,0.828135,1,1
ACC006840,0.827761,1,0
ACC009281,0.827174,1,1
ACC008586,0.82709,1,1
ACC008196,0.827001,1,1
ACC004684,0.826697,1,1
ACC004494,0.826468,1,1
ACC008968,0.826409,1,1
ACC005636,0.826119,1,1
ACC005398,0.826019,1,1
ACC007511,0.825873,1,1
ACC003921,0.825545,1,1
ACC005726,0.825488,1,0
ACC003310,0.825227,1,0
ACC004925,0.824968,1,1
ACC004939,0.824903,1,1
ACC000399,0.824775,1,0
ACC003179,0.824621,1,0
ACC003300,0.823838,1,1
ACC005473,0.823499,1,1
ACC006817,0.823374,1,0
ACC003454,0.823266,1,1
ACC009201,0.823134,1,1
ACC004869,0.823023,1,1
ACC008516,0.822872,1,1
ACC003312,0.822744,1,1
ACC002824,0.822642,1,1
ACC004976,0.822619,1,0
ACC006361,0.822383,1,0
ACC006525,0.822366,1,1
ACC009160,0.822313,1,0
ACC001760,0.822095,1,1
ACC000246,0.821844,1,0
ACC007109,0.821604,1,1
ACC000714,0.820873,1,1
ACC006158,0.820798,1,0
ACC007892,0.820651,1,1
ACC003515,0.820601,1,1
ACC005168,0.820344,1,0
ACC001984,0.820165,1,1
ACC008081,0.820098,1,0
ACC008200,0.819855,1,0
ACC004389,0.819678,1,0
ACC006868,0.819578,1,0
ACC005970,0.819409,1,1
ACC003287,0.819262,1,1
ACC008814,0.819144,1,1
ACC002091,0.818975,1,1
ACC009517,0.818932,1,0
ACC003562,0.818192,1,1
ACC001743,0.818066,1,1
ACC006852,0.817212,1,0
ACC000116,0.816732,1,1
ACC003611,0.816639,1,1
ACC005431,0.816171,1,0
ACC004980,0.815845,1,0
ACC008186,0.815014,1,0
ACC000910,0.814601,1,1
ACC005712,0.814283,1,0
ACC009157,0.814151,1,1
ACC001809,0.813345,1,0
ACC007912,0.813231,1,0
ACC001548,0.813153,1,1
ACC000243,0.812507,1,1
ACC008983,0.81248,1,0
ACC000871,0.811764,1,1
ACC002601,0.811615,1,1
ACC007845,0.811148,1,1
ACC009220,0.810094,1,1
ACC002746,0.809979,1,1
ACC005991,0.809759,1,0
ACC006994,0.809729,1,1
ACC008495,0.809364,1,0
ACC008620,0.808863,1,0
ACC003912,0.808859,1,0
ACC008999,0.808593,1,1
ACC007182,0.808408,1,1
ACC006877,0.808072,1,0
ACC009771,0.808049,1,1
ACC007363,0.807654,1,1
ACC006155,0.807609,1,1
ACC007387,0.807468,1,1
ACC004172,0.807251,1,0
ACC007769,0.806501,1,1
ACC007423,0.806141,1,0
ACC007954,0.805822,1,0
ACC007738,0.80577,1,1
ACC008190,0.805518,1,1
ACC000611,0.805486,1,0
ACC004000,0.805387,1,1
ACC009286,0.805238,1,0
ACC006037,0.804794,1,1
ACC008536,0.804517,1,1
ACC007509,0.803863,1,1
ACC002136,0.803858,1,1
ACC005233,0.802931,1,0
ACC006330,0.802828,1,1
ACC000078,0.802515,1,1
ACC006112,0.802222,1,0
ACC005838,0.801795,1,0
ACC008744,0.801215,1,1
ACC007089,0.800703,1,1
ACC009258,0.800512,1,0
ACC001480,0.800381,1,1
ACC004665,0.800152,1,1
ACC001232,0.799946,1,1
ACC008827,0.799589,1,1
ACC002168,0.799202,1,0
ACC007744,0.798859,1,1
ACC007592,0.798723,1,0
ACC004953,0.798712,1,0
ACC004373,0.798436,1,1
ACC006959,0.797833,1,1
ACC002819,0.797813,1,1
ACC004347,0.797609,1,1
ACC003782,0.797223,1,0
ACC002954,0.795944,1,0
ACC007434,0.795929,1,0
ACC004283,0.795651,1,0
ACC007122,0.79554,1,0
ACC000077,0.795454,1,0
ACC002139,0.795347,1,1
ACC008295,0.794996,1,1
ACC008619,0.794831,1,1
ACC007160,0.794442,1,0
ACC005030,0.794284,1,1
ACC009615,0.793609,1,1
ACC008995,0.79314,1,0
ACC009089,0.792933,1,0
ACC000782,0.79259,1,0
ACC005857,0.792576,1,1
ACC000400,0.792443,1,1
ACC003230,0.792385,1,1
ACC006424,0.79146,1,1
ACC002761,0.79081,1,0
ACC009363,0.790736,1,0
ACC009231,0.790635,1,0
ACC003985,0.789155,1,1
ACC002038,0.789027,1,1
ACC005576,0.78878,1,1
ACC005802,0.788589,1,0
ACC002101,0.787735,1,1
ACC004813,0.787728,1,0
ACC000165,0.787653,1,1
ACC000111,0.786659,1,0
ACC006858,0.786562,1,0
ACC003875,0.786457,1,1
ACC004272,0.786018,1,0
ACC003379,0.78573,1,0
ACC005388,0.785594,1,1
ACC004015,0.785449,1,1
ACC008191,0.785132,1,0
ACC002974,0.784394,1,1
ACC004778,0.784092,1,1
ACC001317,0.784085,1,0
ACC007281,0.783927,1,1
ACC008598,0.783888,1,1
ACC009748,0.78336,1,1
ACC000849,0.783056,1,1
ACC008422,0.782293,1,1
ACC000300,0.781383,1,1
ACC006358,0.781109,1,1
ACC006146,0.780722,1,0
ACC008532,0.780339,1,0
ACC003412,0.7799,1,1
ACC000279,0.778663,1,1
ACC001395,0.778124,1,0
ACC005822,0.777781,1,0
ACC007248,0.777722,1,0
ACC005874,0.777422,1,1
ACC004670,0.777341,1,1
ACC001415,0.777117,1,1
ACC009536,0.77664,1,1
ACC004867,0.776433,1,1
ACC003102,0.77594,1,1
ACC009789,0.774944,1,1
ACC004387,0.774797,1,0
ACC004136,0.774505,1,0
ACC000091,0.772818,1,0
ACC001434,0.772298,1,1
ACC008336,0.77201,1,1
ACC002150,0.771905,1,1
ACC006026,0.771812,1,1
ACC006760,0.771637,1,0
ACC003772,0.771511,1,1
ACC002625,0.770359,1,0
ACC007974,0.770017,1,1
ACC006704,0.769944,1,1
ACC000532,0.769639,1,1
ACC002765,0.768468,1,1
ACC006233,0.768118,1,1
ACC005653,0.767987,1,0
ACC005781,0.767694,1,1
ACC006159,0.767522,1,1
ACC005436,0.767378,1,0
ACC004958,0.76686,1,0
ACC001228,0.766365,1,0
ACC004451,0.765766,1,0
ACC005302,0.765713,1,1
ACC001404,0.765589,1,1
ACC001625,0.765063,1,1
ACC005537,0.764992,1,0
ACC004820,0.764407,1,1
ACC000324,0.76336,1,1
ACC000990,0.76328,1,1
ACC003125,0.762811,1,1
ACC007583,0.762527,1,1
ACC005445,0.761707,1,0
ACC005344,0.761397,1,0
ACC000666,0.761362,1,0
ACC001259,0.7611,1,1
ACC005400,0.760807,1,0
ACC004158,0.760039,1,0
ACC006962,0.759963,1,1
ACC004348,0.759498,1,1
ACC008166,0.759325,1,1
ACC003181,0.759272,1,1
ACC006321,0.759181,1,0
ACC002854,0.759017,1,0
ACC001695,0.758822,1,0
ACC004121,0.758638,1,1
ACC007187,0.758366,1,0
ACC004187,0.758078,1,1
ACC009270,0.757352,1,1
ACC000146,0.756974,1,0
ACC007673,0.756819,1,1
ACC000131,0.756553,1,1
ACC005164,0.756396,1,0
ACC006535,0.756134,1,1
ACC005308,0.756017,1,1
ACC002773,0.755301,1,1
ACC006275,0.755283,1,0
ACC006028,0.75473,1,0
ACC002367,0.75451,1,0
ACC009472,0.754315,1,1
ACC000250,0.754105,1,1
ACC005123,0.753725,1,0
ACC003214,0.7537,1,1
ACC001198,0.753657,1,0
ACC003832,0.753121,1,0
ACC006257,0.753045,1,0
ACC009977,0.75291,1,0
ACC001411,0.752769,1,0
ACC000321,0.752291,1,0
ACC004900,0.752106,1,1
ACC009603,0.751911,1,0
ACC003590,0.750805,1,0
ACC007274,0.750055,1,0
ACC004924,0.749665,1,1
ACC006552,0.748478,1,0
ACC005605,0.748477,1,0
ACC004290,0.748364,1,0
ACC006043,0.748156,1,1
ACC008682,0.748122,1,0
ACC006583,0.747101,1,1
ACC007841,0.746417,1,1
ACC002670,0.745164,1,1
ACC006542,0.745159,1,1
ACC002274,0.745007,1,1
ACC001642,0.744829,1,1
ACC000090,0.74353,1,0
ACC005690,0.743444,1,1
ACC009711,0.743105,1,0
ACC003314,0.743086,1,1
ACC006470,0.742454,1,0
ACC002360,0.742162,1,0
ACC006642,0.741822,1,1
ACC001916,0.741365,1,0
ACC006191,0.741227,1,0
ACC009701,0.741201,1,0
ACC008756,0.740997,1,1
ACC003273,0.739798,1,0
ACC003367,0.739789,1,1
ACC008614,0.739057,1,1
ACC004152,0.738625,1,1
ACC005923,0.738515,1,0
ACC007609,0.738057,1,0
ACC001792,0.737223,1,0
ACC009367,0.73697,1,1
ACC003223,0.736723,1,1
ACC002913,0.735888,1,1
ACC001733,0.735761,1,0
ACC009280,0.735668,1,1
ACC007500,0.734814,1,1
ACC003298,0.734289,1,0
ACC002351,0.733987,1,1
ACC004074,0.733977,1,0
ACC006774,0.733805,1,1
ACC000739,0.733057,1,0
ACC003712,0.733043,1,1
ACC007345,0.732579,1,0
ACC003596,0.732549,1,0
ACC004621,0.732455,1,1
ACC006652,0.731517,1,0
ACC004078,0.731345,1,0
ACC005865,0.731247,1,1
ACC004065,0.731199,1,1
ACC008307,0.731151,1,0
ACC000244,0.730826,1,0
ACC004981,0.730664,1,1
ACC009221,0.730526,1,0
ACC009956,0.730454,1,1
ACC006681,0.730006,1,1
ACC002504,0.72974,1,0
ACC001343,0.729641,1,0
ACC006316,0.729354,1,0
ACC007825,0.729343,1,1
ACC005162,0.729279,1,0
ACC003005,0.729008,1,1
ACC007493,0.72891,1,1
ACC004626,0.728614,1,1
ACC004718,0.728377,1,0
ACC003458,0.728158,1,1
ACC004638,0.727635,1,0
ACC001468,0.727271,1,0
ACC008730,0.727126,1,0
ACC008560,0.726608,1,0
ACC009219,0.726117,1,0
ACC006610,0.725449,1,0
ACC003178,0.725318,1,0
ACC003450,0.725242,1,0
ACC005366,0.723702,1,0
ACC002450,0.72355,1,1
ACC007774,0.723093,1,1
ACC002202,0.72182,1,1
ACC003526,0.72153,1,1
ACC004694,0.721322,1,0
ACC006944,0.721227,1,0
ACC000281,0.720937,1,1
ACC002085,0.720835,1,1
ACC004657,0.720518,1,1
ACC008796,0.720281,1,0
ACC007193,0.720248,1,1
ACC005377,0.719925,1,0
ACC003434,0.719842,1,1
ACC000896,0.719677,1,1
ACC006600,0.719253,1,0
ACC000139,0.719188,1,0
ACC004588,0.71876,1,0
ACC001347,0.717047,1,0
ACC002533,0.71699,1,0
ACC002241,0.716894,1,0
ACC004797,0.716801,1,0
ACC009053,0.716598,1,0
ACC007132,0.716133,1,0
ACC007032,0.715884,1,0
ACC004886,0.71563,1,1
ACC004601,0.715107,1,0
ACC009854,0.715065,1,0
ACC009676,0.714659,1,0
ACC004338,0.714253,1,0
ACC000638,0.713808,1,0
ACC002675,0.713543,1,1
ACC006024,0.712854,1,0
ACC008286,0.712723,1,1
ACC005646,0.712514,1,0
ACC006078,0.712233,1,1
ACC000999,0.711682,1,0
ACC004487,0.711274,1,1
ACC003678,0.710994,1,1
ACC003044,0.710969,1,1
ACC000082,0.710687,1,0
ACC005900,0.7106,1,0
ACC002781,0.71029,1,0
ACC004503,0.709974,1,1
ACC005718,0.709682,1,1
ACC008855,0.709406,1,0
ACC000311,0.709089,1,1
ACC000202,0.70895,1,0
ACC000632,0.708869,1,1
ACC008129,0.708049,1,0
ACC008962,0.707711,1,1
ACC008974,0.707496,1,0
ACC000564,0.70721,1,0
ACC001106,0.706794,1,0
ACC007240,0.706522,1,0
ACC007010,0.70633,1,0
ACC005901,0.705011,1,0
ACC009118,0.704851,1,1
ACC001491,0.704835,1,1
ACC001651,0.704531,1,0
ACC006653,0.704466,1,1
ACC004794,0.703717,1,0
ACC007631,0.703349,1,1
ACC003506,0.702907,1,1
ACC000160,0.702415,1,1
ACC009813,0.701806,1,0
ACC001104,0.701684,1,1
ACC005508,0.701592,1,0
ACC007795,0.701389,1,1
ACC005425,0.701221,1,1
ACC002134,0.701061,1,0
ACC003229,0.700301,1,0
ACC005715,0.700107,1,0
ACC004858,0.700026,1,1
ACC001708,0.699311,1,0
ACC006011,0.699119,1,1
ACC007748,0.699043,1,1
ACC003456,0.698296,1,0
ACC002167,0.697116,1,0
ACC003057,0.696939,1,0
ACC000873,0.696799,1,0
ACC007158,0.69678,1,0
ACC000148,0.695588,1,0
ACC008088,0.694922,1,1
ACC001424,0.694179,1,0
ACC003190,0.69366,1,1
ACC009003,0.693549,1,1
ACC001401,0.693489,1,0
ACC000678,0.693002,1,1
ACC009573,0.692618,1,1
ACC003407,0.692337,1,0
ACC000975,0.692095,1,0
ACC007827,0.69189,1,0
ACC000736,0.691562,1,1
ACC001004,0.691215,1,1
ACC008252,0.691064,1,0
ACC007757,0.690345,1,0
ACC002394,0.690021,1,0
ACC005408,0.689715,1,0
ACC009023,0.689664,1,1
ACC003638,0.689243,1,0
ACC004155,0.688795,1,1
ACC004995,0.688601,1,1
ACC003025,0.68845,1,1
ACC009365,0.688066,1,0
ACC009987,0.687796,1,0
ACC009824,0.687776,1,0
ACC001838,0.687723,1,0
ACC004059,0.687217,1,1
ACC007378,0.686867,1,0
ACC008037,0.686491,1,1
ACC009323,0.685863,1,1
ACC002754,0.685763,1,1
ACC002339,0.685651,1,0
ACC005585,0.685607,1,0
ACC008874,0.685568,1,1
ACC007846,0.685155,1,0
ACC008182,0.684876,1,0
ACC009316,0.68446,1,1
ACC009836,0.684432,1,1
ACC009692,0.684157,1,0
ACC008059,0.683706,1,1
ACC006580,0.683678,1,0
ACC006778,0.682921,1,0
ACC000469,0.682605,1,1
ACC005287,0.680737,1,0
ACC009259,0.680062,1,0
ACC009481,0.678043,1,1
ACC006733,0.677979,1,0
ACC008160,0.675339,1,0
ACC001426,0.674982,1,0
ACC005713,0.674483,1,0
ACC002428,0.674317,1,0
ACC006086,0.674265,1,0
ACC009319,0.674038,1,0
ACC008849,0.673806,1,0
ACC003810,0.673702,1,1
ACC006503,0.672834,1,1
ACC008593,0.671948,1,0
ACC008523,0.671824,1,0
ACC006202,0.671799,1,0
ACC008959,0.671242,1,0
ACC009381,0.66952,1,0
ACC009134,0.668654,1,0
ACC001080,0.668376,1,0
ACC003432,0.668192,1,0
ACC007540,0.66806,1,0
ACC003703,0.667929,1,0
ACC007076,0.667579,1,0
ACC005710,0.667235,1,0
ACC009049,0.667013,1,0
ACC004267,0.666709,1,1
ACC009059,0.666701,1,0
ACC000432,0.666588,1,1
ACC003775,0.665783,1,0
ACC004195,0.664611,1,0
ACC003261,0.664454,1,0
ACC002879,0.664205,1,0
ACC008998,0.663263,1,0
ACC000424,0.663007,1,0
ACC009344,0.662215,1,0
ACC007924,0.661918,1,1
ACC000137,0.661879,1,1
ACC009822,0.661746,1,1
ACC003949,0.660583,1,0
ACC002005,0.659512,1,0
ACC004271,0.659341,1,0
ACC009509,0.658309,1,0
ACC000853,0.657691,1,1
ACC008599,0.657144,1,0
ACC006712,0.657068,1,0
ACC005403,0.656916,1,0
ACC001700,0.656505,1,1
ACC001213,0.656365,1,0
ACC007015,0.65562,1,1
ACC003238,0.655495,1,0
ACC006612,0.655492,1,0
ACC001272,0.655256,1,0
ACC006386,0.655038,1,1
ACC002324,0.654858,1,0
ACC008225,0.654579,1,0
ACC006629,0.654417,1,0
ACC008675,0.654218,1,1
ACC004520,0.654027,1,0
ACC003975,0.652717,1,0
ACC006335,0.65271,1,0
ACC003502,0.652441,1,1
ACC006546,0.652039,1,1
ACC006829,0.65123,1,0
ACC008264,0.650191,1,0
ACC000022,0.650089,1,0
ACC008360,0.650081,1,0
ACC009389,0.649302,1,1
ACC001076,0.649293,1,1
ACC001053,0.648828,1,0
ACC004969,0.648579,1,1
ACC004837,0.648379,1,0
ACC001706,0.648299,1,1
ACC001226,0.647677,1,0
ACC003049,0.647438,1,0
ACC006340,0.647437,1,0
ACC009768,0.647247,1,0
ACC009242,0.646709,1,0
ACC007885,0.646677,1,1
ACC009126,0.646038,1,0
ACC004721,0.645743,1,1
ACC009110,0.644964,1,0
ACC007726,0.644177,1,0
ACC005645,0.644042,1,0
ACC005745,0.643377,1,0
ACC005270,0.643234,1,0
ACC001956,0.643228,1,1
ACC000251,0.642686,1,1
ACC008438,0.64237,1,0
ACC001919,0.64201,1,0
ACC005150,0.641668,1,1
ACC000933,0.641556,1,0
ACC001718,0.641288,1,0
ACC005903,0.640917,1,0
ACC009084,0.640437,1,1
ACC004103,0.640293,1,0
ACC000815,0.640037,1,1
ACC004923,0.639937,1,0
ACC005979,0.639895,1,1
ACC002855,0.639419,1,0
ACC000049,0.63934,1,1
ACC006062,0.6383,1,0
ACC004627,0.638266,1,0
ACC004472,0.638119,1,1
ACC003189,0.637945,1,0
ACC009000,0.63788,1,0
ACC006114,0.637862,1,0
ACC002581,0.637474,1,0
ACC007731,0.636957,1,0
ACC007131,0.636009,1,1
ACC009904,0.635903,1,0
ACC000955,0.635446,1,1
ACC004106,0.635068,1,0
ACC001261,0.634516,1,0
ACC002247,0.634365,1,0
ACC000498,0.633773,1,0
ACC008002,0.63368,1,0
ACC008779,0.633624,1,1
ACC008629,0.633519,1,1
ACC007482,0.633419,1,0
ACC005591,0.63273,1,0
ACC004334,0.631646,1,0
ACC002873,0.631489,1,1
ACC004378,0.630979,1,1
ACC008622,0.630867,1,1
ACC002816,0.630496,1,0
ACC002252,0.629995,1,1
ACC005093,0.629901,1,0
ACC004178,0.62933,1,0
ACC008209,0.628576,1,0
ACC000208,0.627717,1,0
ACC000794,0.62762,1,0
ACC002758,0.627555,1,0
ACC006389,0.627488,1,0
ACC009324,0.627125,1,0
ACC002523,0.626924,1,0
ACC007539,0.625685,1,0
ACC009695,0.625567,1,0
ACC002196,0.625451,1,0
ACC000946,0.625181,1,0
ACC005288,0.62516,1,0
ACC008492,0.624847,1,1
ACC001796,0.624615,1,0
ACC009599,0.623967,1,0
ACC002911,0.623695,1,0
ACC002640,0.623687,1,0
ACC006431,0.623174,1,1
ACC001591,0.622464,1,0
ACC000741,0.621499,1,0
ACC006857,0.621476,1,0
ACC009116,0.621415,1,0
ACC002940,0.621104,1,1
ACC006919,0.620473,1,1
ACC000630,0.619405,1,1
ACC006397,0.617842,1,0
ACC004326,0.617833,1,0
ACC001130,0.617647,1,1
ACC005100,0.617398,1,0
ACC007766,0.617095,1,0
ACC005665,0.616624,1,0
ACC000641,0.616536,1,1
ACC002207,0.61636,1,0
ACC006174,0.616066,1,1
ACC002896,0.615786,1,0
ACC005629,0.615161,1,0
ACC003142,0.613819,1,1
ACC003595,0.613781,1,1
ACC006709,0.613577,1,0
ACC000677,0.613562,1,0
ACC008541,0.612991,1,0
ACC004498,0.612982,1,0
ACC002793,0.611599,1,0
ACC002046,0.611579,1,0
ACC008456,0.611342,1,0
ACC008074,0.610292,1,0
ACC009291,0.610242,1,1
ACC009897,0.609864,1,0
ACC004956,0.60976,1,0
ACC005467,0.609494,1,0
ACC002834,0.609107,1,0
ACC005181,0.608287,1,1
ACC001107,0.608176,1,0
ACC005265,0.607524,1,0
ACC006592,0.607217,1,0
ACC007135,0.607124,1,0
ACC002047,0.607112,1,0
ACC006292,0.607008,1,0
ACC007596,0.60681,1,0
ACC005630,0.606687,1,0
ACC002279,0.606545,1,0
ACC000044,0.606069,1,0
ACC005189,0.606029,1,0
ACC003882,0.605719,1,0
ACC005262,0.60571,1,0
ACC002685,0.605543,1,1
ACC000777,0.605147,1,0
ACC006100,0.604611,1,0
ACC006855,0.603206,1,0
ACC006639,0.602938,1,1
ACC001032,0.602631,1,0
ACC003008,0.602429,1,0
ACC004292,0.602348,1,0
ACC000192,0.602143,1,0
ACC000687,0.601337,1,1
ACC009719,0.601189,1,0
ACC006353,0.60116,1,1
ACC008984,0.601088,1,0
ACC001268,0.600793,1,0
ACC001674,0.600202,1,0
ACC009953,0.599993,1,0
ACC004739,0.599991,1,1
ACC006876,0.599846,1,0
ACC004561,0.599802,1,1
ACC001157,0.599125,1,1
ACC001773,0.598697,1,0
ACC002087,0.598587,1,0
ACC001789,0.598106,1,0
ACC002015,0.597881,1,0
ACC009289,0.597275,1,0
ACC002203,0.597137,1,0
ACC007830,0.596138,1,0
ACC007165,0.595729,1,0
ACC008485,0.595701,1,0
ACC005022,0.595641,1,0
ACC005844,0.595478,1,0
ACC002009,0.595369,1,0
ACC007314,0.595058,1,1
ACC006119,0.594812,1,0
ACC002231,0.593045,1,0
ACC007069,0.592967,1,0
ACC006911,0.592737,1,0
ACC006889,0.592377,1,0
ACC000338,0.591521,1,0
ACC001804,0.591507,1,0
ACC007361,0.59133,1,1
ACC001358,0.590835,1,0
ACC007103,0.590662,1,1
ACC009585,0.589585,1,0
ACC006419,0.589258,1,0
ACC004399,0.589189,1,0
ACC002069,0.588629,1,1
ACC008508,0.587296,1,1
ACC007579,0.586857,1,0
ACC001744,0.586545,1,0
ACC002230,0.58576,1,0
ACC003258,0.585732,1,0
ACC009048,0.585379,1,0
ACC004697,0.585233,1,0
ACC001354,0.585062,1,0
ACC004466,0.585032,1,0
ACC007460,0.584828,1,0
ACC003550,0.583571,1,0
ACC002544,0.583402,1,1
ACC005566,0.582455,1,0
ACC000704,0.581784,1,0
ACC001005,0.581496,1,0
ACC009514,0.580518,1,0
ACC004531,0.579795,1,0
ACC003532,0.57955,1,0
ACC008879,0.578663,1,0
ACC000370,0.578596,1,0
ACC003533,0.578519,1,0
ACC003876,0.577619,1,0
ACC003695,0.576707,1,0
ACC001428,0.576056,1,0
ACC007289,0.575934,1,0
ACC005608,0.575772,1,0
ACC008317,0.575658,1,0
ACC000856,0.57522,1,0
ACC008900,0.575201,1,0
ACC008681,0.575116,1,0
ACC006603,0.575008,1,0
ACC000391,0.574514,1,0
ACC009072,0.574425,1,1
ACC002836,0.574063,1,0
ACC004026,0.573774,1,1
ACC006242,0.573667,1,0
ACC001966,0.573503,1,1
ACC005333,0.573428,1,0
ACC003089,0.573256,1,0
ACC008229,0.573164,1,0
ACC006666,0.573117,1,0
ACC002401,0.572956,1,1
ACC005077,0.572845,1,0
ACC002140,0.572677,1,0
ACC000791,0.57267,1,0
ACC001009,0.572604,1,0
ACC002571,0.572498,1,1
ACC009317,0.571005,1,1
ACC009839,0.569152,1,0
ACC005199,0.568726,1,0
ACC003156,0.567553,1,0
ACC002904,0.56754,1,0
ACC003569,0.567431,1,0
ACC007664,0.566483,1,0
ACC004742,0.566402,1,0
ACC004037,0.56616,1,0
ACC006577,0.565688,1,0
ACC000249,0.564566,1,0
ACC000145,0.564484,1,0
ACC001033,0.564399,1,1
ACC000903,0.564083,1,0
ACC004146,0.563794,1,0
ACC005548,0.563357,1,0
ACC008527,0.562296,1,0
ACC006148,0.561328,1,0
ACC004648,0.560996,1,0
ACC001676,0.560995,1,0
ACC009244,0.560605,1,0
ACC002948,0.55981,1,1
ACC001355,0.558984,1,0
ACC006555,0.558123,1,0
ACC002509,0.558077,1,0
ACC001855,0.557588,1,1
ACC009611,0.557584,1,0
ACC004544,0.55678,1,0
ACC008085,0.556384,1,0
ACC002438,0.556302,1,0
ACC008028,0.555994,1,0
ACC007238,0.554768,1,0
ACC003514,0.554551,1,0
ACC007432,0.553946,1,0
ACC002998,0.553705,1,0
ACC006551,0.553645,1,0
ACC004289,0.553641,1,1
ACC003030,0.553313,1,0
ACC002007,0.553048,1,0
ACC000286,0.552836,1,0
ACC008462,0.552186,1,0
ACC007783,0.552141,1,1
ACC006631,0.551802,1,0
ACC009919,0.550941,1,0
ACC002531,0.550872,1,0
ACC007028,0.550761,1,0
ACC006699,0.550711,1,0
ACC007938,0.550671,1,0
ACC000075,0.550254,1,0
ACC007536,0.549744,1,1
ACC007004,0.548587,1,0
ACC009505,0.547714,1,0
ACC002550,0.547341,1,0
ACC004816,0.54659,1,0
ACC008579,0.54621,1,1
ACC004872,0.546128,1,0
ACC006937,0.545959,1,1
ACC009774,0.545519,1,1
ACC007306,0.545356,1,1
ACC005274,0.545318,1,1
ACC009958,0.545034,1,0
ACC006663,0.544029,1,0
ACC004043,0.543915,1,1
ACC005019,0.543858,1,0
ACC008285,0.542277,1,0
ACC003984,0.542157,1,1
ACC001759,0.541467,1,0
ACC003289,0.540767,1,0
ACC005966,0.540564,1,0
ACC000612,0.540059,1,0
ACC001472,0.539816,1,0
ACC002872,0.539543,1,0
ACC003969,0.539333,1,0
ACC002118,0.539275,1,0
ACC007747,0.536428,1,0
ACC002306,0.535792,1,0
ACC001618,0.535556,1,0
ACC009421,0.534977,1,0
ACC001827,0.534899,1,0
ACC006055,0.534598,1,0
ACC008270,0.534477,1,0
ACC001820,0.534053,1,0
ACC003527,0.534038,1,0
ACC004528,0.533734,1,0
ACC000681,0.532384,1,0
ACC005192,0.532269,1,0
ACC008863,0.531989,1,0
ACC009315,0.53177,1,0
ACC003264,0.531767,1,0
ACC006064,0.531673,1,0
ACC008653,0.531439,1,0
ACC008736,0.531272,1,0
ACC002751,0.53119,1,1
ACC007047,0.531028,1,0
ACC001767,0.530892,1,0
ACC003315,0.530847,1,0
ACC006200,0.530218,1,0
ACC003319,0.529808,1,0
ACC001197,0.529568,1,0
ACC004122,0.529483,1,0
ACC000076,0.529127,1,0
ACC001295,0.528962,1,0
ACC004703,0.528731,1,0
ACC009751,0.528409,1,0
ACC002572,0.528335,1,0
ACC001293,0.528024,1,0
ACC002251,0.527648,1,0
ACC003154,0.527366,1,0
ACC007863,0.527227,1,0
ACC008843,0.527047,1,0
ACC005506,0.527009,1,0
ACC006514,0.526997,1,1
ACC002920,0.526845,1,1
ACC009582,0.526238,1,0
ACC005679,0.525808,1,1
ACC003446,0.525773,1,1
ACC002439,0.525685,1,0
ACC001020,0.525359,1,0
ACC005394,0.525354,1,0
ACC008198,0.524124,1,0
ACC004337,0.523952,1,0
ACC001316,0.523536,1,0
ACC005847,0.523526,1,0
ACC005385,0.52229,1,0
ACC008204,0.522203,1,0
ACC006870,0.521977,1,1
ACC004569,0.521135,1,0
ACC005208,0.520176,1,0
ACC007508,0.51997,1,0
ACC006521,0.519932,1,0
ACC000984,0.51972,1,0
ACC005072,0.519275,1,0
ACC005914,0.519148,1,0
ACC001766,0.518982,1,0
ACC000035,0.518689,1,0
ACC005641,0.518178,1,0
ACC005750,0.517612,1,1
ACC002060,0.515879,1,0
ACC004478,0.514984,1,1
ACC004559,0.514592,1,1
ACC002372,0.513735,1,0
ACC008362,0.513143,1,0
ACC001509,0.512451,1,1
ACC007419,0.51208,1,0
ACC000392,0.510914,1,0
ACC000809,0.509825,1,0
ACC007724,0.508739,1,0
ACC004685,0.508582,1,0
ACC001878,0.508536,1,1
ACC000938,0.508507,1,0
ACC008793,0.507501,1,0
ACC004110,0.507406,1,0
ACC007127,0.507345,1,0
ACC009847,0.507127,1,0
ACC007031,0.506975,1,0
ACC009299,0.506949,1,0
ACC000733,0.506616,1,0
ACC002223,0.506502,1,0
ACC005135,0.50629,1,0
ACC002980,0.505981,1,0
ACC004029,0.505479,1,1
ACC005789,0.505366,1,0
ACC007608,0.505128,1,0
ACC003932,0.50505,1,0
ACC001417,0.504743,1,0
ACC007711,0.504455,1,0
ACC004518,0.504182,1,0
ACC000732,0.503731,1,0
ACC002730,0.503644,1,0
ACC001679,0.502881,1,0
ACC004484,0.502591,1,0
ACC004244,0.501568,1,0
ACC003826,0.501213,1,1
ACC008005,0.50073,1,0
ACC009596,0.500654,1,0
ACC004444,0.500377,1,0
ACC008795,0.500274,1,0
ACC006117,0.499824,1,0
ACC001746,0.499448,1,0
ACC004379,0.499143,1,0
ACC003778,0.498978,1,0
ACC007303,0.498646,1,0
ACC004213,0.497871,1,0
ACC006885,0.496946,1,0
ACC004855,0.496628,1,0
ACC004497,0.496286,1,0
ACC008449,0.495155,1,0
ACC008664,0.495039,1,0
ACC007722,0.493992,1,0
ACC008183,0.493356,1,0
ACC003730,0.493354,1,0
ACC005906,0.492869,1,0
ACC000350,0.492759,1,0
ACC007990,0.492406,1,0
ACC005916,0.492141,1,0
ACC004470,0.491912,1,0
ACC005644,0.491429,1,1
ACC007662,0.491027,1,0
ACC004279,0.490902,1,0
ACC009577,0.490866,1,0
ACC003478,0.489885,1,0
ACC008551,0.489569,1,0
ACC004986,0.489546,1,0
ACC003768,0.489538,1,1
ACC001052,0.489085,1,0
ACC002075,0.489071,1,0
ACC004649,0.489051,1,0
ACC000187,0.488637,1,0
ACC000708,0.488512,1,0
ACC006305,0.48836,1,0
ACC007702,0.487567,1,0
ACC002917,0.487302,1,1
ACC008408,0.487128,1,0
ACC009095,0.48688,1,0
ACC009025,0.485912,1,0
ACC008640,0.485498,1,0
ACC001825,0.484946,1,0
ACC009848,0.484689,1,1
ACC009419,0.484597,1,0
ACC008246,0.483993,1,0
ACC001563,0.481997,1,0
ACC008448,0.481906,1,0
ACC009618,0.48154,1,0
ACC008603,0.48149,1,0
ACC002172,0.481343,1,0
ACC000912,0.480993,1,0
ACC002843,0.4807,1,1
ACC003372,0.480692,1,0
ACC001089,0.48038,1,0
ACC009111,0.48029,1,0
ACC008179,0.480277,1,0
ACC004748,0.480134,1,0
ACC005555,0.480067,1,0
ACC005101,0.480065,1,1
ACC003430,0.479817,1,0
ACC001645,0.479543,1,0
ACC005714,0.479351,1,0
ACC005533,0.477736,1,0
ACC008027,0.477552,1,0
ACC007780,0.477236,1,0
ACC007704,0.477206,1,0
ACC005345,0.477117,1,0
ACC000775,0.47698,1,0
ACC006487,0.47697,1,0
ACC006799,0.476413,1,0
ACC009138,0.475943,1,0
ACC003206,0.475835,1,0
ACC004827,0.475704,1,0
ACC001893,0.475087,1,1
ACC008705,0.474977,1,0
ACC009540,0.474951,1,0
ACC008114,0.474947,1,0
ACC007217,0.474865,1,0
ACC008143,0.474452,1,0
ACC000341,0.474439,1,1
ACC000604,0.474426,1,0
ACC004301,0.474414,1,0
ACC003705,0.474027,1,1
ACC000927,0.473646,1,0
ACC004169,0.473313,1,0
ACC007510,0.473131,1,0
ACC007930,0.47303,1,0
ACC004384,0.471345,1,1
ACC008808,0.4712,1,0
ACC009172,0.470994,1,0
ACC001932,0.470562,1,0
ACC004963,0.470408,1,1
ACC000106,0.470333,1,0
ACC000761,0.469791,1,0
ACC001950,0.469642,1,0
ACC003294,0.469632,1,0
ACC005593,0.469631,1,0
ACC002228,0.468819,1,0
ACC000340,0.468719,1,0
ACC004977,0.468532,1,0
ACC003293,0.468253,1,0
ACC007225,0.468227,1,0
ACC006320,0.468067,1,1
ACC009980,0.468015,1,0
ACC007436,0.467458,1,0
ACC000013,0.467455,1,0
ACC006609,0.46742,1,0
ACC009626,0.467348,1,0
ACC006366,0.467221,1,0
ACC008522,0.467103,1,0
ACC002114,0.467015,1,0
ACC007857,0.466621,1,0
ACC008804,0.466595,1,0
ACC000958,0.466569,1,1
ACC003916,0.465929,1,0
ACC006390,0.465679,1,0
ACC007940,0.465514,1,0
ACC009964,0.465292,1,0
ACC001574,0.465262,1,0
ACC008782,0.464947,1,0
ACC008132,0.464856,1,1
ACC001829,0.464837,1,0
ACC005147,0.464202,1,0
ACC008131,0.463737,1,0
ACC003160,0.463347,1,0
ACC006377,0.463311,1,0
ACC008084,0.463238,1,1
ACC008761,0.462433,1,0
ACC008303,0.462397,1,0
ACC005376,0.4623,1,0
ACC002494,0.461708,1,0
ACC003085,0.460755,1,0
ACC004676,0.460307,1,0
ACC008146,0.459684,1,0
ACC000689,0.459194,1,0
ACC007473,0.459002,1,0
ACC008553,0.458301,1,1
ACC009566,0.458197,1,0
ACC000813,0.458169,1,0
ACC000717,0.457321,1,0
ACC004557,0.457155,1,0
ACC002912,0.456557,1,0
ACC006773,0.455687,1,1
ACC005349,0.45539,1,0
ACC005739,0.454837,1,1
ACC009087,0.454587,1,0
ACC003397,0.454491,1,0
ACC006110,0.454328,1,0
ACC001933,0.453726,1,0
ACC004656,0.453709,1,0
ACC005941,0.453177,1,0
ACC004653,0.452336,1,0
ACC002032,0.452147,1,0
ACC001874,0.451784,1,0
ACC000355,0.450637,1,0
ACC004464,0.450299,1,0
ACC009339,0.449503,1,0
ACC003155,0.449139,1,0
ACC000527,0.448913,1,0
ACC002016,0.448878,1,0
ACC000814,0.448658,1,0
ACC005299,0.448452,1,0
ACC001934,0.44817,1,0
ACC004046,0.448048,1,0
ACC007874,0.447927,1,0
ACC007788,0.447661,1,0
ACC003020,0.447436,1,0
ACC001007,0.447235,1,0
ACC005374,0.446204,1,0
ACC000828,0.446128,1,0
ACC001550,0.445875,1,0
ACC000764,0.445692,1,0
ACC005898,0.445625,1,0
ACC005067,0.445582,1,0
ACC009508,0.445115,1,0
ACC008520,0.444683,1,0
ACC001828,0.444527,1,0
ACC002350,0.443321,1,0
ACC005356,0.442913,1,0
ACC001815,0.442876,1,0
ACC003424,0.442639,1,0
ACC003130,0.442106,1,0
ACC005867,0.441888,1,0
ACC006786,0.441877,1,0
ACC001194,0.4417,1,0
ACC005234,0.440588,1,0
ACC004710,0.440575,1,0
ACC004426,0.440397,1,0
ACC003288,0.439829,1,0
ACC008718,0.439283,1,1
ACC004897,0.439221,1,0
ACC001660,0.438974,1,0
ACC007942,0.438924,1,0
ACC000766,0.438652,1,0
ACC008043,0.438513,1,0
ACC004474,0.436501,1,0
ACC000646,0.436478,1,0
ACC009460,0.435353,1,0
ACC007645,0.435305,1,0
ACC001363,0.43507,1,0
ACC008472,0.435,1,0
ACC005047,0.434812,1,0
ACC008369,0.43461,1,0
ACC008383,0.43428,1,0
ACC004181,0.433899,1,0
ACC002542,0.433566,1,0
ACC006691,0.4334,1,0
ACC004408,0.433339,1,1
ACC007925,0.433124,1,0
ACC000911,0.433022,1,0
ACC008078,0.432552,1,0
ACC001019,0.43095,1,0
ACC004599,0.43082,1,0
ACC005839,0.430432,1,0
ACC003354,0.430114,1,0
ACC000599,0.429866,1,0
ACC007920,0.429516,1,0
ACC002380,0.429433,1,0
ACC009407,0.428661,1,0
ACC007207,0.428307,1,0
ACC001758,0.428205,1,0
ACC009205,0.426951,1,0
ACC009693,0.42686,1,0
ACC009735,0.42667,1,0
ACC003881,0.426375,1,0
ACC007454,0.426351,1,0
ACC005468,0.425848,1,0
ACC008558,0.425178,1,0
ACC004962,0.42509,1,0
ACC008633,0.42479,1,0
ACC001545,0.424537,1,0
ACC008729,0.424478,1,0
ACC003164,0.424108,1,0
ACC005081,0.423944,1,0
ACC001723,0.423294,1,0
ACC001847,0.423062,1,0
ACC009827,0.422931,1,0
ACC000407,0.422637,1,0
ACC005399,0.422024,1,0
ACC007114,0.421105,1,0
ACC002926,0.421049,1,0
ACC004081,0.420625,1,0
ACC004868,0.420586,1,0
ACC001302,0.420074,1,0
ACC004613,0.420048,1,0
ACC006645,0.419842,1,0
ACC002603,0.419457,1,0
ACC006399,0.419309,1,0
ACC004770,0.418692,1,0
ACC004079,0.418468,1,0
ACC003237,0.418283,1,0
ACC001216,0.417754,1,0
ACC007983,0.417295,1,0
ACC003444,0.417023,1,0
ACC003745,0.416793,1,0
ACC001627,0.416647,1,0
ACC001114,0.416373,1,0
ACC006806,0.416071,1,0
ACC001879,0.415955,1,0
ACC001707,0.415229,1,0
ACC007644,0.41481,1,0
ACC003368,0.414151,1,0
ACC005571,0.414028,1,0
ACC003947,0.413912,1,0
ACC006932,0.413572,1,0
ACC003546,0.413551,1,0
ACC004118,0.413309,1,0
ACC006741,0.412855,1,0
ACC003124,0.41242,1,1
ACC007882,0.411806,1,0
ACC001570,0.411804,1,1
ACC001429,0.411751,1,0
ACC001469,0.411732,1,0
ACC001687,0.411437,1,0
ACC000671,0.411421,1,0
ACC003939,0.411245,1,0
ACC001589,0.410598,1,0
ACC000000,0.410562,1,0
ACC009442,0.410411,1,0
ACC002968,0.410132,1,0
ACC007124,0.409956,1,0
ACC003833,0.409514,1,0
ACC003978,0.409451,1,0
ACC009364,0.408957,1,0
ACC006739,0.408884,1,0
ACC006892,0.408863,1,0
ACC007822,0.408819,1,0
ACC006664,0.408586,1,0
ACC002385,0.408463,1,0
ACC002971,0.408035,1,0
ACC000071,0.407688,1,0
ACC006927,0.407653,1,0
ACC008981,0.407235,1,0
ACC004371,0.407218,1,0
ACC002173,0.407053,1,0
ACC007332,0.406949,1,0
ACC008014,0.406828,1,0
ACC002084,0.405791,1,0
ACC000447,0.405631,1,0
ACC009141,0.405245,1,0
ACC005454,0.404211,1,0
ACC009275,0.403914,1,0
ACC004177,0.403739,1,0
ACC001895,0.403703,1,0
ACC005120,0.403053,1,0
ACC005574,0.402967,1,0
ACC005915,0.402886,1,0
ACC000138,0.402275,1,0
ACC002116,0.402157,1,0
ACC002435,0.402055,1,0
ACC001011,0.401574,1,0
ACC007316,0.40137,1,0
ACC007907,0.40101,1,0
ACC001370,0.400888,1,0
ACC007340,0.400755,1,0
ACC000495,0.40033,1,0
ACC007763,0.399655,1,0
ACC007858,0.3996,1,0
ACC004157,0.399112,1,1
ACC005655,0.399018,1,0
ACC005092,0.398822,1,1
ACC005943,0.398723,1,0
ACC000492,0.398467,1,0
ACC001516,0.398191,1,0
ACC002729,0.397609,1,0
ACC006060,0.397019,1,0
ACC004920,0.396862,1,0
ACC007369,0.396719,1,0
ACC004437,0.39637,1,0
ACC009185,0.396029,1,0
ACC003868,0.396027,1,0
ACC008742,0.395999,1,0
ACC008764,0.395927,1,0
ACC009257,0.395785,1,0
ACC001866,0.395228,1,0
ACC001578,0.394916,1,0
ACC005951,0.393992,1,0
ACC007001,0.393735,1,0
ACC007371,0.392905,1,0
ACC004085,0.39266,1,0
ACC000944,0.392659,1,0
ACC009211,0.392363,1,0
ACC007758,0.392286,1,0
ACC001769,0.391924,1,0
ACC004322,0.391887,1,0
ACC003599,0.391557,1,0
ACC007497,0.391432,1,0
ACC001399,0.391314,1,0
ACC008943,0.391286,1,0
ACC009403,0.390969,1,0
ACC009665,0.390833,1,0
ACC008746,0.389868,1,0
ACC004880,0.389854,1,0
ACC001798,0.389432,1,0
ACC002146,0.389154,1,0
ACC001637,0.389137,1,0
ACC002346,0.388953,1,0
ACC003078,0.38805,1,0
ACC005791,0.387875,1,1
ACC001508,0.387808,1,1
ACC005371,0.387301,1,0
ACC000574,0.387217,1,0
ACC001867,0.387074,1,0
ACC009214,0.387043,1,1
ACC006661,0.386863,1,0
ACC005142,0.386419,1,0
ACC008707,0.385931,1,0
ACC004232,0.385639,1,0
ACC006950,0.385605,1,0
ACC000073,0.384997,1,0
ACC000505,0.38475,1,0
ACC002906,0.384738,1,1
ACC006437,0.384077,1,0
ACC002000,0.384055,1,0
ACC004365,0.383932,1,0
ACC002651,0.383292,1,0
ACC000693,0.383098,1,0
ACC004004,0.383042,1,0
ACC009391,0.382824,1,0
ACC000540,0.382779,1,0
ACC004551,0.38277,1,0
ACC000182,0.382665,1,0
ACC001386,0.382362,1,0
ACC004077,0.381936,1,0
ACC003032,0.381922,1,0
ACC004123,0.38178,1,0
ACC004171,0.381164,1,0
ACC004658,0.380605,1,0
ACC006781,0.380464,1,0
ACC001153,0.380371,1,0
ACC006090,0.379906,1,0
ACC002127,0.37987,1,0
ACC001678,0.379415,1,0
ACC003895,0.379401,1,0
ACC000867,0.379223,1,0
ACC009328,0.379172,1,0
ACC004468,0.379134,1,0
ACC005902,0.378812,1,0
ACC005318,0.378746,1,0
ACC008481,0.378212,1,0
ACC002260,0.378024,1,0
ACC002451,0.377771,1,0
ACC009097,0.377707,1,0
ACC004998,0.377615,1,0
ACC008127,0.377515,1,0
ACC001971,0.377024,1,0
ACC009909,0.376654,1,0
ACC004514,0.376635,1,0
ACC006481,0.375829,1,0
ACC002083,0.375769,1,0
ACC009269,0.375324,1,0
ACC009738,0.375093,1,1
ACC002332,0.374895,0,0
ACC007405,0.374888,0,0
ACC008249,0.374641,0,0
ACC008220,0.374338,0,0
ACC005124,0.373861,0,0
ACC007360,0.373846,0,0
ACC009889,0.37373,0,0
ACC008156,0.37372,0,0
ACC008293,0.373639,0,1
ACC001989,0.373498,0,0
ACC002656,0.37257,0,0
ACC000107,0.372314,0,0
ACC009300,0.371902,0,0
ACC007638,0.371018,0,0
ACC005788,0.370722,0,0
ACC000694,0.370533,0,0
ACC000110,0.370387,0,0
ACC005542,0.370363,0,0
ACC007775,0.370301,0,0
ACC003708,0.369942,0,0
ACC001229,0.369344,0,0
ACC001481,0.369117,0,0
ACC004574,0.369044,0,0
ACC002243,0.368944,0,0
ACC008519,0.368928,0,0
ACC007348,0.368502,0,0
ACC002570,0.367404,0,0
ACC007614,0.367252,0,0
ACC008063,0.367243,0,0
ACC000401,0.36721,0,0
ACC002459,0.3671,0,0
ACC009932,0.366417,0,0
ACC006217,0.366353,0,0
ACC007897,0.36621,0,0
ACC003696,0.366118,0,0
ACC008124,0.365849,0,1
ACC006897,0.365695,0,0
ACC002956,0.365629,0,0
ACC006029,0.365353,0,0
ACC003900,0.365293,0,0
ACC002171,0.365266,0,0
ACC003874,0.365106,0,0
ACC002081,0.365062,0,0
ACC008058,0.364759,0,0
ACC000590,0.36464,0,0
ACC004877,0.364232,0,0
ACC009345,0.363787,0,0
ACC005625,0.363383,0,0
ACC009712,0.363319,0,0
ACC008230,0.362687,0,0
ACC004087,0.362635,0,0
ACC003662,0.362492,0,0
ACC006986,0.362326,0,0
ACC009878,0.362209,0,0
ACC001412,0.36211,0,0
ACC005544,0.361965,0,0
ACC002275,0.361733,0,0
ACC004138,0.361606,0,0
ACC007305,0.36153,0,0
ACC007352,0.360975,0,1
ACC005662,0.360402,0,0
ACC000549,0.360222,0,0
ACC006815,0.360111,0,0
ACC005669,0.359917,0,0
ACC003215,0.35986,0,0
ACC000744,0.359275,0,0
ACC000144,0.359084,0,0
ACC004776,0.359021,0,0
ACC009855,0.358623,0,0
ACC001151,0.358499,0,1
ACC008789,0.357813,0,0
ACC003612,0.357658,0,0
ACC007558,0.35765,0,0
ACC003872,0.357629,0,0
ACC004407,0.3576,0,0
ACC007562,0.357312,0,1
ACC009106,0.356864,0,0
ACC000655,0.35671,0,0
ACC001980,0.356085,0,0
ACC008714,0.355954,0,0
ACC005858,0.355895,0,0
ACC006873,0.355815,0,0
ACC005866,0.355725,0,0
ACC004420,0.355552,0,0
ACC003738,0.354724,0,0
ACC007277,0.354421,0,0
ACC000803,0.354402,0,0
ACC001418,0.353971,0,0
ACC004239,0.353958,0,0
ACC000645,0.353851,0,0
ACC000478,0.353695,0,0
ACC002785,0.353372,0,0
ACC004009,0.353262,0,0
ACC003326,0.353126,0,0
ACC003904,0.352775,0,0
ACC002213,0.35263,0,0
ACC007447,0.352246,0,0
ACC005746,0.352005,0,0
ACC003824,0.35093,0,0
ACC006359,0.350662,0,0
ACC005496,0.3498,0,0
ACC004567,0.349782,0,0
ACC007674,0.349669,0,0
ACC007815,0.349417,0,0
ACC004214,0.349336,0,0
ACC004824,0.348972,0,0
ACC007883,0.348442,0,0
ACC005140,0.348157,0,0
ACC003615,0.347417,0,0
ACC004669,0.34723,0,0
ACC002901,0.347116,0,0
ACC004273,0.347077,0,0
ACC007979,0.346746,0,0
ACC001406,0.346742,0,0
ACC006284,0.346531,0,0
ACC000025,0.346517,0,0
ACC009154,0.346259,0,0
ACC004296,0.346133,0,0
ACC006170,0.345803,0,0
ACC003283,0.345802,0,0
ACC001495,0.345521,0,0
ACC009071,0.345449,0,0
ACC000120,0.345289,0,0
ACC000601,0.345214,0,0
ACC007515,0.345043,0,1
ACC006798,0.344695,0,0
ACC008133,0.344069,0,0
ACC000163,0.3433,0,0
ACC008111,0.343198,0,1
ACC006510,0.343055,0,0
ACC008947,0.343036,0,0
ACC008184,0.342937,0,0
ACC005438,0.342912,0,0
ACC002947,0.342681,0,0
ACC002238,0.342152,0,0
ACC005216,0.342133,0,0
ACC003476,0.342133,0,0
ACC001803,0.34169,0,0
ACC009449,0.340505,0,0
ACC009805,0.340476,0,0
ACC003420,0.340469,0,0
ACC009108,0.340246,0,0
ACC009401,0.340084,0,0
ACC008639,0.340074,0,0
ACC007516,0.33968,0,0
ACC007654,0.339563,0,0
ACC004469,0.33935,0,0
ACC005305,0.339313,0,0
ACC000454,0.339218,0,0
ACC002942,0.339213,0,0
ACC001291,0.339182,0,0
ACC009859,0.339014,0,0
ACC005541,0.338731,0,0
ACC002236,0.338714,0,0
ACC002095,0.338527,0,0
ACC004790,0.338443,0,0
ACC009147,0.337962,0,0
ACC003370,0.337944,0,0
ACC004160,0.337942,0,0
ACC006995,0.337884,0,0
ACC006768,0.337448,0,0
ACC003000,0.3374,0,0
ACC009966,0.337238,0,0
ACC000765,0.337018,0,0
ACC009645,0.336761,0,0
ACC006869,0.336571,0,0
ACC002698,0.336213,0,1
ACC008134,0.335837,0,0
ACC005462,0.335543,0,0
ACC007210,0.33519,0,0
ACC004204,0.335132,0,0
ACC008015,0.334815,0,0
ACC009337,0.334568,0,0
ACC003924,0.333911,0,0
ACC005913,0.333613,0,0
ACC005097,0.333569,0,0
ACC005504,0.333521,0,0
ACC001853,0.33278,0,0
ACC002369,0.332524,0,0
ACC008106,0.332313,0,0
ACC004650,0.332231,0,0
ACC002159,0.332154,0,0
ACC002525,0.332098,0,0
ACC004846,0.331885,0,0
ACC000728,0.331731,0,0
ACC000621,0.331573,0,0
ACC008753,0.33154,0,0
ACC001840,0.331238,0,0
ACC002595,0.33088,0,0
ACC004500,0.330703,0,0
ACC006227,0.33067,0,0
ACC007455,0.330179,0,0
ACC005264,0.330062,0,0
ACC002498,0.330007,0,0
ACC003823,0.329857,0,0
ACC004035,0.329518,0,0
ACC001141,0.329416,0,0
ACC001857,0.329266,0,1
ACC003890,0.328597,0,0
ACC006901,0.328431,0,0
ACC007067,0.328263,0,0
ACC000095,0.328127,0,1
ACC000520,0.327945,0,0
ACC007357,0.327741,0,0
ACC006619,0.327619,0,0
ACC009874,0.327519,0,0
ACC002100,0.32742,0,0
ACC006736,0.327325,0,0
ACC005326,0.327314,0,0
ACC004020,0.326752,0,0
ACC006182,0.326613,0,0
ACC008853,0.326406,0,0
ACC000248,0.326208,0,0
ACC005581,0.326142,0,0
ACC006687,0.326098,0,0
ACC009792,0.325779,0,0
ACC002434,0.325448,0,0
ACC008125,0.325166,0,0
ACC002797,0.324976,0,0
ACC001473,0.32496,0,0
ACC002547,0.324674,0,0
ACC000214,0.324599,0,0
ACC000524,0.324085,0,0
ACC006214,0.323956,0,0
ACC004795,0.323896,0,0
ACC009556,0.323846,0,0
ACC009920,0.32368,0,0
ACC001027,0.323619,0,0
ACC008979,0.32354,0,0
ACC008835,0.323538,0,0
ACC008344,0.323398,0,1
ACC007429,0.32306,0,0
ACC007404,0.322792,0,0
ACC003406,0.322792,0,0
ACC001109,0.322665,0,0
ACC000563,0.322516,0,0
ACC009349,0.322513,0,0
ACC009001,0.322395,0,0
ACC003134,0.321661,0,0
ACC008811,0.32166,0,0
ACC007121,0.321541,0,0
ACC004609,0.321507,0,0
ACC009380,0.321491,0,1
ACC005441,0.321361,0,0
ACC006851,0.321182,0,0
ACC005873,0.321169,0,0
ACC006980,0.321102,0,0
ACC003034,0.320785,0,0
ACC002322,0.320683,0,0
ACC005691,0.31987,0,0
ACC008453,0.319509,0,0
ACC008391,0.319134,0,0
ACC003845,0.318958,0,0
ACC003218,0.318892,0,0
ACC007329,0.318714,0,0
ACC008174,0.31856,0,0
ACC000118,0.318255,0,0
ACC008859,0.317951,0,0
ACC002330,0.317928,0,0
ACC001584,0.317675,0,0
ACC005990,0.317589,0,0
ACC004949,0.317479,0,0
ACC000893,0.317444,0,0
ACC009810,0.317132,0,0
ACC006466,0.317121,0,0
ACC001012,0.316945,0,0
ACC009484,0.316938,0,0
ACC008693,0.315629,0,0
ACC002406,0.315173,0,0
ACC006215,0.314983,0,0
ACC001586,0.314748,0,0
ACC003255,0.314566,0,0
ACC009694,0.314557,0,0
ACC004240,0.314379,0,0
ACC008708,0.314049,0,0
ACC009639,0.314006,0,0
ACC009005,0.313948,0,0
ACC000125,0.313876,0,0
ACC003096,0.313831,0,0
ACC006615,0.313776,0,0
ACC006975,0.313755,0,0
ACC009326,0.31342,0,0
ACC001280,0.313203,0,0
ACC001266,0.313017,0,0
ACC004209,0.312495,0,0
ACC002487,0.312241,0,0
ACC002645,0.312147,0,0
ACC008578,0.311813,0,0
ACC005195,0.311768,0,0
ACC009043,0.311645,0,0
ACC002708,0.311596,0,0
ACC008032,0.311397,0,0
ACC000007,0.311387,0,0
ACC004615,0.311139,0,0
ACC008491,0.310808,0,0
ACC006983,0.310334,0,0
ACC002475,0.310217,0,0
ACC007288,0.310125,0,0
ACC006680,0.309992,0,0
ACC000200,0.309849,0,0
ACC006732,0.309781,0,0
ACC008313,0.309184,0,0
ACC007869,0.30901,0,0
ACC003788,0.309008,0,0
ACC008915,0.308575,0,0
ACC008936,0.30853,0,0
ACC002440,0.308118,0,0
ACC003448,0.308098,0,0
ACC008279,0.308093,0,0
ACC002013,0.307946,0,0
ACC004878,0.307353,0,0
ACC006724,0.307247,0,0
ACC000307,0.307054,0,0
ACC003233,0.306598,0,0
ACC003063,0.306213,0,0
ACC005734,0.306092,0,0
ACC005259,0.306037,0,0
ACC009306,0.305987,0,0
ACC001230,0.305845,0,0
ACC001161,0.305821,0,0
ACC008154,0.305476,0,0
ACC004140,0.305431,0,0
ACC008772,0.305373,0,0
ACC002449,0.305049,0,0
ACC008949,0.304703,0,1
ACC005474,0.304691,0,0
ACC008355,0.304427,0,0
ACC008312,0.304291,0,0
ACC003194,0.304039,0,0
ACC001781,0.303975,0,0
ACC001520,0.303351,0,0
ACC004030,0.303247,0,0
ACC009578,0.302755,0,0
ACC007464,0.302633,0,0
ACC004071,0.302436,0,0
ACC006308,0.302123,0,0
ACC008036,0.302051,0,0
ACC007123,0.301581,0,0
ACC005461,0.301195,0,0
ACC001168,0.301177,0,0
ACC002284,0.300126,0,0
ACC003998,0.300045,0,0
ACC005786,0.299592,0,0
ACC000558,0.29948,0,0
ACC006246,0.299398,0,0
ACC000320,0.298745,0,0
ACC001616,0.298552,0,0
ACC003879,0.298496,0,0
ACC006306,0.298022,0,0
ACC001780,0.297956,0,0
ACC007397,0.297948,0,0
ACC000885,0.297442,0,0
ACC006391,0.297284,0,0
ACC001784,0.297232,0,0
ACC006588,0.297165,0,0
ACC006138,0.297089,0,0
ACC003718,0.297027,0,0
ACC007106,0.296807,0,0
ACC007519,0.29679,0,0
ACC000343,0.296349,0,0
ACC007800,0.296263,0,0
ACC007512,0.296227,0,0
ACC001605,0.296195,0,0
ACC000623,0.296068,0,0
ACC002460,0.295661,0,0
ACC005059,0.295014,0,0
ACC004993,0.294781,0,0
ACC001403,0.294713,0,0
ACC008973,0.294582,0,0
ACC003926,0.294549,0,0
ACC000644,0.294322,0,0
ACC003543,0.294122,0,0
ACC001626,0.294097,0,0
ACC008547,0.294046,0,0
ACC006841,0.294044,0,0
ACC008080,0.29396,0,0
ACC001015,0.293886,0,0
ACC002017,0.293546,0,0
ACC003539,0.293301,0,0
ACC003902,0.292911,0,0
ACC002182,0.292888,0,0
ACC008840,0.292777,0,0
ACC002045,0.292514,0,0
ACC002688,0.292459,0,0
ACC006193,0.292407,0,0
ACC001275,0.292186,0,0
ACC002580,0.292173,0,0
ACC002615,0.292063,0,0
ACC002484,0.291993,0,0
ACC007441,0.291911,0,0
ACC002921,0.291706,0,0
ACC000484,0.291562,0,0
ACC001288,0.291496,0,0
ACC009883,0.291481,0,0
ACC009686,0.291419,0,0
ACC005886,0.291356,0,0
ACC006124,0.291316,0,1
ACC001734,0.290949,0,0
ACC002153,0.290896,0,1
ACC008410,0.290702,0,0
ACC003342,0.290618,0,0
ACC005282,0.290497,0,0
ACC003729,0.290457,0,0
ACC008654,0.290423,0,0
ACC005666,0.290139,0,0
ACC003648,0.290061,0,0
ACC007876,0.290048,0,0
ACC006269,0.289999,0,0
ACC007402,0.289984,0,0
ACC007009,0.289756,0,0
ACC005109,0.289491,0,0
ACC001551,0.289418,0,0
ACC000382,0.289347,0,0
ACC009905,0.289087,0,0
ACC006708,0.288646,0,0
ACC006483,0.288632,0,0
ACC005096,0.288513,0,0
ACC000393,0.288406,0,0
ACC004022,0.288252,0,0
ACC005688,0.288233,0,0
ACC007964,0.288176,0,0
ACC007595,0.288146,0,0
ACC001310,0.28814,0,0
ACC001666,0.288102,0,0
ACC008460,0.288047,0,0
ACC006533,0.287964,0,0
ACC003994,0.28771,0,0
ACC000322,0.28767,0,0
ACC008906,0.287407,0,0
ACC002794,0.287282,0,0
ACC000724,0.28727,0,0
ACC001055,0.28722,0,0
ACC006831,0.287056,0,0
ACC006711,0.286786,0,0
ACC004882,0.286782,0,0
ACC009659,0.286642,0,0
ACC007641,0.286306,0,0
ACC008148,0.286218,0,0
ACC002319,0.285605,0,0
ACC007002,0.285486,0,0
ACC009408,0.284706,0,0
ACC000514,0.284542,0,0
ACC004576,0.28447,0,0
ACC009189,0.28442,0,0
ACC001951,0.28442,0,0
ACC006304,0.284412,0,0
ACC005297,0.284128,0,0
ACC004080,0.284015,0,0
ACC009457,0.283738,0,0
ACC004935,0.28373,0,0
ACC007198,0.283658,0,0
ACC009944,0.283506,0,0
ACC001635,0.283437,0,0
ACC003457,0.283373,0,0
ACC009696,0.283367,0,0
ACC000276,0.28332,0,0
ACC005446,0.283242,0,0
ACC000798,0.283219,0,0
ACC008934,0.283178,0,0
ACC004374,0.282751,0,0
ACC003594,0.282646,0,0
ACC008046,0.282534,0,0
ACC002405,0.282462,0,0
ACC004159,0.282419,0,0
ACC005584,0.282212,0,1
ACC006888,0.282188,0,0
ACC008240,0.282115,0,0
ACC009051,0.281995,0,0
ACC001876,0.281728,0,0
ACC001648,0.28165,0,0
ACC003598,0.281387,0,0
ACC007950,0.281317,0,0
ACC004888,0.280699,0,0
ACC007267,0.280502,0,0
ACC002443,0.280203,0,0
ACC005368,0.280081,0,0
ACC004624,0.280056,0,0
ACC000953,0.280028,0,0
ACC007284,0.279916,0,0
ACC007661,0.279864,0,0
ACC008716,0.27949,0,0
ACC002536,0.279246,0,0
ACC000240,0.278782,0,0
ACC009405,0.27833,0,0
ACC002635,0.278225,0,0
ACC009409,0.278092,0,0
ACC007307,0.277347,0,0
ACC001269,0.27723,0,0
ACC008939,0.277196,0,0
ACC006484,0.277024,0,0
ACC006489,0.276624,0,0
ACC008818,0.276242,0,0
ACC004220,0.276014,0,0
ACC002741,0.275986,0,0
ACC004231,0.275771,0,0
ACC000439,0.275745,0,0
ACC006003,0.275721,0,0
ACC006426,0.275712,0,0
ACC003323,0.275334,0,0
ACC001058,0.274905,0,0
ACC006814,0.274652,0,0
ACC005171,0.274569,0,0
ACC005131,0.274518,0,0
ACC003302,0.274366,0,0
ACC003002,0.27414,0,1
ACC009476,0.273982,0,0
ACC004793,0.273666,0,0
ACC005601,0.273486,0,0
ACC003376,0.273372,0,0
ACC001748,0.272967,0,0
ACC004173,0.272862,0,0
ACC009704,0.272784,0,0
ACC005700,0.272716,0,0
ACC008445,0.272627,0,0
ACC000087,0.272494,0,0
ACC000437,0.272261,0,0
ACC009137,0.27226,0,0
ACC008340,0.271999,0,0
ACC007159,0.27181,0,0
ACC005485,0.271438,0,0
ACC007293,0.271383,0,0
ACC009142,0.271358,0,0
ACC005292,0.271013,0,0
ACC006103,0.270876,0,0
ACC009200,0.270645,0,0
ACC006154,0.270452,0,0
ACC000755,0.269986,0,0
ACC007791,0.269917,0,0
ACC008310,0.269817,0,0
ACC003247,0.269805,0,0
ACC003095,0.269655,0,0
ACC004593,0.269602,0,0
ACC001617,0.269259,0,0
ACC008416,0.269189,0,0
ACC000404,0.26908,0,0
ACC003535,0.268668,0,0
ACC004023,0.268374,0,0
ACC003193,0.268224,0,0
ACC007628,0.268079,0,0
ACC002181,0.267876,0,0
ACC008969,0.267746,0,0
ACC002164,0.267729,0,0
ACC007561,0.267701,0,0
ACC003536,0.267406,0,0
ACC009469,0.267292,0,0
ACC000235,0.26728,0,0
ACC009104,0.267176,0,0
ACC005002,0.267046,0,0
ACC008643,0.266977,0,0
ACC009022,0.266832,0,0
ACC008272,0.266545,0,0
ACC003887,0.266492,0,0
ACC009816,0.266486,0,0
ACC005782,0.266361,0,0
ACC006617,0.266225,0,0
ACC006367,0.26613,0,0
ACC006507,0.266049,0,0
ACC007742,0.266039,0,0
ACC001036,0.265927,0,0
ACC007563,0.26559,0,0
ACC005559,0.265492,0,0
ACC003735,0.265384,0,0
ACC000015,0.265337,0,0
ACC001135,0.265232,0,0
ACC002514,0.265171,0,0
ACC000577,0.265162,0,0
ACC002421,0.265007,0,0
ACC000959,0.264515,0,0
ACC002650,0.264508,0,0
ACC009133,0.264486,0,0
ACC007208,0.264012,0,0
ACC007078,0.263981,0,0
ACC003697,0.263957,0,1
ACC003740,0.263843,0,0
ACC008609,0.263808,0,0
ACC000544,0.263724,0,0
ACC005392,0.263713,0,0
ACC002186,0.263611,0,0
ACC004861,0.263411,0,0
ACC006021,0.263407,0,0
ACC008752,0.263155,0,0
ACC004715,0.263149,0,0
ACC006248,0.263036,0,0
ACC007603,0.262973,0,0
ACC006274,0.262949,0,0
ACC006031,0.2627,0,0
ACC000302,0.262681,0,0
ACC009356,0.262539,0,0
ACC004681,0.262397,0,0
ACC002522,0.262291,0,0
ACC001299,0.262071,0,0
ACC000061,0.261907,0,0
ACC000511,0.261685,0,0
ACC007675,0.261684,0,0
ACC005945,0.261524,0,0
ACC000508,0.261498,0,0
ACC007435,0.261461,0,0
ACC005637,0.261203,0,0
ACC005321,0.261043,0,0
ACC001526,0.260973,0,0
ACC009782,0.260963,0,0
ACC000683,0.260952,0,0
ACC007616,0.26094,0,0
ACC005661,0.260851,0,0
ACC002496,0.260669,0,0
ACC005286,0.260652,0,0
ACC009459,0.260555,0,0
ACC008195,0.260548,0,0
ACC004249,0.260477,0,0
ACC009495,0.260413,0,0
ACC007390,0.260321,0,0
ACC004712,0.260273,0,0
ACC001402,0.259987,0,0
ACC005375,0.259574,0,1
ACC008477,0.25953,0,0
ACC005306,0.259407,0,0
ACC002988,0.259326,0,0
ACC000656,0.258917,0,0
ACC002705,0.25888,0,0
ACC007743,0.258744,0,0
ACC003538,0.258507,0,0
ACC004513,0.258491,0,0
ACC002546,0.258481,0,0
ACC008543,0.258361,0,0
ACC003629,0.258263,0,0
ACC005938,0.258152,0,0
ACC005000,0.258067,0,0
ACC004070,0.257706,0,0
ACC006185,0.257676,0,0
ACC007326,0.257491,0,1
ACC005355,0.257328,0,0
ACC002689,0.257121,0,0
ACC008135,0.257044,0,0
ACC004851,0.257001,0,0
ACC006574,0.256919,0,0
ACC002088,0.256908,0,0
ACC000833,0.256869,0,0
ACC003523,0.256552,0,0
ACC000852,0.256238,0,1
ACC006309,0.256144,0,0
ACC002518,0.256002,0,0
ACC007453,0.255765,0,1
ACC004804,0.255721,0,0
ACC003725,0.255683,0,1
ACC005996,0.25568,0,0
ACC006468,0.255666,0,0
ACC000209,0.255635,0,0
ACC004307,0.255337,0,0
ACC009906,0.254572,0,0
ACC002557,0.254522,0,0
ACC005317,0.254504,0,0
ACC004367,0.254343,0,1
ACC005892,0.254217,0,0
ACC007496,0.25412,0,0
ACC003859,0.25385,0,0
ACC006495,0.253758,0,0
ACC007961,0.253745,0,0
ACC003003,0.253715,0,0
ACC005315,0.253711,0,0
ACC001091,0.253685,0,0
ACC000830,0.253629,0,0
ACC004278,0.25362,0,0
ACC005694,0.253607,0,0
ACC005689,0.253579,0,0
ACC005964,0.253417,0,0
ACC000452,0.253327,0,0
ACC000405,0.25329,0,0
ACC006015,0.253005,0,0
ACC000430,0.252951,0,0
ACC004874,0.252746,0,0
ACC001910,0.252633,0,0
ACC002370,0.252426,0,0
ACC005835,0.252384,0,0
ACC000278,0.252248,0,0
ACC008792,0.252226,0,0
ACC008086,0.252218,0,0
ACC006239,0.251837,0,0
ACC002908,0.251373,0,0
ACC007099,0.251283,0,0
ACC005799,0.25126,0,0
ACC000009,0.251151,0,0
ACC004096,0.251087,0,0
ACC001083,0.251043,0,1
ACC004808,0.251036,0,0
ACC008396,0.250967,0,0
ACC001497,0.250848,0,0
ACC007389,0.250664,0,0
ACC004577,0.250585,0,0
ACC005242,0.250354,0,0
ACC004560,0.250338,0,0
ACC003764,0.25032,0,0
ACC002584,0.250215,0,0
ACC001175,0.250107,0,0
ACC007814,0.250021,0,0
ACC009096,0.249961,0,0
ACC009779,0.249808,0,0
ACC009716,0.249623,0,0
ACC002006,0.249326,0,0
ACC009092,0.249311,0,0
ACC009658,0.249143,0,0
ACC000123,0.248831,0,0
ACC000941,0.248772,0,0
ACC008123,0.248738,0,0
ACC009081,0.24861,0,0
ACC005338,0.248571,0,0
ACC006081,0.248419,0,0
ACC005086,0.248161,0,0
ACC005707,0.247694,0,0
ACC000066,0.247629,0,0
ACC003033,0.2475,0,0
ACC009746,0.247457,0,0
ACC002028,0.247398,0,0
ACC009026,0.247267,0,0
ACC004101,0.247091,0,0
ACC001646,0.247017,0,0
ACC004705,0.246977,0,0
ACC000228,0.246969,0,0
ACC002261,0.24696,0,0
ACC003528,0.246759,0,0
ACC000622,0.246555,0,0
ACC006025,0.246492,0,0
ACC006177,0.246227,0,0
ACC008810,0.245697,0,0
ACC001430,0.245653,0,0
ACC005673,0.245454,0,0
ACC009455,0.24544,0,1
ACC004597,0.245055,0,0
ACC004282,0.244894,0,0
ACC004764,0.244768,0,0
ACC006065,0.244677,0,0
ACC000967,0.244573,0,0
ACC006480,0.244535,0,0
ACC007271,0.244355,0,0
ACC002553,0.244342,0,0
ACC003746,0.244254,0,0
ACC005327,0.244219,0,0
ACC009715,0.244041,0,0
ACC001326,0.243146,0,0
ACC004191,0.243069,0,0
ACC004269,0.242824,0,0
ACC007118,0.242665,0,0
ACC000586,0.242632,0,0
ACC009886,0.242471,0,0
ACC007871,0.242167,0,0
ACC005994,0.241956,0,0
ACC007678,0.241886,0,0
ACC007083,0.241697,0,0
ACC009083,0.241533,0,0
ACC007330,0.241468,0,0
ACC009192,0.241463,0,0
ACC008844,0.241215,0,0
ACC002365,0.241091,0,0
ACC005971,0.240964,0,0
ACC007676,0.240922,0,0
ACC001187,0.24091,0,0
ACC005360,0.240703,0,0
ACC001670,0.240688,0,0
ACC001729,0.240605,0,0
ACC001002,0.240262,0,0
ACC009131,0.240149,0,0
ACC005614,0.240148,0,0
ACC004583,0.240128,0,0
ACC001959,0.239938,0,0
ACC007438,0.239827,0,0
ACC008820,0.239734,0,0
ACC002485,0.239608,0,0
ACC003231,0.239572,0,0
ACC008816,0.2394,0,0
ACC000275,0.239244,0,0
ACC002497,0.239085,0,0
ACC009668,0.239065,0,0
ACC008030,0.238919,0,0
ACC007409,0.238851,0,0
ACC008484,0.238659,0,0
ACC007566,0.238464,0,0
ACC009858,0.238415,0,0
ACC004198,0.238249,0,0
ACC000940,0.238175,0,0
ACC005828,0.238028,0,0
ACC001607,0.237759,0,0
ACC002519,0.237609,0,0
ACC005413,0.237525,0,0
ACC001016,0.237521,0,0
ACC004286,0.237421,0,0
ACC004917,0.237414,0,0
ACC007245,0.237367,0,0
ACC005705,0.237295,0,0
ACC008376,0.237096,0,0
ACC009762,0.236972,0,0
ACC002165,0.236907,0,0
ACC005239,0.236851,0,0
ACC000218,0.236789,0,0
ACC003769,0.236649,0,0
ACC003039,0.236609,0,0
ACC003270,0.236266,0,0
ACC000207,0.235956,0,0
ACC002388,0.235948,0,0
ACC006393,0.235817,0,0
ACC007811,0.235756,0,0
ACC006149,0.235734,0,0
ACC001237,0.235629,0,0
ACC007600,0.235212,0,0
ACC005954,0.234998,0,0
ACC003304,0.234576,0,0
ACC002364,0.234475,0,0
ACC007527,0.234471,0,0
ACC004234,0.234375,0,0
ACC003654,0.234293,0,0
ACC008805,0.234254,0,0
ACC002433,0.234246,0,0
ACC006204,0.234039,0,0
ACC003557,0.234032,0,0
ACC009583,0.234021,0,0
ACC001799,0.233874,0,0
ACC007854,0.233329,0,0
ACC002022,0.23321,0,0
ACC004314,0.232648,0,0
ACC008451,0.232623,0,0
ACC001119,0.232609,0,0
ACC001478,0.232591,0,0
ACC004708,0.232421,0,0
ACC001190,0.232188,0,0
ACC007485,0.232155,0,0
ACC004166,0.232083,0,0
ACC000241,0.231814,0,0
ACC000477,0.23147,0,0
ACC006128,0.231376,0,0
ACC009863,0.231346,0,0
ACC002023,0.231231,0,0
ACC008418,0.231171,0,0
ACC009593,0.231144,0,0
ACC001062,0.230579,0,0
ACC000934,0.230506,0,0
ACC008601,0.230365,0,0
ACC002724,0.230157,0,0
ACC002420,0.230108,0,0
ACC008663,0.229847,0,0
ACC002353,0.229795,0,0
ACC009957,0.229563,0,0
ACC001821,0.229552,0,0
ACC006301,0.229437,0,0
ACC001292,0.229288,0,0
ACC006828,0.229226,0,0
ACC005309,0.229117,0,0
ACC005105,0.229031,0,0
ACC006105,0.228902,0,0
ACC001669,0.228857,0,0
ACC001701,0.2287,0,0
ACC003721,0.228611,0,0
ACC005066,0.228604,0,0
ACC004540,0.228458,0,0
ACC000358,0.228405,0,0
ACC008267,0.228308,0,0
ACC007479,0.228208,0,0
ACC000969,0.228106,0,0
ACC001116,0.228098,0,0
ACC007637,0.228047,0,0
ACC003436,0.227758,0,0
ACC007908,0.227607,0,0
ACC004840,0.227463,0,0
ACC002302,0.227379,0,0
ACC008660,0.227369,0,0
ACC003780,0.227365,0,0
ACC006016,0.227226,0,0
ACC003064,0.227116,0,0
ACC005550,0.226972,0,0
ACC009393,0.22686,0,0
ACC000159,0.226829,0,0
ACC006909,0.226825,0,0
ACC004410,0.226685,0,0
ACC008822,0.226671,0,0
ACC005300,0.226652,0,0
ACC000440,0.226353,0,0
ACC003628,0.226188,0,0
ACC004263,0.226163,0,0
ACC004786,0.226036,0,0
ACC004102,0.225984,0,0
ACC008320,0.225925,0,0
ACC006207,0.225887,0,0
ACC002305,0.225687,0,0
ACC000466,0.225518,0,0
ACC006014,0.225333,0,0
ACC000877,0.225308,0,0
ACC002335,0.225284,0,0
ACC003419,0.225269,0,1
ACC008006,0.225228,0,0
ACC002469,0.22515,0,0
ACC000578,0.225086,0,0
ACC005667,0.225046,0,1
ACC001070,0.224663,0,0
ACC002559,0.224422,0,0
ACC005029,0.224379,0,0
ACC002633,0.224094,0,0
ACC009725,0.224063,0,0
ACC009290,0.223919,0,0
ACC005039,0.223865,0,1
ACC006843,0.223798,0,0
ACC007276,0.223743,0,0
ACC002838,0.223663,0,0
ACC008458,0.223503,0,0
ACC008430,0.223431,0,0
ACC004724,0.223368,0,0
ACC001040,0.223308,0,0
ACC006115,0.223304,0,1
ACC008395,0.223276,0,0
ACC004894,0.223158,0,0
ACC007470,0.223016,0,0
ACC006820,0.222421,0,0
ACC005078,0.222241,0,0
ACC000069,0.222166,0,0
ACC000299,0.222162,0,0
ACC006934,0.222112,0,0
ACC009672,0.221946,0,0
ACC002889,0.221931,0,0
ACC008482,0.221867,0,1
ACC004891,0.221738,0,0
ACC000266,0.221677,0,0
ACC007543,0.221555,0,0
ACC005870,0.221064,0,0
ACC001305,0.220975,0,0
ACC002490,0.220945,0,0
ACC008778,0.220763,0,0
ACC000457,0.220612,0,0
ACC009358,0.220586,0,0
ACC003001,0.220585,0,0
ACC008928,0.220481,0,0
ACC006241,0.220204,0,0
ACC009093,0.220047,0,0
ACC007584,0.219921,0,0
ACC008671,0.219558,0,0
ACC004698,0.219275,0,1
ACC007718,0.219275,0,0
ACC007315,0.219271,0,0
ACC002307,0.219063,0,0
ACC006123,0.219044,0,0
ACC004162,0.219025,0,0
ACC007707,0.218976,0,0
ACC002961,0.218943,0,0
ACC007557,0.218913,0,0
ACC007367,0.218906,0,0
ACC009752,0.218854,0,0
ACC009657,0.218829,0,0
ACC009882,0.21877,0,0
ACC001973,0.218712,0,0
ACC001862,0.218595,0,0
ACC001560,0.218559,0,0
ACC006199,0.218555,0,0
ACC009879,0.217972,0,1
ACC000418,0.217921,0,0
ACC001321,0.217896,0,0
ACC007839,0.217877,0,0
ACC009041,0.217819,0,0
ACC007442,0.217667,0,0
ACC005982,0.217509,0,0
ACC004892,0.21731,0,0
ACC001770,0.216831,0,0
ACC009217,0.216824,0,0
ACC006406,0.216737,0,0
ACC005324,0.216688,0,0
ACC009018,0.216602,0,0
ACC005678,0.216572,0,0
ACC004225,0.216449,0,0
ACC007428,0.216429,0,0
ACC003360,0.216319,0,0
ACC007125,0.216211,0,0
ACC004184,0.216181,0,0
ACC002599,0.215919,0,0
ACC009849,0.215878,0,0
ACC000843,0.215792,0,0
ACC005036,0.215682,0,0
ACC004145,0.21535,0,0
ACC005417,0.215318,0,0
ACC004714,0.214865,0,0
ACC004376,0.214784,0,0
ACC006662,0.21472,0,0
ACC003495,0.214655,0,1
ACC000396,0.214539,0,0
ACC003055,0.214464,0,0
ACC007576,0.21442,0,0
ACC000998,0.214214,0,0
ACC007495,0.214214,0,0
ACC009155,0.214162,0,0
ACC003799,0.214043,0,1
ACC004671,0.214012,0,0
ACC002326,0.214002,0,0
ACC004041,0.213991,0,0
ACC003024,0.213933,0,0
ACC000429,0.213919,0,0
ACC003327,0.213878,0,0
ACC009602,0.213862,0,0
ACC007180,0.213626,0,0
ACC006145,0.213539,0,0
ACC000409,0.213441,0,0
ACC008176,0.213208,0,0
ACC001030,0.213207,0,0
ACC005622,0.213152,0,0
ACC008025,0.213033,0,1
ACC005252,0.21298,0,0
ACC004553,0.212842,0,0
ACC004008,0.212779,0,0
ACC002747,0.212741,0,0
ACC008173,0.21264,0,0
ACC008627,0.212616,0,0
ACC007680,0.212505,0,1
ACC007201,0.212371,0,0
ACC008122,0.212278,0,0
ACC000034,0.212137,0,0
ACC003906,0.212081,0,0
ACC006376,0.212023,0,0
ACC009008,0.211977,0,0
ACC004429,0.211745,0,0
ACC000980,0.211682,0,0
ACC005527,0.211589,0,0
ACC001622,0.211585,0,1
ACC003734,0.211545,0,0
ACC009115,0.211502,0,0
ACC002383,0.211475,0,0
ACC002289,0.211437,0,0
ACC004465,0.211269,0,0
ACC006785,0.211256,0,0
ACC006096,0.2112,0,0
ACC009085,0.211179,0,0
ACC006460,0.211154,0,0
ACC003901,0.211123,0,0
ACC000531,0.211105,0,0
ACC004687,0.211054,0,0
ACC006118,0.21101,0,0
ACC008251,0.210826,0,0
ACC003053,0.210747,0,0
ACC001367,0.21067,0,1
ACC006122,0.210621,0,0
ACC001657,0.2105,0,0
ACC009633,0.210489,0,0
ACC007074,0.210176,0,0
ACC001686,0.210172,0,0
ACC006077,0.209993,0,0
ACC004372,0.20999,0,0
ACC006700,0.209945,0,0
ACC000698,0.209938,0,0
ACC003251,0.209894,0,0
ACC007988,0.209865,0,0
ACC003007,0.209773,0,0
ACC004414,0.209741,0,0
ACC008884,0.209709,0,0
ACC004902,0.209629,0,0
ACC008922,0.209583,0,0
ACC002313,0.209524,0,0
ACC002480,0.209354,0,0
ACC009983,0.209337,0,0
ACC006606,0.209214,0,0
ACC008051,0.209149,0,0
ACC009197,0.209043,0,0
ACC006104,0.208808,0,0
ACC000509,0.208786,0,0
ACC003146,0.208724,0,0
ACC005165,0.208629,0,0
ACC003195,0.208615,0,0
ACC001267,0.208606,0,0
ACC002936,0.208592,0,0
ACC001597,0.208509,0,0
ACC005580,0.208396,0,1
ACC000801,0.208376,0,0
ACC000547,0.208346,0,0
ACC008499,0.20833,0,0
ACC003114,0.208137,0,0
ACC007761,0.208073,0,0
ACC005779,0.208065,0,0
ACC005619,0.20796,0,0
ACC009740,0.207937,0,0
ACC003440,0.207919,0,0
ACC004288,0.207915,0,0
ACC007838,0.207638,0,0
ACC007941,0.207574,0,0
ACC002791,0.207446,0,0
ACC009640,0.207406,0,0
ACC006415,0.207382,0,0
ACC003352,0.207351,0,0
ACC005762,0.207199,0,0
ACC001805,0.206923,0,0
ACC004918,0.20685,0,0
ACC006726,0.206786,0,0
ACC005194,0.206746,0,0
ACC002555,0.206738,0,0
ACC003472,0.206599,0,0
ACC003534,0.20658,0,1
ACC006767,0.20657,0,0
ACC004598,0.206506,0,0
ACC008570,0.206462,0,0
ACC009020,0.206318,0,0
ACC001732,0.206181,0,0
ACC005346,0.206116,0,0
ACC002566,0.206072,0,0
ACC009239,0.206051,0,0
ACC005172,0.205859,0,0
ACC008079,0.20582,0,0
ACC008733,0.205793,0,0
ACC004635,0.205647,0,0
ACC007472,0.205611,0,0
ACC002294,0.205558,0,0
ACC000939,0.205549,0,0
ACC005363,0.205456,0,0
ACC007228,0.205399,0,0
ACC009853,0.205141,0,0
ACC000415,0.205001,0,0
ACC005155,0.205,0,0
ACC001022,0.204994,0,0
ACC000536,0.204866,0,0
ACC009868,0.204863,0,1
ACC000394,0.204765,0,0
ACC006536,0.204668,0,0
ACC000128,0.204658,0,0
ACC002575,0.204593,0,0
ACC003993,0.204507,0,0
ACC004565,0.204498,0,0
ACC008610,0.204459,0,0
ACC009794,0.204254,0,0
ACC009620,0.204253,0,0
ACC003119,0.204189,0,0
ACC007408,0.204083,0,0
ACC001311,0.204016,0,0
ACC001078,0.203978,0,0
ACC002866,0.203943,0,0
ACC007022,0.203779,0,0
ACC001982,0.203773,0,0
ACC006727,0.203689,0,0
ACC001917,0.203507,0,0
ACC000083,0.203462,0,0
ACC002907,0.203453,0,0
ACC006108,0.20341,0,0
ACC003243,0.203372,0,0
ACC009329,0.203259,0,0
ACC007877,0.203234,0,0
ACC003913,0.202923,0,0
ACC005897,0.202867,0,0
ACC009434,0.202757,0,0
ACC001142,0.20263,0,0
ACC002695,0.202606,0,0
ACC006322,0.202495,0,0
ACC009960,0.202336,0,0
ACC003182,0.202324,0,0
ACC009634,0.202309,0,0
ACC008062,0.202132,0,0
ACC000986,0.202125,0,0
ACC008703,0.20173,0,0
ACC003976,0.201681,0,0
ACC004737,0.201677,0,0
ACC007492,0.201494,0,0
ACC007377,0.201434,0,0
ACC008832,0.201434,0,0
ACC003320,0.201299,0,0
ACC009884,0.201237,0,0
ACC006671,0.201081,0,0
ACC008997,0.200805,0,1
ACC004777,0.200731,0,0
ACC006133,0.20065,0,0
ACC009780,0.2005,0,0
ACC008454,0.200401,0,0
ACC000705,0.2004,0,0
ACC007011,0.200241,0,0
ACC007719,0.199974,0,0
ACC002341,0.199894,0,0
ACC001056,0.199763,0,0
ACC009707,0.199725,0,0
ACC000048,0.199702,0,0
ACC008373,0.199233,0,0
ACC005245,0.199216,0,0
ACC004423,0.199188,0,0
ACC008797,0.199165,0,0
ACC000965,0.199148,0,0
ACC000811,0.199073,0,0
ACC008305,0.199009,0,0
ACC004881,0.198835,0,0
ACC007324,0.198583,0,0
ACC005573,0.198534,0,0
ACC003589,0.198501,0,0
ACC002036,0.198478,0,0
ACC000757,0.198411,0,0
ACC006265,0.19823,0,0
ACC007849,0.198162,0,0
ACC006394,0.198074,0,0
ACC006670,0.197935,0,0
ACC004293,0.197842,0,0
ACC001006,0.197736,0,0
ACC009608,0.197684,0,0
ACC005753,0.197669,0,0
ACC000285,0.1976,0,0
ACC000237,0.197508,0,0
ACC001577,0.197476,0,0
ACC007696,0.197255,0,0
ACC003423,0.197219,0,0
ACC009021,0.197218,0,0
ACC000787,0.196923,0,0
ACC006723,0.196571,0,0
ACC009224,0.196539,0,0
ACC002631,0.196532,0,0
ACC007498,0.196516,0,0
ACC000987,0.196515,0,0
ACC006958,0.196467,0,0
ACC005285,0.196332,0,0
ACC001873,0.196261,0,0
ACC000502,0.19623,0,0
ACC001750,0.196175,0,0
ACC008825,0.196168,0,0
ACC001556,0.196136,0,0
ACC006442,0.196054,0,0
ACC008505,0.195966,0,0
ACC001937,0.195916,0,0
ACC001864,0.1959,0,0
ACC006446,0.195865,0,0
ACC000917,0.195789,0,0
ACC008083,0.195787,0,1
ACC007578,0.195632,0,0
ACC000205,0.19563,0,0
ACC000684,0.195536,0,0
ACC004480,0.195313,0,0
ACC008888,0.19527,0,1
ACC007338,0.19525,0,0
ACC001128,0.195222,0,0
ACC006354,0.194887,0,0
ACC007828,0.194882,0,0
ACC006849,0.194878,0,0
ACC002577,0.194862,0,0
ACC003892,0.194811,0,0
ACC007167,0.194686,0,0
ACC006638,0.194522,0,0
ACC009643,0.194503,0,0
ACC001735,0.19444,0,0
ACC001264,0.194305,0,0
ACC003222,0.19417,0,0
ACC008626,0.194076,0,0
ACC009308,0.193993,0,0
ACC005919,0.193971,0,0
ACC006770,0.193953,0,0
ACC009935,0.193881,0,0
ACC002619,0.193822,0,0
ACC001972,0.193813,0,1
ACC008397,0.193777,0,0
ACC007467,0.193732,0,0
ACC004654,0.193639,0,0
ACC002597,0.193583,0,0
ACC003072,0.193574,0,0
ACC008224,0.193554,0,0
ACC002832,0.193513,0,0
ACC000157,0.19349,0,0
ACC006151,0.193463,0,0
ACC002309,0.193308,0,0
ACC005010,0.193266,0,0
ACC009413,0.193217,0,0
ACC006818,0.193177,0,0
ACC008197,0.193124,0,0
ACC004016,0.19307,0,0
ACC000166,0.193052,0,0
ACC009079,0.192985,0,0
ACC000892,0.192793,0,0
ACC006769,0.192779,0,0
ACC004729,0.192761,0,0
ACC005339,0.192687,0,0
ACC009950,0.192658,0,0
ACC000844,0.192431,0,0
ACC005570,0.192371,0,0
ACC009846,0.192182,0,0
ACC000040,0.192125,0,0
ACC005113,0.192073,0,0
ACC005018,0.192027,0,0
ACC003983,0.192017,0,0
ACC006494,0.191977,0,0
ACC005687,0.19196,0,0
ACC009506,0.191956,0,0
ACC001615,0.191812,0,0
ACC001844,0.19175,0,0
ACC008845,0.191712,0,0
ACC000829,0.191669,0,0
ACC000143,0.191655,0,0
ACC006667,0.19162,0,0
ACC002909,0.191612,0,0
ACC009708,0.191538,0,0
ACC002273,0.191519,0,0
ACC003150,0.191404,0,0
ACC002690,0.191357,0,0
ACC004696,0.191142,0,0
ACC000920,0.191086,0,0
ACC005741,0.190775,0,0
ACC000079,0.190738,0,0
ACC006537,0.190697,0,0
ACC006222,0.19069,0,0
ACC003591,0.190608,0,0
ACC004126,0.190552,0,0
ACC002679,0.190531,0,0
ACC009036,0.190481,0,0
ACC002303,0.190405,0,0
ACC000001,0.190285,0,0
ACC009473,0.190244,0,0
ACC002543,0.1902,0,0
ACC003516,0.190122,0,0
ACC007507,0.190102,0,1
ACC003758,0.190016,0,0
ACC000462,0.189991,0,0
ACC001906,0.189929,0,0
ACC007401,0.189883,0,0
ACC000006,0.189798,0,0
ACC005448,0.189653,0,0
ACC007627,0.189633,0,0
ACC002014,0.189555,0,0
ACC000056,0.189549,0,0
ACC007759,0.189457,0,0
ACC004133,0.189428,0,0
ACC008650,0.189312,0,0
ACC006993,0.189303,0,0
ACC002020,0.189281,0,0
ACC004989,0.189214,0,0
ACC003576,0.189192,0,0
ACC009820,0.189144,0,0
ACC009386,0.189118,0,0
ACC007734,0.189066,0,0
ACC009772,0.189026,0,0
ACC000451,0.188911,0,0
ACC009212,0.188906,0,0
ACC002177,0.188901,0,0
ACC007071,0.188849,0,0
ACC000376,0.188812,0,0
ACC003075,0.188781,0,0
ACC005328,0.18865,0,0
ACC004905,0.188614,0,0
ACC004873,0.188367,0,0
ACC005549,0.188367,0,0
ACC001555,0.188306,0,0
ACC005620,0.188301,0,0
ACC000453,0.188291,0,0
ACC006658,0.188179,0,0
ACC004990,0.188088,0,0
ACC003133,0.18793,0,0
ACC001487,0.187805,0,0
ACC003422,0.187781,0,0
ACC001373,0.187718,0,0
ACC003100,0.187664,0,0
ACC001435,0.187596,0,0
ACC004256,0.187591,0,0
ACC008659,0.187541,0,0
ACC006075,0.187511,0,0
ACC002995,0.1875,0,0
ACC004602,0.187277,0,0
ACC007016,0.187276,0,0
ACC009101,0.187255,0,0
ACC005995,0.187202,0,0
ACC003167,0.187178,0,0
ACC007986,0.187056,0,0
ACC007209,0.186977,0,0
ACC007913,0.186933,0,0
ACC000792,0.186913,0,0
ACC008208,0.186853,0,0
ACC004845,0.186787,0,0
ACC009128,0.186759,0,0
ACC005422,0.186681,0,0
ACC001527,0.186635,0,0
ACC009406,0.186607,0,0
ACC002822,0.186604,0,0
ACC008562,0.18655,0,0
ACC005021,0.186518,0,0
ACC003132,0.186514,0,0
ACC002755,0.186372,0,1
ACC000064,0.186325,0,0
ACC001245,0.186248,0,0
ACC001203,0.186236,0,0
ACC003381,0.186142,0,0
ACC002898,0.186106,0,0
ACC001309,0.186073,0,0
ACC002987,0.185982,0,0
ACC003601,0.185932,0,0
ACC009756,0.18591,0,0
ACC002287,0.185709,0,0
ACC002667,0.185634,0,0
ACC006311,0.185597,0,0
ACC001952,0.185542,0,0
ACC006409,0.185492,0,0
ACC003477,0.185406,0,0
ACC007477,0.185352,0,0
ACC004857,0.18523,0,0
ACC009447,0.185147,0,0
ACC004294,0.185109,0,0
ACC009277,0.185093,0,0
ACC000723,0.18509,0,0
ACC005260,0.185068,0,0
ACC001898,0.185034,0,0
ACC000283,0.185007,0,0
ACC000674,0.184917,0,0
ACC000102,0.184905,0,0
ACC009125,0.18478,0,0
ACC002788,0.184677,0,0
ACC001849,0.184354,0,0
ACC003899,0.184296,0,0
ACC004357,0.184242,0,0
ACC008103,0.184219,0,0
ACC006898,0.184168,0,0
ACC005409,0.184127,0,0
ACC007214,0.183974,0,0
ACC005792,0.183916,0,0
ACC005332,0.183904,0,0
ACC009360,0.183878,0,0
ACC002541,0.183665,0,0
ACC005357,0.183663,0,0
ACC009191,0.183594,0,0
ACC000413,0.183438,0,0
ACC002265,0.183433,0,0
ACC000921,0.183393,0,0
ACC002491,0.183362,0,0
ACC009303,0.183341,0,0
ACC003965,0.183311,0,0
ACC006407,0.183224,0,0
ACC003722,0.183187,0,0
ACC003684,0.183138,0,0
ACC008960,0.183083,0,0
ACC004674,0.183051,0,0
ACC007446,0.183024,0,0
ACC005510,0.182943,0,0
ACC004398,0.182906,0,0
ACC003603,0.182799,0,0
ACC007861,0.18279,0,0
ACC008821,0.182665,0,0
ACC008683,0.182615,0,0
ACC002506,0.182567,0,0
ACC005553,0.182479,0,0
ACC004493,0.182356,0,0
ACC003512,0.182263,0,0
ACC005583,0.18226,0,0
ACC008354,0.182173,0,0
ACC004734,0.18212,0,0
ACC003717,0.182106,0,0
ACC004929,0.181914,0,0
ACC003911,0.181863,0,0
ACC005717,0.181834,0,0
ACC005911,0.181799,0,0
ACC003366,0.181792,0,0
ACC003715,0.181743,0,1
ACC000576,0.181662,0,0
ACC007768,0.181538,0,0
ACC002067,0.18153,0,0
ACC008104,0.181514,0,0
ACC005757,0.181413,0,0
ACC005391,0.181324,0,0
ACC003843,0.181302,0,0
ACC002900,0.181247,0,0
ACC007384,0.181153,0,0
ACC004713,0.181147,0,0
ACC003683,0.181093,0,0
ACC002092,0.181048,0,0
ACC009717,0.180992,0,0
ACC004456,0.180981,0,0
ACC005695,0.180975,0,0
ACC007642,0.180743,0,0
ACC003091,0.180724,0,0
ACC005985,0.180683,0,0
ACC008847,0.180452,0,0
ACC006464,0.180402,0,0
ACC008235,0.180312,0,0
ACC004168,0.180276,0,0
ACC006584,0.180243,0,0
ACC009557,0.18017,0,0
ACC007682,0.180145,0,0
ACC003668,0.180021,0,0
ACC001423,0.179893,0,0
ACC001981,0.179891,0,0
ACC007647,0.179883,0,0
ACC004479,0.179838,0,0
ACC000881,0.179777,0,0
ACC000981,0.179775,0,0
ACC005960,0.179756,0,0
ACC000610,0.179744,0,0
ACC001322,0.179744,0,0
ACC001146,0.17963,0,0
ACC000032,0.179549,0,0
ACC004984,0.179508,0,0
ACC009056,0.179428,0,0
ACC003334,0.17942,0,0
ACC004850,0.179348,0,0
ACC002826,0.179231,0,0
ACC008573,0.17921,0,0
ACC008799,0.179194,0,0
ACC000790,0.17917,0,0
ACC003804,0.179146,0,0
ACC006205,0.179099,0,0
ACC005864,0.17905,0,0
ACC008489,0.17904,0,0
ACC005481,0.178929,0,0
ACC002564,0.178926,0,1
ACC001778,0.178926,0,0
ACC006374,0.17889,0,0
ACC002849,0.178842,0,0
ACC005082,0.178801,0,0
ACC005875,0.178776,0,0
ACC003755,0.17873,0,0
ACC006569,0.178512,0,0
ACC000835,0.178455,0,0
ACC001243,0.178371,0,0
ACC001612,0.178333,0,0
ACC005877,0.178175,0,0
ACC005001,0.178144,0,0
ACC004226,0.17811,0,0
ACC001381,0.178087,0,0
ACC007810,0.178075,0,0
ACC000216,0.177974,0,0
ACC000900,0.177881,0,0
ACC003688,0.177824,0,0
ACC002978,0.177763,0,0
ACC007058,0.177755,0,0
ACC003461,0.177754,0,0
ACC004727,0.177725,0,0
ACC009342,0.177719,0,0
ACC001037,0.177646,0,0
ACC007587,0.177582,0,0
ACC009825,0.177465,0,0
ACC005588,0.177465,0,0
ACC000619,0.177425,0,0
ACC000309,0.177389,0,0
ACC006596,0.177383,0,0
ACC003803,0.177357,0,0
ACC005770,0.177266,0,0
ACC000880,0.17711,0,0
ACC006772,0.177098,0,0
ACC006102,0.177047,0,0
ACC009243,0.17703,0,0
ACC003661,0.177012,0,0
ACC007960,0.176993,0,0
ACC007380,0.176754,0,0
ACC000664,0.176703,0,0
ACC007313,0.176685,0,0
ACC008073,0.176576,0,0
ACC006141,0.176566,0,0
ACC006620,0.176546,0,0
ACC001143,0.176533,0,0
ACC005220,0.17651,0,0
ACC004769,0.176504,0,0
ACC006051,0.176463,0,0
ACC001147,0.17646,0,0
ACC007110,0.176447,0,0
ACC006582,0.176443,0,0
ACC008444,0.176394,0,0
ACC002163,0.176328,0,0
ACC000566,0.176176,0,0
ACC002996,0.176173,0,0
ACC001199,0.17603,0,0
ACC000954,0.176005,0,0
ACC001690,0.175886,0,0
ACC009156,0.175886,0,0
ACC008353,0.175743,0,0
ACC006236,0.175726,0,0
ACC003809,0.175611,0,0
ACC007656,0.175543,0,0
ACC006288,0.175478,0,0
ACC004773,0.175408,0,0
ACC004316,0.175401,0,0
ACC005490,0.175389,0,0
ACC004590,0.175388,0,0
ACC006300,0.175375,0,0
ACC001301,0.175328,0,0
ACC009045,0.175286,0,0
ACC008387,0.175007,0,0
ACC004573,0.174974,0,0
ACC002626,0.174967,0,0
ACC008494,0.174924,0,0
ACC008033,0.174908,0,0
ACC009426,0.174904,0,0
ACC005716,0.174873,0,0
ACC009453,0.174837,0,0
ACC009911,0.174761,0,0
ACC004355,0.174614,0,0
ACC005742,0.174525,0,0
ACC007092,0.174518,0,0
ACC005410,0.174469,0,0
ACC009562,0.174462,0,0
ACC006082,0.174435,0,0
ACC003786,0.174364,0,0
ACC002586,0.174306,0,0
ACC005247,0.174297,0,0
ACC000366,0.174277,0,0
ACC000533,0.17419,0,0
ACC005267,0.174156,0,0
ACC007617,0.174133,0,0
ACC009798,0.173888,0,0
ACC008699,0.173856,0,0
ACC006719,0.17385,0,0
ACC003617,0.173728,0,0
ACC007139,0.173697,0,0
ACC006921,0.173668,0,0
ACC007155,0.173539,0,0
ACC007895,0.173532,0,0
ACC001045,0.173483,0,0
ACC006262,0.173449,0,0
ACC005526,0.173427,0,0
ACC007807,0.173409,0,0
ACC006107,0.173399,0,0
ACC002258,0.173388,0,0
ACC009470,0.173369,0,0
ACC006084,0.173323,0,0
ACC008090,0.173249,0,0
ACC005090,0.173243,0,0
ACC004759,0.173221,0,0
ACC006838,0.172845,0,0
ACC007899,0.17275,0,0
ACC002673,0.172695,0,0
ACC003491,0.17266,0,0
ACC005429,0.17259,0,0
ACC003719,0.172573,0,0
ACC007959,0.172525,0,0
ACC002183,0.17252,0,0
ACC009431,0.172316,0,0
ACC007173,0.17224,0,0
ACC004921,0.172121,0,0
ACC005152,0.17199,0,0
ACC005167,0.171942,0,0
ACC003613,0.171892,0,1
ACC007531,0.171859,0,0
ACC000870,0.171767,0,0
ACC005841,0.171715,0,0
ACC009915,0.171673,0,0
ACC008725,0.171642,0,0
ACC007268,0.171617,0,0
ACC003069,0.171602,0,0
ACC001219,0.171595,0,0
ACC002455,0.171522,0,0
ACC009103,0.171509,0,0
ACC002591,0.171489,0,0
ACC000348,0.171486,0,0
ACC009184,0.171447,0,0
ACC001958,0.171378,0,0
ACC006906,0.171333,0,0
ACC006835,0.171329,0,0
ACC006261,0.171284,0,0
ACC005214,0.171145,0,0
ACC008951,0.171029,0,0
ACC000729,0.170812,0,0
ACC002299,0.170766,0,0
ACC001414,0.170722,0,0
ACC009247,0.170721,0,0
ACC002982,0.170712,0,0
ACC002628,0.170654,0,0
ACC001579,0.170654,0,0
ACC008108,0.170645,0,0
ACC003739,0.170539,0,0
ACC006491,0.170415,0,0
ACC003322,0.170396,0,0
ACC009587,0.170381,0,0
ACC009835,0.170336,0,0
ACC008829,0.170086,0,0
ACC004049,0.170075,0,0
ACC008001,0.170073,0,0
ACC007491,0.170012,0,0
ACC003626,0.169861,0,0
ACC004967,0.169836,0,0
ACC005963,0.169814,0,0
ACC007725,0.169708,0,0
ACC000662,0.169658,0,0
ACC001200,0.169612,0,0
ACC003542,0.169544,0,0
ACC005386,0.169523,0,0
ACC005595,0.169477,0,0
ACC003888,0.169471,0,0
ACC004562,0.169402,0,0
ACC006693,0.169275,0,0
ACC004447,0.169196,0,0
ACC005560,0.169184,0,0
ACC008480,0.169157,0,0
ACC007421,0.169077,0,0
ACC007291,0.169051,0,0
ACC005080,0.168971,0,0
ACC005586,0.168971,0,0
ACC006417,0.168932,0,0
ACC006250,0.168923,0,0
ACC005518,0.168902,0,0
ACC000642,0.168899,0,0
ACC008698,0.168889,0,0
ACC001353,0.168831,0,0
ACC002415,0.168817,0,0
ACC008345,0.168807,0,0
ACC007981,0.168733,0,0
ACC001024,0.168683,0,0
ACC001836,0.168628,0,0
ACC009579,0.168604,0,0
ACC003741,0.16856,0,0
ACC004297,0.16848,0,0
ACC004907,0.16846,0,0
ACC009709,0.168431,0,0
ACC000037,0.168347,0,0
ACC001771,0.168336,0,0
ACC002887,0.168039,0,0
ACC004693,0.168007,0,0
ACC003171,0.16775,0,0
ACC006192,0.16775,0,0
ACC004208,0.167732,0,0
ACC006168,0.167645,0,0
ACC001881,0.167623,0,1
ACC001738,0.167545,0,0
ACC006717,0.167539,0,0
ACC005972,0.167425,0,0
ACC009758,0.167384,0,0
ACC009785,0.167378,0,0
ACC001955,0.16725,0,0
ACC002735,0.16725,0,0
ACC000381,0.167246,0,0
ACC004069,0.167151,0,0
ACC003121,0.167097,0,0
ACC002857,0.167093,0,0
ACC008463,0.167082,0,0
ACC001831,0.167046,0,0
ACC007056,0.16704,0,0
ACC003830,0.166914,0,0
ACC007403,0.166769,0,0
ACC007195,0.166556,0,0
ACC001515,0.166487,0,0
ACC008421,0.166388,0,0
ACC006657,0.166328,0,0
ACC008314,0.166212,0,0
ACC004944,0.166096,0,0
ACC003343,0.166094,0,0
ACC005052,0.166043,0,0
ACC004075,0.165987,0,0
ACC000591,0.165987,0,0
ACC004108,0.165946,0,0
ACC005218,0.165916,0,0
ACC004796,0.165664,0,0
ACC008986,0.165646,0,0
ACC001405,0.165622,0,0
ACC004129,0.165552,0,0
ACC004167,0.165538,0,0
ACC004310,0.165533,0,0
ACC003391,0.165467,0,0
ACC000658,0.165451,0,0
ACC005133,0.165385,0,0
ACC004388,0.165357,0,0
ACC000055,0.165315,0,0
ACC006856,0.16522,0,0
ACC001463,0.16521,0,0
ACC004510,0.16519,0,0
ACC009238,0.165155,0,0
ACC000349,0.165067,0,0
ACC009135,0.165067,0,0
ACC005974,0.16506,0,0
ACC000695,0.165047,0,0
ACC009700,0.16499,0,0
ACC006402,0.164975,0,0
ACC007146,0.164961,0,0
ACC007623,0.16492,0,0
ACC006126,0.164881,0,0
ACC005887,0.164877,0,0
ACC008034,0.164731,0,0
ACC000068,0.164634,0,0
ACC005121,0.164588,0,0
ACC009801,0.164512,0,0
ACC008024,0.164472,0,0
ACC007251,0.164469,0,0
ACC002806,0.164428,0,0
ACC004779,0.16436,0,0
ACC008291,0.164289,0,0
ACC008529,0.164219,0,0
ACC008819,0.164172,0,0
ACC006713,0.164151,0,0
ACC003404,0.164082,0,0
ACC000305,0.164075,0,0
ACC008427,0.163957,0,0
ACC002232,0.163763,0,0
ACC007613,0.163515,0,0
ACC000336,0.163423,0,0
ACC005732,0.163383,0,0
ACC005628,0.163382,0,0
ACC000836,0.163316,0,0
ACC004919,0.163243,0,0
ACC003573,0.163211,0,0
ACC002587,0.163184,0,0
ACC000347,0.163135,0,0
ACC000186,0.163133,0,0
ACC001762,0.163106,0,0
ACC002850,0.163074,0,0
ACC006893,0.163014,0,0
ACC000915,0.162984,0,0
ACC002618,0.162903,0,0
ACC008500,0.162885,0,0
ACC007755,0.162818,0,0
ACC006646,0.162803,0,0
ACC007773,0.162712,0,0
ACC006186,0.162697,0,0
ACC009143,0.162692,0,0
ACC005340,0.162576,0,0
ACC009232,0.162574,0,0
ACC004761,0.162427,0,0
ACC008895,0.162375,0,0
ACC007215,0.162366,0,0
ACC002888,0.162324,0,0
ACC001221,0.162324,0,0
ACC001903,0.162241,0,0
ACC009055,0.162173,0,0
ACC009335,0.161993,0,0
ACC002521,0.161975,0,0
ACC000211,0.161894,0,0
ACC009283,0.161861,0,0
ACC001270,0.16186,0,0
ACC003023,0.161839,0,0
ACC006152,0.16173,0,0
ACC003877,0.161711,0,0
ACC005046,0.161597,0,0
ACC009216,0.161576,0,0
ACC009773,0.161492,0,0
ACC004496,0.161475,0,0
ACC007175,0.161422,0,0
ACC006587,0.161301,0,0
ACC006134,0.161251,0,0
ACC004883,0.161246,0,0
ACC001169,0.161164,0,0
ACC006132,0.161146,0,0
ACC008194,0.161038,0,0
ACC004057,0.161017,0,0
ACC006237,0.160977,0,0
ACC006833,0.160918,0,0
ACC003428,0.160809,0,0
ACC003682,0.160772,0,0
ACC007449,0.160745,0,0
ACC001712,0.160728,0,0
ACC007683,0.160696,0,0
ACC008871,0.16067,0,0
ACC007541,0.160633,0,0
ACC007872,0.160623,0,0
ACC004666,0.160557,0,0
ACC006520,0.160538,0,0
ACC006135,0.160508,0,0
ACC008055,0.160478,0,0
ACC009519,0.160433,0,0
ACC004704,0.160364,0,0
ACC005530,0.160304,0,0
ACC003510,0.160249,0,0
ACC004831,0.16022,0,0
ACC007781,0.160209,0,0
ACC003090,0.160188,0,0
ACC008139,0.160087,0,0
ACC001359,0.160065,0,0
ACC000317,0.160063,0,0
ACC002147,0.160053,0,0
ACC001341,0.160033,0,0
ACC007237,0.160029,0,0
ACC007097,0.159959,0,0
ACC007176,0.159892,0,0
ACC006179,0.159875,0,0
ACC000206,0.159857,0,0
ACC006173,0.159845,0,0
ACC005070,0.159704,0,0
ACC003443,0.15964,0,0
ACC007708,0.159615,0,0
ACC000272,0.159484,0,0
ACC007134,0.159386,0,0
ACC003474,0.159383,0,0
ACC002121,0.159139,0,0
ACC005829,0.159132,0,0
ACC000098,0.159118,0,0
ACC000831,0.15899,0,0
ACC004740,0.158893,0,0
ACC001757,0.158866,0,0
ACC003922,0.158827,0,0
ACC004633,0.15881,0,0
ACC007727,0.15879,0,0
ACC001961,0.158773,0,0
ACC005743,0.158738,0,0
ACC004951,0.158714,0,0
ACC005012,0.158618,0,0
ACC000354,0.158603,0,0
ACC007525,0.158537,0,0
ACC000257,0.1585,0,0
ACC002653,0.158463,0,1
ACC001877,0.15846,0,0
ACC002810,0.158402,0,0
ACC009163,0.158401,0,0
ACC000448,0.158302,0,1
ACC004628,0.158295,0,0
ACC005977,0.158277,0,0
ACC006570,0.158275,0,0
ACC009463,0.158201,0,0
ACC007231,0.158097,0,0
ACC004887,0.158081,0,0
ACC001160,0.158073,0,0
ACC000640,0.158034,0,0
ACC003593,0.158015,0,0
ACC000600,0.158,0,0
ACC002414,0.157853,0,0
ACC005207,0.15783,0,0
ACC002970,0.157731,0,0
ACC003027,0.15768,0,0
ACC007658,0.157664,0,0
ACC002352,0.157633,0,0
ACC007684,0.157511,0,0
ACC004190,0.157504,0,0
ACC004490,0.15747,0,0
ACC004241,0.157469,0,0
ACC000398,0.157355,0,1
ACC002545,0.157277,0,0
ACC004405,0.157225,0,0
ACC004067,0.157144,0,0
ACC001978,0.15714,0,0
ACC006139,0.157139,0,0
ACC008502,0.157052,0,0
ACC009688,0.157045,0,0
ACC009423,0.156987,0,0
ACC004391,0.15697,0,0
ACC005643,0.156925,0,0
ACC008447,0.156904,0,1
ACC008253,0.156868,0,0
ACC006904,0.156813,0,0
ACC007570,0.156697,0,0
ACC001529,0.156681,0,0
ACC005768,0.156596,0,0
ACC001800,0.15658,0,0
ACC003483,0.156532,0,0
ACC005615,0.156531,0,0
ACC004783,0.156529,0,0
ACC002222,0.156524,0,0
ACC005314,0.156469,0,0
ACC006453,0.156443,0,0
ACC002336,0.156355,0,0
ACC004723,0.156313,0,0
ACC000119,0.156264,0,0
ACC004854,0.156191,0,0
ACC006388,0.156178,0,0
ACC001717,0.156137,0,0
ACC005118,0.155946,0,0
ACC000542,0.155908,0,0
ACC006571,0.15589,0,0
ACC007720,0.155862,0,0
ACC007690,0.155769,0,0
ACC007153,0.155725,0,0
ACC001220,0.155669,0,0
ACC005369,0.155665,0,0
ACC007374,0.155657,0,0
ACC002357,0.155649,0,0
ACC003396,0.155645,0,0
ACC003624,0.155611,0,0
ACC001544,0.155583,0,0
ACC003818,0.155548,0,0
ACC002984,0.155503,0,0
ACC007518,0.155472,0,0
ACC006469,0.155434,0,0
ACC003733,0.155405,0,0
ACC003333,0.155391,0,0
ACC002505,0.155337,0,0
ACC004622,0.155306,0,0
ACC002205,0.15526,0,0
ACC004207,0.15521,0,0
ACC005769,0.155181,0,0
ACC009997,0.155055,0,0
ACC006547,0.155054,0,0
ACC003607,0.155047,0,0
ACC003335,0.15502,0,0
ACC000918,0.154989,0,0
ACC004570,0.154988,0,0
ACC007753,0.154966,0,0
ACC005842,0.154876,0,0
ACC006955,0.154637,0,0
ACC009266,0.154607,0,0
ACC002216,0.154529,0,0
ACC003128,0.154295,0,0
ACC006085,0.15426,0,0
ACC003736,0.154176,0,0
ACC006527,0.154103,0,0
ACC009260,0.154089,0,0
ACC008894,0.15407,0,0
ACC001812,0.154007,0,0
ACC006298,0.153983,0,0
ACC001623,0.153974,0,0
ACC002041,0.153956,0,0
ACC002592,0.153899,0,0
ACC001475,0.153862,0,0
ACC002682,0.153797,0,0
ACC005680,0.153788,0,0
ACC007230,0.153779,0,0
ACC005930,0.153749,0,0
ACC004541,0.153736,0,0
ACC001713,0.153483,0,0
ACC009073,0.15348,0,0
ACC007415,0.153448,0,0
ACC005146,0.153445,0,0
ACC005497,0.153396,0,0
ACC007450,0.153358,0,0
ACC004228,0.153311,0,0
ACC007343,0.153301,0,0
ACC005806,0.153261,0,0
ACC009034,0.153232,0,0
ACC005999,0.153176,0,0
ACC007060,0.153141,0,0
ACC009729,0.153092,0,0
ACC000021,0.153082,0,0
ACC004581,0.153047,0,0
ACC006144,0.153039,0,0
ACC009416,0.152989,0,0
ACC008677,0.152973,0,0
ACC002191,0.152902,0,0
ACC001745,0.152902,0,0
ACC000627,0.152879,0,0
ACC008504,0.152661,0,0
ACC006567,0.152654,0,0
ACC009297,0.152539,0,0
ACC005861,0.15253,0,0
ACC004439,0.152494,0,0
ACC006328,0.15247,0,0
ACC008402,0.152434,0,0
ACC008902,0.152332,0,0
ACC005709,0.152327,0,0
ACC005283,0.152226,0,0
ACC002552,0.152222,0,0
ACC002253,0.152165,0,0
ACC005266,0.152016,0,0
ACC002551,0.151909,0,0
ACC006988,0.151903,0,0
ACC000625,0.151903,0,0
ACC002611,0.151894,0,0
ACC005500,0.151858,0,0
ACC008605,0.151799,0,0
ACC008241,0.151769,0,0
ACC008433,0.151768,0,0
ACC000258,0.151703,0,0
ACC009193,0.15161,0,0
ACC003170,0.151594,0,0
ACC001721,0.151548,0,0
ACC007365,0.151454,0,0
ACC000928,0.151386,0,0
ACC008144,0.15135,0,0
ACC004130,0.151339,0,0
ACC005520,0.151256,0,0
ACC008446,0.151086,0,0
ACC001957,0.1509,0,0
ACC008180,0.150893,0,0
ACC001510,0.150839,0,0
ACC006878,0.150825,0,0
ACC000731,0.150778,0,0
ACC001588,0.150724,0,0
ACC005457,0.150651,0,0
ACC009237,0.150609,0,0
ACC000169,0.150514,0,0
ACC000372,0.150447,0,0
ACC005418,0.150433,0,0
ACC003511,0.150417,0,0
ACC001003,0.150392,0,0
ACC001366,0.150377,0,0
ACC006270,0.150267,0,0
ACC005926,0.150267,0,0
ACC004331,0.150241,0,0
ACC005936,0.15022,0,0
ACC007480,0.150199,0,0
ACC009766,0.150177,0,0
ACC009159,0.150176,0,0
ACC001441,0.150133,0,0
ACC001409,0.150116,0,0
ACC007826,0.150111,0,0
ACC000661,0.150031,0,0
ACC006703,0.149991,0,0
ACC005649,0.149983,0,0
ACC009004,0.149966,0,0
ACC000756,0.149952,0,0
ACC009604,0.14994,0,0
ACC005816,0.149934,0,0
ACC000754,0.149883,0,0
ACC001398,0.149806,0,0
ACC001880,0.149786,0,0
ACC006441,0.149764,0,0
ACC006659,0.149596,0,0
ACC008745,0.149592,0,0
ACC004421,0.149545,0,0
ACC000315,0.149497,0,0
ACC005204,0.149497,0,0
ACC001182,0.149471,0,0
ACC009343,0.149447,0,0
ACC001324,0.149419,0,0
ACC008277,0.149401,0,0
ACC006742,0.149293,0,0
ACC002563,0.149144,0,0
ACC007749,0.149133,0,0
ACC002681,0.14909,0,0
ACC002318,0.149085,0,0
ACC002478,0.149083,0,0
ACC004641,0.149025,0,0
ACC008775,0.149007,0,0
ACC004104,0.148994,0,0
ACC002643,0.148938,0,0
ACC008243,0.148937,0,0
ACC008513,0.14893,0,0
ACC000390,0.148922,0,0
ACC002057,0.148912,0,0
ACC003670,0.148863,0,0
ACC005948,0.148823,0,0
ACC002562,0.148677,0,0
ACC005606,0.148537,0,0
ACC004836,0.148477,0,0
ACC004997,0.148441,0,0
ACC007594,0.14841,0,0
ACC005572,0.148406,0,0
ACC006338,0.14838,0,0
ACC007243,0.148316,0,0
ACC009370,0.148282,0,0
ACC002239,0.148254,0,0
ACC000052,0.148239,0,0
ACC002282,0.148179,0,0
ACC001610,0.148136,0,0
ACC008343,0.148106,0,0
ACC007672,0.148101,0,0
ACC008510,0.148057,0,0
ACC007904,0.148043,0,0
ACC003555,0.147964,0,0
ACC007729,0.147959,0,0
ACC004010,0.147911,0,0
ACC002180,0.147909,0,0
ACC007064,0.147531,0,0
ACC005341,0.147492,0,0
ACC005188,0.147483,0,0
ACC009164,0.14748,0,0
ACC006273,0.147446,0,0
ACC008038,0.147415,0,0
ACC008608,0.14738,0,0
ACC006616,0.147324,0,0
ACC002914,0.147273,0,0
ACC005852,0.147253,0,1
ACC004098,0.147239,0,0
ACC006532,0.147193,0,0
ACC001133,0.147165,0,0
ACC005221,0.147118,0,0
ACC001557,0.146939,0,0
ACC003933,0.146892,0,0
ACC006423,0.146847,0,0
ACC005563,0.14684,0,0
ACC008248,0.146684,0,0
ACC003795,0.146681,0,0
ACC005853,0.146616,0,0
ACC009480,0.146615,0,0
ACC007112,0.146598,0,0
ACC009605,0.146544,0,0
ACC001332,0.14654,0,0
ACC006047,0.146524,0,0
ACC006672,0.146516,0,0
ACC001824,0.146493,0,0
ACC006684,0.14644,0,0
ACC003644,0.146433,0,0
ACC009490,0.146405,0,0
ACC003753,0.146351,0,0
ACC005294,0.146349,0,0
ACC003783,0.146287,0,0
ACC001754,0.14625,0,0
ACC007253,0.146137,0,0
ACC004515,0.146092,0,0
ACC000051,0.146061,0,0
ACC006461,0.145977,0,0
ACC000497,0.145943,0,0
ACC000167,0.145915,0,0
ACC001987,0.145812,0,0
ACC002479,0.145795,0,0
ACC005269,0.145685,0,0
ACC006307,0.145638,0,0
ACC000517,0.145561,0,0
ACC002334,0.145552,0,0
ACC006848,0.145543,0,0
ACC007241,0.145445,0,0
ACC000589,0.14535,0,0
ACC004180,0.145342,0,0
ACC008437,0.145298,0,0
ACC000763,0.145269,0,0
ACC006256,0.145268,0,0
ACC009670,0.145235,0,0
ACC006101,0.145194,0,0
ACC007980,0.145176,0,0
ACC000931,0.145167,0,0
ACC009502,0.14511,0,0
ACC008172,0.145076,0,0
ACC000060,0.144963,0,0
ACC000748,0.144924,0,0
ACC001483,0.144859,0,0
ACC008009,0.144804,0,0
ACC008617,0.144788,0,0
ACC000808,0.144725,0,0
ACC007914,0.144721,0,0
ACC008577,0.144644,0,0
ACC004318,0.144599,0,0
ACC003585,0.144588,0,0
ACC000858,0.144546,0,0
ACC009353,0.144389,0,0
ACC001437,0.144358,0,0
ACC007249,0.144328,0,0
ACC007919,0.144266,0,0
ACC008848,0.144219,0,0
ACC005860,0.144182,0,0
ACC000256,0.144178,0,0
ACC008048,0.144163,0,0
ACC003253,0.144017,0,0
ACC006972,0.144003,0,0
ACC007520,0.143992,0,0
ACC002398,0.143987,0,0
ACC004137,0.143977,0,0
ACC004203,0.143953,0,0
ACC002969,0.143928,0,0
ACC000510,0.143884,0,0
ACC006989,0.143801,0,0
ACC004812,0.143709,0,0
ACC008530,0.143683,0,0
ACC004032,0.143677,0,0
ACC001888,0.143511,0,0
ACC001204,0.143423,0,0
ACC004571,0.143395,0,0
ACC009706,0.143377,0,0
ACC004682,0.143372,0,0
ACC004631,0.143324,0,0
ACC000463,0.142952,0,0
ACC002400,0.142946,0,0
ACC003475,0.142875,0,0
ACC005480,0.142732,0,0
ACC007575,0.142671,0,0
ACC001569,0.142638,0,0
ACC004236,0.142624,0,0
ACC004988,0.142574,0,0
ACC003856,0.142381,0,0
ACC000557,0.142283,0,0
ACC003377,0.14223,0,0
ACC007889,0.142194,0,0
ACC009990,0.142092,0,0
ACC009552,0.142054,0,0
ACC002348,0.14199,0,0
ACC001614,0.141975,0,0
ACC003559,0.141972,0,0
ACC008056,0.141888,0,0
ACC005201,0.141876,0,0
ACC009559,0.141856,0,0
ACC009121,0.141799,0,0
ACC001536,0.141794,0,0
ACC002056,0.141738,0,0
ACC000175,0.141727,0,0
ACC009208,0.141714,0,0
ACC001073,0.141688,0,0
ACC002392,0.141532,0,0
ACC004762,0.14147,0,0
ACC004859,0.141382,0,0
ACC001374,0.14114,0,0
ACC008518,0.141136,0,0
ACC001193,0.141105,0,0
ACC002086,0.141095,0,0
ACC000594,0.141084,0,0
ACC006017,0.141077,0,0
ACC007817,0.141044,0,0
ACC000005,0.141032,0,0
ACC009527,0.141029,0,0
ACC004182,0.141028,0,0
ACC008686,0.141015,0,0
ACC000854,0.140922,0,0
ACC008728,0.140918,0,0
ACC008590,0.140909,0,0
ACC005884,0.140895,0,0
ACC006862,0.140891,0,0
ACC006385,0.140875,0,0
ACC004965,0.140839,0,0
ACC005125,0.140829,0,0
ACC005060,0.140726,0,0
ACC005223,0.140692,0,0
ACC004594,0.140691,0,0
ACC008323,0.140677,0,0
ACC002354,0.140606,0,0
ACC001999,0.140567,0,0
ACC005957,0.140556,0,0
ACC005040,0.140552,0,0
ACC004313,0.14049,0,0
ACC000220,0.14049,0,0
ACC003493,0.140487,0,0
ACC008031,0.140431,0,0
ACC004375,0.140334,0,0
ACC008555,0.140306,0,0
ACC003639,0.140026,0,0
ACC004308,0.140025,0,0
ACC009747,0.139962,0,0
ACC000480,0.139922,0,0
ACC003861,0.139892,0,0
ACC007370,0.139688,0,0
ACC000888,0.139664,0,0
ACC006581,0.139632,0,0
ACC001689,0.139614,0,0
ACC009195,0.139593,0,0
ACC001975,0.139499,0,0
ACC004486,0.139472,0,0
ACC005378,0.139459,0,0
ACC004916,0.139349,0,0
ACC009169,0.139321,0,0
ACC005367,0.139292,0,0
ACC008054,0.139266,0,0
ACC004091,0.139219,0,0
ACC002944,0.139208,0,0
ACC007094,0.139158,0,0
ACC009387,0.139155,0,0
ACC002169,0.139093,0,0
ACC000602,0.13904,0,1
ACC007812,0.138999,0,0
ACC004798,0.138993,0,0
ACC002407,0.138927,0,0
ACC001064,0.138921,0,0
ACC001173,0.1389,0,0
ACC005776,0.138813,0,0
ACC005832,0.138789,0,1
ACC006550,0.13876,0,0
ACC009803,0.138749,0,0
ACC008066,0.138739,0,0
ACC002578,0.138674,0,0
ACC005028,0.138657,0,0
ACC002432,0.138656,0,0
ACC009681,0.138651,0,0
ACC006243,0.13864,0,0
ACC000978,0.13863,0,0
ACC002200,0.13862,0,0
ACC001837,0.138615,0,0
ACC003018,0.138614,0,0
ACC008092,0.138613,0,0
ACC001330,0.13855,0,0
ACC005075,0.138547,0,0
ACC005545,0.138495,0,0
ACC001663,0.13847,0,0
ACC008953,0.138339,0,0
ACC007785,0.138227,0,0
ACC003929,0.138224,0,0
ACC000467,0.138218,0,0
ACC005483,0.138178,0,0
ACC004524,0.13795,0,0
ACC005163,0.137933,0,0
ACC006750,0.137896,0,0
ACC006650,0.137862,0,0
ACC000657,0.137683,0,0
ACC004442,0.137649,0,0
ACC008496,0.137632,0,0
ACC007093,0.13761,0,0
ACC008109,0.13756,0,0
ACC006636,0.137552,0,0
ACC007169,0.137535,0,0
ACC005186,0.137526,0,1
ACC005998,0.137519,0,0
ACC004058,0.137517,0,0
ACC002865,0.137471,0,0
ACC004406,0.137311,0,0
ACC006071,0.13727,0,0
ACC001448,0.137233,0,0
ACC007054,0.137139,0,0
ACC008596,0.137101,0,0
ACC007782,0.137059,0,0
ACC004179,0.137033,0,0
ACC006352,0.13702,0,0
ACC009714,0.137011,0,0
ACC008347,0.136934,0,0
ACC000825,0.136926,0,0
ACC006332,0.136774,0,0
ACC007794,0.136726,0,0
ACC009742,0.136611,0,0
ACC003351,0.136601,0,0
ACC002870,0.13654,0,0
ACC003891,0.136539,0,0
ACC007487,0.136499,0,0
ACC002340,0.136457,0,0
ACC004823,0.136322,0,0
ACC000750,0.136237,0,0
ACC004344,0.136237,0,0
ACC005840,0.136194,0,0
ACC001559,0.13615,0,0
ACC008282,0.136118,0,0
ACC001144,0.136063,0,0
ACC009011,0.13604,0,0
ACC008434,0.135914,0,0
ACC007805,0.135889,0,0
ACC006591,0.135856,0,0
ACC003608,0.135856,0,0
ACC008881,0.135852,0,0
ACC007706,0.135849,0,0
ACC008988,0.135838,0,0
ACC007494,0.135822,0,0
ACC004589,0.135812,0,0
ACC005831,0.135787,0,0
ACC003341,0.135778,0,0
ACC009293,0.135746,0,0
ACC000819,0.135731,0,0
ACC001946,0.135659,0,0
ACC005102,0.135656,0,0
ACC003677,0.13557,0,0
ACC006313,0.135402,0,0
ACC008701,0.1354,0,0
ACC003433,0.135382,0,0
ACC009871,0.135217,0,0
ACC003961,0.135209,0,0
ACC005543,0.135205,0,0
ACC001385,0.135187,0,0
ACC002003,0.135107,0,0
ACC009537,0.13507,0,0
ACC008948,0.135037,0,0
ACC001535,0.135034,0,0
ACC002886,0.135025,0,0
ACC000080,0.135013,0,0
ACC003449,0.135009,0,0
ACC000556,0.134994,0,0
ACC007821,0.134974,0,0
ACC005657,0.134949,0,0
ACC000411,0.134861,0,0
ACC003490,0.134822,0,0
ACC004677,0.134757,0,0
ACC005613,0.134751,0,0
ACC005907,0.13474,0,0
ACC005642,0.134702,0,0
ACC006682,0.134685,0,0
ACC008704,0.134681,0,0
ACC001371,0.134664,0,0
ACC005258,0.134662,0,0
ACC006230,0.134657,0,0
ACC002764,0.134576,0,0
ACC000616,0.134492,0,0
ACC003955,0.134471,0,0
ACC006673,0.134391,0,0
ACC007545,0.134372,0,0
ACC002691,0.134368,0,0
ACC003577,0.134362,0,0
ACC005244,0.134354,0,0
ACC007535,0.134205,0,0
ACC007741,0.134177,0,0
ACC002795,0.13417,0,0
ACC001918,0.134136,0,0
ACC008525,0.134002,0,0
ACC000529,0.133989,0,0
ACC007262,0.133957,0,0
ACC007104,0.133914,0,0
ACC003177,0.13386,0,0
ACC007905,0.133844,0,0
ACC003918,0.133834,0,0
ACC007285,0.133829,0,0
ACC006813,0.133825,0,0
ACC009574,0.133806,0,0
ACC008692,0.133803,0,0
ACC004910,0.13378,0,0
ACC002327,0.133764,0,0
ACC008188,0.133706,0,0
ACC001256,0.133689,0,0
ACC001772,0.133633,0,0
ACC005041,0.133564,0,0
ACC006886,0.133515,0,0
ACC004018,0.133487,0,0
ACC002530,0.133477,0,0
ACC009936,0.133433,0,0
ACC002126,0.133371,0,0
ACC008275,0.133346,0,0
ACC000475,0.133271,0,0
ACC000780,0.133174,0,1
ACC003971,0.132926,0,0
ACC001149,0.132824,0,0
ACC005764,0.132824,0,0
ACC000097,0.132721,0,0
ACC002325,0.132702,0,0
ACC009037,0.132653,0,1
ACC001188,0.132647,0,0
ACC000081,0.132642,0,0
ACC001948,0.13264,0,0
ACC006566,0.132617,0,0
ACC001521,0.132613,0,0
ACC003970,0.13259,0,0
ACC006728,0.132567,0,0
ACC002109,0.13256,0,0
ACC000472,0.132533,0,0
ACC001189,0.132517,0,0
ACC006825,0.132503,0,0
ACC000465,0.132476,0,0
ACC001446,0.132444,0,0
ACC009760,0.132417,0,0
ACC000172,0.132381,0,0
ACC007588,0.132374,0,0
ACC003126,0.132335,0,0
ACC003275,0.132265,0,0
ACC001163,0.132192,0,0
ACC000575,0.132175,0,0
ACC006421,0.132155,0,0
ACC002427,0.132098,0,0
ACC005395,0.132069,0,0
ACC005331,0.132048,0,0
ACC003263,0.131951,0,0
ACC009653,0.131836,0,0
ACC003232,0.131765,0,0
ACC006172,0.131748,0,0
ACC001619,0.13174,0,0
ACC004100,0.131614,0,0
ACC009978,0.131613,0,0
ACC008897,0.131568,0,0
ACC000838,0.131541,0,0
ACC000609,0.131429,0,0
ACC006808,0.131405,0,0
ACC008963,0.131392,0,0
ACC005304,0.131314,0,0
ACC004050,0.131216,0,0
ACC005514,0.131177,0,0
ACC002453,0.131078,0,0
ACC006771,0.131026,0,0
ACC004639,0.131022,0,0
ACC007269,0.130976,0,0
ACC005889,0.130962,0,0
ACC002812,0.130933,0,0
ACC005381,0.130857,0,0
ACC005848,0.130842,0,0
ACC003388,0.130827,0,0
ACC001420,0.130804,0,0
ACC001727,0.1308,0,0
ACC002130,0.130719,0,0
ACC002953,0.130692,0,0
ACC006668,0.130631,0,0
ACC000874,0.130516,0,0
ACC002989,0.130515,0,0
ACC000956,0.130422,0,0
ACC000344,0.130411,0,0
ACC008554,0.130402,0,0
ACC007021,0.130391,0,0
ACC001298,0.130384,0,0
ACC006518,0.130377,0,0
ACC004034,0.130367,0,0
ACC009288,0.130348,0,0
ACC008107,0.130325,0,0
ACC006315,0.130214,0,0
ACC008670,0.130202,0,0
ACC001833,0.13016,0,0
ACC000270,0.130154,0,0
ACC001413,0.129871,0,0
ACC007903,0.129849,0,0
ACC002053,0.129822,0,0
ACC000254,0.129791,0,0
ACC003210,0.129791,0,0
ACC008552,0.129757,0,0
ACC005501,0.129757,0,0
ACC007879,0.129728,0,0
ACC003694,0.129683,0,0
ACC003663,0.129659,0,0
ACC002393,0.129517,0,0
ACC006319,0.129514,0,0
ACC008212,0.129504,0,0
ACC009648,0.129485,0,0
ACC008378,0.129454,0,1
ACC008694,0.129419,0,0
ACC002918,0.129397,0,0
ACC004340,0.129369,0,0
ACC009619,0.129338,0,0
ACC004642,0.129334,0,0
ACC000230,0.129331,0,0
ACC007947,0.129302,0,0
ACC008506,0.129293,0,0
ACC005723,0.129198,0,0
ACC001136,0.129171,0,0
ACC001177,0.129167,0,0
ACC002161,0.129152,0,0
ACC008798,0.129148,0,0
ACC007344,0.129035,0,0
ACC006938,0.12903,0,0
ACC007599,0.129011,0,0
ACC001507,0.128957,0,0
ACC008490,0.128956,0,0
ACC004125,0.128942,0,0
ACC009028,0.128928,0,0
ACC008584,0.128917,0,0
ACC008407,0.128879,0,0
ACC005132,0.128861,0,0
ACC004616,0.128801,0,0
ACC006070,0.128779,0,0
ACC008784,0.128778,0,0
ACC006364,0.128707,0,0
ACC002750,0.128673,0,0
ACC004359,0.12863,0,0
ACC000652,0.128556,0,0
ACC005579,0.128533,0,0
ACC001962,0.128498,0,0
ACC002199,0.128457,0,0
ACC001863,0.128456,0,0
ACC008850,0.128416,0,0
ACC001947,0.128406,0,0
ACC006634,0.128373,0,0
ACC004048,0.128321,0,0
ACC005428,0.128319,0,0
ACC007639,0.128288,0,0
ACC007916,0.128279,0,0
ACC007958,0.128263,0,0
ACC008521,0.128255,0,0
ACC009546,0.128201,0,1
ACC000121,0.128077,0,0
ACC007133,0.128048,0,0
ACC002891,0.128019,0,0
ACC008748,0.127935,0,0
ACC002923,0.127897,0,0
ACC002738,0.127763,0,0
ACC004612,0.127712,0,0
ACC003296,0.127709,0,0
ACC005112,0.127689,0,0
ACC000263,0.12763,0,0
ACC009333,0.127542,0,0
ACC008909,0.127541,0,0
ACC009636,0.127393,0,0
ACC005249,0.127384,0,0
ACC007991,0.127271,0,0
ACC002391,0.127215,0,0
ACC008727,0.127138,0,0
ACC001140,0.127086,0,0
ACC003664,0.127074,0,0
ACC009278,0.127055,0,0
ACC002226,0.127045,0,0
ACC002338,0.127028,0,0
ACC002143,0.126983,0,0
ACC002115,0.126859,0,0
ACC007671,0.126853,0,0
ACC009186,0.12684,0,0
ACC004194,0.126836,0,0
ACC003652,0.126834,0,0
ACC000607,0.126832,0,0
ACC002503,0.126786,0,0
ACC006543,0.12667,0,0
ACC001452,0.126659,0,0
ACC009664,0.126642,0,0
ACC006052,0.126639,0,0
ACC008429,0.126565,0,0
ACC007977,0.126511,0,0
ACC003306,0.126503,0,0
ACC002919,0.126488,0,0
ACC004566,0.126485,0,0
ACC009745,0.126372,0,0
ACC000103,0.126361,0,0
ACC008175,0.126317,0,0
ACC006706,0.126292,0,0
ACC006563,0.12625,0,0
ACC005383,0.126243,0,0
ACC009458,0.126221,0,0
ACC009443,0.126211,0,0
ACC009730,0.12615,0,0
ACC006599,0.126113,0,0
ACC009975,0.126089,0,0
ACC001145,0.126085,0,0
ACC006538,0.126077,0,0
ACC006678,0.126043,0,0
ACC009078,0.126033,0,0
ACC006614,0.126022,0,0
ACC008666,0.12602,0,0
ACC008145,0.12597,0,0
ACC001935,0.125948,0,0
ACC003767,0.125929,0,0
ACC005849,0.12588,0,0
ACC005256,0.125876,0,0
ACC001102,0.12586,0,0
ACC002659,0.125858,0,0
ACC007659,0.125823,0,0
ACC009132,0.125793,0,0
ACC005325,0.12577,0,0
ACC007923,0.125757,0,0
ACC003944,0.125744,0,0
ACC000345,0.125743,0,0
ACC007308,0.125734,0,0
ACC007635,0.125719,0,0
ACC002811,0.125676,0,0
ACC001993,0.125667,0,0
ACC007790,0.125663,0,0
ACC005747,0.125625,0,0
ACC000528,0.125625,0,0
ACC001985,0.125621,0,0
ACC005254,0.125595,0,0
ACC003600,0.125568,0,0
ACC007334,0.125546,0,0
ACC009732,0.125523,0,0
ACC007359,0.125516,0,0
ACC002123,0.125509,0,0
ACC001088,0.125439,0,0
ACC005652,0.125432,0,0
ACC003771,0.125405,0,0
ACC008841,0.125383,0,0
ACC009379,0.125344,0,0
ACC008785,0.125283,0,0
ACC008885,0.125268,0,0
ACC006297,0.12515,0,0
ACC003602,0.125127,0,0
ACC004230,0.125121,0,0
ACC006189,0.125115,0,0
ACC001942,0.125103,0,0
ACC002922,0.125055,0,0
ACC009547,0.125019,0,0
ACC009516,0.124992,0,0
ACC006731,0.124969,0,0
ACC006992,0.124945,0,0
ACC008991,0.124944,0,0
ACC001138,0.124942,0,0
ACC002721,0.124854,0,0
ACC003792,0.124837,0,0
ACC002869,0.124821,0,0
ACC003844,0.124758,0,0
ACC007349,0.124689,0,0
ACC000827,0.12468,0,0
ACC002276,0.124636,0,0
ACC003817,0.124621,0,0
ACC009378,0.12461,0,0
ACC004445,0.124585,0,0
ACC009075,0.124539,0,0
ACC007832,0.124524,0,0
ACC004909,0.124443,0,0
ACC004424,0.124424,0,0
ACC004525,0.124304,0,0
ACC006474,0.124286,0,0
ACC009749,0.124249,0,0
ACC007157,0.124213,0,0
ACC002718,0.124177,0,0
ACC001082,0.124061,0,0
ACC001059,0.124054,0,0
ACC007042,0.123956,0,0
ACC009151,0.12391,0,0
ACC000826,0.123897,0,0
ACC002106,0.123846,0,0
ACC000334,0.123814,0,0
ACC005458,0.123762,0,0
ACC005235,0.123743,0,0
ACC001476,0.123727,0,0
ACC005127,0.123692,0,0
ACC009388,0.123629,0,0
ACC008937,0.12362,0,0
ACC006575,0.12362,0,0
ACC003481,0.123596,0,0
ACC002329,0.123588,0,0
ACC001608,0.123566,0,0
ACC001462,0.123554,0,0
ACC008585,0.123518,0,0
ACC006325,0.123455,0,0
ACC006690,0.123441,0,0
ACC005660,0.12336,0,0
ACC006824,0.123351,0,0
ACC007972,0.123328,0,0
ACC002078,0.123293,0,0
ACC002809,0.123285,0,0
ACC002955,0.123237,0,0
ACC003923,0.123224,0,0
ACC009535,0.123217,0,0
ACC003880,0.123214,0,0
ACC006458,0.123205,0,0
ACC007040,0.12312,0,0
ACC000074,0.123047,0,0
ACC002867,0.123013,0,0
ACC001786,0.122966,0,0
ACC001724,0.122922,0,0
ACC005043,0.122851,0,0
ACC005811,0.122799,0,0
ACC001421,0.122662,0,0
ACC002240,0.122649,0,0
ACC008964,0.12264,0,0
ACC009830,0.122633,0,0
ACC005187,0.12262,0,0
ACC001889,0.122611,0,0
ACC009572,0.122548,0,0
ACC007996,0.12239,0,0
ACC009366,0.122349,0,0
ACC002864,0.12233,0,0
ACC005334,0.122296,0,0
ACC002825,0.122276,0,0
ACC007211,0.122256,0,0
ACC000233,0.122138,0,0
ACC000330,0.122126,0,0
ACC001870,0.122116,0,0
ACC004749,0.12211,0,0
ACC002262,0.122068,0,0
ACC008292,0.122058,0,0
ACC009233,0.12205,0,0
ACC006414,0.122014,0,0
ACC001165,0.121984,0,0
ACC000054,0.121978,0,0
ACC006088,0.121965,0,0
ACC007299,0.121922,0,0
ACC003610,0.121916,0,0
ACC009597,0.121891,0,0
ACC008019,0.121827,0,0
ACC006974,0.121813,0,0
ACC004864,0.121782,0,0
ACC006766,0.121749,0,0
ACC006368,0.121745,0,0
ACC001944,0.121725,0,0
ACC000785,0.121693,0,0
ACC006496,0.121561,0,0
ACC002314,0.121561,0,0
ACC005415,0.121559,0,0
ACC003496,0.121552,0,0
ACC003176,0.121516,0,0
ACC003221,0.121497,0,0
ACC009955,0.121488,0,0
ACC007353,0.121424,0,0
ACC009609,0.121423,0,0
ACC008864,0.121364,0,0
ACC005815,0.121293,0,0
ACC000277,0.121288,0,0
ACC008461,0.121257,0,0
ACC003801,0.121256,0,0
ACC002285,0.121245,0,0
ACC002411,0.121167,0,0
ACC000363,0.12114,0,0
ACC000181,0.121113,0,0
ACC003632,0.121084,0,0
ACC007221,0.121081,0,0
ACC005929,0.121056,0,0
ACC004625,0.121046,0,0
ACC008089,0.121038,0,0
ACC005430,0.121029,0,0
ACC003619,0.120999,0,0
ACC006317,0.120977,0,0
ACC007082,0.120947,0,0
ACC006585,0.120943,0,0
ACC003375,0.120933,0,0
ACC004950,0.120898,0,0
ACC007618,0.120868,0,0
ACC005144,0.120833,0,0
ACC002227,0.120797,0,0
ACC008801,0.120768,0,0
ACC001263,0.120732,0,0
ACC007259,0.120718,0,0
ACC009113,0.120683,0,0
ACC001068,0.120631,0,0
ACC009548,0.120631,0,0
ACC008982,0.120621,0,0
ACC005003,0.120563,0,0
ACC006839,0.120559,0,0
ACC009385,0.120553,0,0
ACC007279,0.120525,0,0
ACC000812,0.120479,0,0
ACC005273,0.120455,0,0
ACC007650,0.120423,0,0
ACC006375,0.120254,0,0
ACC006411,0.120252,0,0
ACC003038,0.120243,0,0
ACC004250,0.120222,0,0
ACC009307,0.120209,0,0
ACC007756,0.120203,0,0
ACC006969,0.120131,0,0
ACC008329,0.120113,0,0
ACC003228,0.1201,0,0
ACC003897,0.120023,0,1
ACC002630,0.119957,0,0
ACC004397,0.119924,0,0
ACC009828,0.119911,0,0
ACC006000,0.119904,0,0
ACC008758,0.1199,0,0
ACC009250,0.11981,0,0
ACC001930,0.119808,0,0
ACC002973,0.119797,0,0
ACC005455,0.119792,0,0
ACC002600,0.119496,0,0
ACC003742,0.119475,0,0
ACC000643,0.119417,0,0
ACC009843,0.119377,0,0
ACC008258,0.119369,0,0
ACC005983,0.119346,0,0
ACC009065,0.11933,0,0
ACC008077,0.119322,0,0
ACC005278,0.119255,0,0
ACC005671,0.119199,0,0
ACC004509,0.119174,0,0
ACC008975,0.11917,0,0
ACC009524,0.11914,0,1
ACC005647,0.119059,0,0
ACC008455,0.119019,0,0
ACC005519,0.118994,0,0
ACC008754,0.118993,0,0
ACC000410,0.118982,0,0
ACC003140,0.118953,0,0
ACC009542,0.118944,0,0
ACC000597,0.11889,0,0
ACC004280,0.118865,0,0
ACC009979,0.118844,0,0
ACC009662,0.118834,0,0
ACC009938,0.118829,0,0
ACC004056,0.118814,0,0
ACC008041,0.118772,0,0
ACC002779,0.118636,0,0
ACC001709,0.118625,0,0
ACC002337,0.11861,0,0
ACC008425,0.118606,0,0
ACC005347,0.118587,0,0
ACC006627,0.118578,0,0
ACC009952,0.118577,0,0
ACC005426,0.118572,0,0
ACC004982,0.118539,0,0
ACC009967,0.118508,0,0
ACC004353,0.118497,0,0
ACC004610,0.118465,0,0
ACC006656,0.118376,0,0
ACC005556,0.118372,0,0
ACC009433,0.118363,0,0
ACC003686,0.118256,0,0
ACC001108,0.118204,0,0
ACC006508,0.118173,0,0
ACC003131,0.118109,0,0
ACC006746,0.118106,0,0
ACC009601,0.118088,0,0
ACC009392,0.118004,0,0
ACC007026,0.117985,0,0
ACC003077,0.117932,0,0
ACC004233,0.117923,0,0
ACC008723,0.117903,0,0
ACC007147,0.1179,0,0
ACC003749,0.1179,0,0
ACC002963,0.117867,0,0
ACC001751,0.117867,0,0
ACC005444,0.117856,0,0
ACC005197,0.117855,0,0
ACC001034,0.117844,0,0
ACC003098,0.117736,0,0
ACC003666,0.117701,0,0
ACC008916,0.11767,0,0
ACC000459,0.117615,0,0
ACC006758,0.117613,0,0
ACC004563,0.117603,0,0
ACC000902,0.117594,0,0
ACC000682,0.117574,0,0
ACC008205,0.117563,0,0
ACC001400,0.117555,0,0
ACC002574,0.117545,0,0
ACC009295,0.117451,0,0
ACC004458,0.11743,0,0
ACC004409,0.117392,0,0
ACC001549,0.117379,0,0
ACC000096,0.11737,0,0
ACC008333,0.117345,0,0
ACC006433,0.117332,0,0
ACC000618,0.117327,0,0
ACC009982,0.11732,0,0
ACC007560,0.11731,0,0
ACC006312,0.117306,0,0
ACC001427,0.117298,0,0
ACC002680,0.117296,0,0
ACC001816,0.11729,0,0
ACC006238,0.117269,0,0
ACC002376,0.117247,0,0
ACC008767,0.117245,0,0
ACC008116,0.117204,0,0
ACC001604,0.117203,0,0
ACC001103,0.117197,0,0
ACC002381,0.117156,0,0
ACC008432,0.117125,0,0
ACC007580,0.117088,0,0
ACC005575,0.117076,0,0
ACC005050,0.117056,0,0
ACC000443,0.117036,0,0
ACC009823,0.117034,0,0
ACC009690,0.117022,0,0
ACC007952,0.116995,0,0
ACC003846,0.116993,0,0
ACC004736,0.116969,0,0
ACC002179,0.116967,0,0
ACC006648,0.116912,0,0
ACC001051,0.11691,0,0
ACC004315,0.116899,0,0
ACC003242,0.116889,0,0
ACC006053,0.116882,0,0
ACC006044,0.116881,0,0
ACC003494,0.116751,0,0
ACC004870,0.116724,0,0
ACC002516,0.116643,0,0
ACC005845,0.116625,0,0
ACC003409,0.116613,0,0
ACC007420,0.116601,0,0
ACC004922,0.11658,0,0
ACC009251,0.116564,0,0
ACC006524,0.116562,0,0
ACC001546,0.116542,0,0
ACC003173,0.116518,0,0
ACC007263,0.11651,0,0
ACC001209,0.116509,0,0
ACC005577,0.116491,0,0
ACC000846,0.11649,0,0
ACC006465,0.116431,0,0
ACC000635,0.116394,0,0
ACC007634,0.116278,0,0
ACC001071,0.11627,0,0
ACC000198,0.116252,0,0
ACC006879,0.116241,0,0
ACC007417,0.116174,0,0
ACC005801,0.116127,0,0
ACC008861,0.116084,0,0
ACC005421,0.116077,0,0
ACC007072,0.11607,0,0
ACC000371,0.116026,0,0
ACC009414,0.115975,0,0
ACC004054,0.1159,0,0
ACC003909,0.115885,0,0
ACC000709,0.115817,0,0
ACC005955,0.115757,0,0
ACC009890,0.11575,0,0
ACC003641,0.115732,0,0
ACC000776,0.115719,0,0
ACC009866,0.115687,0,0
ACC000976,0.115659,0,0
ACC009631,0.115629,0,0
ACC008281,0.115602,0,0
ACC006697,0.115596,0,0
ACC001065,0.115579,0,0
ACC008920,0.115566,0,0
ACC001834,0.11554,0,0
ACC004433,0.11553,0,0
ACC008423,0.115499,0,0
ACC002320,0.115456,0,0
ACC003834,0.115429,0,0
ACC008199,0.115396,0,0
ACC005351,0.115372,0,0
ACC003633,0.115363,0,0
ACC003956,0.115331,0,0
ACC003399,0.115318,0,0
ACC007989,0.115263,0,0
ACC005774,0.115169,0,0
ACC005316,0.115162,0,0
ACC008678,0.115152,0,0
ACC001688,0.115147,0,0
ACC002748,0.115134,0,0
ACC007356,0.115044,0,0
ACC004960,0.115043,0,0
ACC006450,0.114992,0,0
ACC004829,0.114965,0,0
ACC001334,0.114951,0,0
ACC005775,0.114923,0,0
ACC007020,0.11492,0,0
ACC008365,0.114758,0,0
ACC004895,0.11474,0,0
ACC009635,0.114737,0,0
ACC009894,0.114725,0,0
ACC005250,0.114697,0,0
ACC001287,0.114694,0,0
ACC000598,0.114689,0,0
ACC003207,0.114663,0,0
ACC008771,0.114648,0,0
ACC009117,0.114606,0,0
ACC000292,0.114586,0,0
ACC001231,0.114577,0,0
ACC001494,0.114572,0,0
ACC003316,0.114565,0,0
ACC001035,0.114523,0,0
ACC000193,0.114519,0,0
ACC004691,0.114497,0,0
ACC000197,0.11448,0,0
ACC009541,0.114445,0,0
ACC004516,0.114445,0,0
ACC007966,0.114388,0,0
ACC001442,0.114382,0,0
ACC004210,0.114276,0,0
ACC001017,0.114259,0,0
ACC001554,0.114253,0,0
ACC003386,0.114198,0,0
ACC002725,0.114196,0,0
ACC002058,0.114171,0,0
ACC001541,0.11417,0,0
ACC004511,0.114162,0,0
ACC009228,0.114122,0,0
ACC008332,0.114075,0,0
ACC006054,0.114071,0,0
ACC009252,0.114026,0,0
ACC008424,0.114025,0,0
ACC004461,0.113957,0,0
ACC003188,0.11394,0,0
ACC006779,0.113908,0,0
ACC005482,0.113837,0,0
ACC005701,0.113765,0,0
ACC002641,0.113763,0,0
ACC000231,0.113753,0,0
ACC000992,0.113752,0,0
ACC007898,0.113706,0,0
ACC000538,0.113641,0,0
ACC009764,0.113635,0,0
ACC009144,0.113627,0,0
ACC000369,0.113615,0,0
ACC000605,0.113608,0,0
ACC005182,0.113589,0,0
ACC006194,0.113582,0,0
ACC009190,0.113558,0,0
ACC000479,0.113532,0,0
ACC007611,0.113519,0,0
ACC005814,0.113517,0,0
ACC001633,0.1135,0,0
ACC003226,0.113405,0,0
ACC003685,0.113402,0,0
ACC009504,0.11332,0,0
ACC003147,0.113312,0,0
ACC005114,0.113306,0,0
ACC002786,0.113286,0,0
ACC006734,0.113279,0,0
ACC004586,0.113275,0,0
ACC008271,0.113248,0,0
ACC000464,0.113194,0,0
ACC006370,0.113166,0,0
ACC001974,0.113145,0,0
ACC003946,0.11314,0,0
ACC009314,0.113089,0,0
ACC009070,0.113086,0,0
ACC008049,0.11303,0,0
ACC006701,0.112997,0,0
ACC006748,0.112992,0,0
ACC007396,0.112989,0,0
ACC001212,0.112988,0,0
ACC000435,0.112938,0,0
ACC005390,0.112933,0,0
ACC000047,0.112914,0,0
ACC009348,0.112878,0,0
ACC005255,0.112847,0,0
ACC001939,0.112828,0,0
ACC002840,0.112819,0,0
ACC007137,0.112791,0,0
ACC008509,0.11276,0,0
ACC003537,0.112756,0,0
ACC008265,0.112728,0,0
ACC000952,0.112704,0,0
ACC004396,0.112687,0,0
ACC004875,0.112675,0,0
ACC007151,0.112605,0,0
ACC004275,0.112596,0,0
ACC006030,0.112504,0,0
ACC000389,0.112481,0,0
ACC003650,0.11243,0,0
ACC000615,0.112401,0,0
ACC002915,0.112382,0,0
ACC006178,0.112349,0,0
ACC008274,0.112334,0,0
ACC005834,0.112315,0,0
ACC005611,0.112305,0,0
ACC000441,0.112242,0,0
ACC009731,0.11224,0,0
ACC003329,0.112228,0,0
ACC003974,0.112201,0,0
ACC007302,0.112109,0,0
ACC006548,0.112095,0,0
ACC005049,0.112088,0,0
ACC001110,0.11208,0,0
ACC001131,0.112078,0,0
ACC000352,0.112066,0,0
ACC008099,0.112051,0,0
ACC009450,0.112022,0,0
ACC004012,0.111977,0,0
ACC002927,0.111847,0,0
ACC008711,0.111846,0,0
ACC001884,0.111784,0,0
ACC007136,0.111747,0,0
ACC007275,0.111688,0,0
ACC005447,0.111665,0,0
ACC008930,0.111651,0,0
ACC001099,0.111641,0,0
ACC003508,0.111639,0,0
ACC009301,0.1116,0,0
ACC008065,0.111591,0,0
ACC005933,0.111533,0,0
ACC002493,0.111456,0,0
ACC009951,0.111406,0,0
ACC007620,0.111394,0,0
ACC004248,0.111391,0,0
ACC009352,0.111351,0,1
ACC004222,0.111327,0,0
ACC001493,0.111317,0,0
ACC002293,0.111313,0,0
ACC006716,0.11131,0,0
ACC003445,0.111262,0,0
ACC007586,0.111259,0,0
ACC006721,0.111251,0,0
ACC006369,0.111191,0,0
ACC008581,0.111141,0,0
ACC004189,0.111103,0,0
ACC002616,0.111062,0,0
ACC008413,0.11103,0,0
ACC003699,0.111019,0,0
ACC008717,0.110994,0,0
ACC002617,0.110974,0,0
ACC009074,0.110967,0,0
ACC000669,0.110956,0,0
ACC006351,0.110905,0,0
ACC008715,0.110901,0,0
ACC009829,0.110874,0,0
ACC009503,0.110836,0,0
ACC003505,0.110835,0,0
ACC008985,0.11079,0,0
ACC005013,0.110769,0,0
ACC008501,0.110673,0,0
ACC005910,0.110668,0,0
ACC006710,0.110633,0,0
ACC006613,0.110628,0,0
ACC003806,0.110614,0,0
ACC009765,0.110586,0,0
ACC001530,0.110533,0,0
ACC004911,0.110523,0,0
ACC009814,0.110487,0,0
ACC002187,0.110487,0,0
ACC001938,0.110459,0,0
ACC003813,0.110385,0,0
ACC003777,0.110359,0,0
ACC005773,0.110337,0,0
ACC005472,0.110333,0,0
ACC002701,0.110303,0,0
ACC008052,0.110254,0,0
ACC001652,0.110248,0,0
ACC002801,0.110239,0,0
ACC004422,0.110203,0,0
ACC004105,0.110197,0,0
ACC001511,0.110146,0,0
ACC003935,0.11014,0,0
ACC001875,0.110117,0,0
ACC005271,0.110109,0,0
ACC007416,0.110074,0,0
ACC004120,0.110067,0,0
ACC003960,0.110028,0,0
ACC008093,0.109968,0,0
ACC003410,0.109949,0,0
ACC007346,0.109941,0,0
ACC002333,0.109919,0,0
ACC004934,0.109857,0,0
ACC000247,0.109856,0,0
ACC006861,0.109845,0,0
ACC002362,0.109804,0,0
ACC008740,0.1098,0,0
ACC005516,0.109761,0,0
ACC009529,0.109761,0,0
ACC008684,0.109751,0,0
ACC007607,0.109745,0,0
ACC000932,0.109561,0,0
ACC002419,0.109551,0,0
ACC000680,0.109532,0,0
ACC008539,0.109451,0,0
ACC004987,0.109441,0,0
ACC002473,0.109436,0,0
ACC007721,0.109423,0,0
ACC007544,0.109409,0,0
ACC008679,0.109406,0,0
ACC003709,0.109384,0,0
ACC008721,0.109363,0,0
ACC006296,0.109311,0,0
ACC009918,0.109289,0,0
ACC002463,0.109266,0,0
ACC005085,0.109197,0,0
ACC002008,0.109053,0,0
ACC008542,0.10904,0,0
ACC000126,0.108973,0,0
ACC003205,0.108958,0,0
ACC007686,0.108958,0,0
ACC009660,0.108937,0,0
ACC002660,0.108933,0,0
ACC004906,0.108929,0,0
ACC001465,0.108904,0,0
ACC002733,0.108817,0,0
ACC002967,0.108812,0,0
ACC000460,0.108793,0,0
ACC007418,0.108729,0,0
ACC007354,0.108622,0,0
ACC006500,0.108573,0,0
ACC002579,0.108561,0,0
ACC009493,0.108556,0,0
ACC002416,0.108537,0,0
ACC006362,0.10852,0,0
ACC009466,0.108422,0,0
ACC007787,0.108402,0,0
ACC009267,0.108393,0,0
ACC007801,0.10838,0,0
ACC005531,0.10837,0,0
ACC006864,0.108357,0,0
ACC003165,0.108237,0,0
ACC002209,0.108174,0,0
ACC002043,0.108159,0,0
ACC006502,0.108083,0,0
ACC007257,0.108074,0,0
ACC009759,0.107988,0,0
ACC001997,0.107961,0,0
ACC001222,0.107958,0,0
ACC006203,0.107932,0,0
ACC006637,0.10787,0,0
ACC003092,0.107827,0,0
ACC004403,0.10782,0,0
ACC003473,0.107816,0,0
ACC000018,0.107808,0,0
ACC009507,0.107807,0,0
ACC006188,0.107769,0,0
ACC002634,0.107751,0,0
ACC003245,0.107693,0,0
ACC008899,0.107689,0,0
ACC001150,0.107646,0,0
ACC007559,0.107627,0,0
ACC009322,0.107568,0,0
ACC006018,0.107513,0,0
ACC005478,0.107504,0,0
ACC003271,0.107492,0,0
ACC007150,0.107483,0,0
ACC009400,0.107444,0,0
ACC004526,0.107383,0,0
ACC008017,0.10737,0,0
ACC009254,0.107364,0,0
ACC009340,0.107336,0,0
ACC002589,0.107316,0,0
ACC009802,0.107293,0,0
ACC007554,0.107243,0,0
ACC008932,0.107113,0,0
ACC003416,0.107095,0,0
ACC009350,0.107083,0,0
ACC002710,0.107056,0,0
ACC002467,0.107045,0,0
ACC006095,0.107038,0,0
ACC004585,0.107015,0,0
ACC003805,0.107008,0,0
ACC007851,0.107001,0,0
ACC007075,0.106995,0,0
ACC000017,0.106963,0,0
ACC008007,0.106926,0,0
ACC007358,0.106886,0,0
ACC007549,0.106853,0,0
ACC005217,0.106849,0,0
ACC008971,0.106805,0,0
ACC007292,0.106746,0,0
ACC000512,0.106738,0,0
ACC004735,0.106731,0,0
ACC006647,0.106703,0,0
ACC004299,0.10669,0,0
ACC005658,0.106668,0,0
ACC007703,0.106656,0,0
ACC001668,0.106614,0,0
ACC003675,0.106605,0,0
ACC001533,0.106602,0,0
ACC008263,0.106581,0,0
ACC006559,0.106563,0,0
ACC002957,0.10652,0,0
ACC007820,0.106502,0,0
ACC006294,0.106487,0,0
ACC004689,0.106431,0,0
ACC004807,0.106431,0,0
ACC005696,0.106427,0,0
ACC003301,0.106421,0,0
ACC003356,0.106414,0,0
ACC000834,0.106413,0,0
ACC006245,0.106383,0,0
ACC004663,0.106364,0,0
ACC004097,0.106364,0,0
ACC004555,0.10636,0,0
ACC009136,0.106353,0,0
ACC000063,0.106344,0,0
ACC009996,0.106343,0,0
ACC003166,0.106276,0,0
ACC004527,0.106229,0,0
ACC001060,0.106227,0,0
ACC001489,0.10619,0,0
ACC009499,0.106163,0,0
ACC002112,0.106144,0,0
ACC000649,0.106094,0,0
ACC002892,0.106076,0,0
ACC003504,0.106058,0,0
ACC007051,0.106001,0,0
ACC004309,0.105999,0,0
ACC002234,0.10596,0,0
ACC000011,0.105957,0,0
ACC003081,0.105942,0,1
ACC002215,0.105893,0,0
ACC001602,0.10586,0,0
ACC001485,0.105854,0,0
ACC005987,0.105845,0,0
ACC008624,0.105819,0,0
ACC004954,0.105807,0,0
ACC008587,0.105793,0,0
ACC008769,0.105755,0,0
ACC002031,0.105751,0,0
ACC005062,0.105732,0,0
ACC002720,0.105665,0,0
ACC000631,0.105662,0,0
ACC007382,0.105649,0,0
ACC009456,0.105628,0,0
ACC004377,0.10562,0,0
ACC005158,0.105533,0,0
ACC000887,0.105502,0,0
ACC000204,0.105495,0,0
ACC001991,0.105489,0,0
ACC009621,0.105488,0,0
ACC006378,0.105487,0,0
ACC006091,0.105484,0,0
ACC000889,0.105482,0,0
ACC004254,0.105457,0,0
ACC003737,0.105445,0,0
ACC009173,0.105431,0,0
ACC002175,0.105396,0,0
ACC001094,0.10537,0,0
ACC007949,0.105369,0,0
ACC004928,0.105365,0,0
ACC008901,0.105365,0,0
ACC007336,0.105266,0,0
ACC007915,0.105258,0,0
ACC002194,0.105248,0,0
ACC005751,0.105214,0,0
ACC008549,0.105206,0,0
ACC001791,0.105179,0,0
ACC005670,0.105173,0,0
ACC006549,0.105151,0,1
ACC001882,0.105116,0,0
ACC003486,0.105106,0,0
ACC001375,0.105077,0,0
ACC007929,0.105034,0,0
ACC005730,0.105017,0,0
ACC005952,0.104998,0,0
ACC001969,0.104927,0,0
ACC000112,0.104925,0,0
ACC006093,0.10492,0,0
ACC006996,0.104906,0,0
ACC002899,0.104906,0,0
ACC005888,0.104876,0,0
ACC004673,0.104855,0,0
ACC007433,0.104832,0,0
ACC000488,0.104815,0,0
ACC005145,0.104798,0,0
ACC004623,0.104796,0,0
ACC001498,0.104765,0,0
ACC003317,0.104741,0,0
ACC008165,0.104725,0,0
ACC003635,0.104686,0,0
ACC006418,0.104681,0,0
ACC003848,0.104661,0,0
ACC003871,0.104658,0,0
ACC002224,0.104646,0,0
ACC006847,0.104634,0,0
ACC003061,0.104624,0,0
ACC009418,0.1046,0,0
ACC009256,0.104587,0,0
ACC001227,0.104555,0,0
ACC000670,0.104462,0,0
ACC006121,0.104462,0,0
ACC000596,0.104435,0,0
ACC000105,0.104433,0,0
ACC002905,0.104392,0,0
ACC003905,0.104347,0,0
ACC003587,0.104337,0,0
ACC009565,0.104315,0,0
ACC002331,0.104307,0,0
ACC009588,0.104287,0,0
ACC001087,0.104269,0,0
ACC000719,0.104241,0,0
ACC008712,0.104226,0,0
ACC009691,0.104138,0,0
ACC005809,0.104132,0,0
ACC009933,0.104126,0,0
ACC001736,0.104123,0,0
ACC007212,0.104079,0,0
ACC006982,0.10407,0,0
ACC009968,0.104059,0,0
ACC001504,0.104057,0,0
ACC002783,0.104038,0,0
ACC003558,0.103992,0,0
ACC006579,0.103957,0,0
ACC009171,0.103933,0,0
ACC007057,0.1039,0,0
ACC008386,0.103826,0,0
ACC001907,0.103808,0,0
ACC009675,0.103767,0,0
ACC004343,0.103745,0,0
ACC006153,0.103731,0,0
ACC009616,0.103718,0,0
ACC003464,0.103706,0,0
ACC008914,0.103637,0,0
ACC002648,0.103574,0,0
ACC009610,0.103494,0,0
ACC001459,0.103482,0,0
ACC000778,0.103437,0,0
ACC005795,0.103437,0,0
ACC007290,0.103388,0,0
ACC004200,0.103368,0,0
ACC000065,0.103367,0,0
ACC007640,0.103349,0,0
ACC005491,0.103334,0,0
ACC006396,0.103315,0,0
ACC003113,0.103301,0,0
ACC007030,0.103286,0,0
ACC000368,0.103271,0,0
ACC005116,0.103268,0,0
ACC005521,0.103268,0,0
ACC005073,0.103235,0,0
ACC009931,0.103228,0,0
ACC006462,0.103214,0,0
ACC002373,0.103196,0,0
ACC006079,0.103184,0,0
ACC007008,0.103114,0,0
ACC005820,0.103073,0,0
ACC008987,0.103067,0,0
ACC006347,0.103042,0,0
ACC008170,0.103011,0,0
ACC003977,0.103005,0,0
ACC002517,0.102956,0,0
ACC001156,0.102943,0,0
ACC002532,0.102924,0,0
ACC003952,0.102912,0,0
ACC002737,0.102883,0,0
ACC000222,0.102869,0,0
ACC002959,0.102866,0,0
ACC000178,0.10286,0,0
ACC001192,0.102842,0,0
ACC003390,0.102831,0,0
ACC001281,0.102811,0,0
ACC004401,0.102799,0,0
ACC009560,0.102736,0,0
ACC001894,0.102732,0,0
ACC003622,0.102719,0,0
ACC003094,0.102715,0,0
ACC004926,0.102695,0,0
ACC001460,0.102689,0,0
ACC006987,0.102679,0,0
ACC009755,0.102647,0,0
ACC001807,0.102603,0,0
ACC002805,0.102599,0,0
ACC002860,0.102594,0,0
ACC008150,0.10259,0,0
ACC005672,0.102589,0,0
ACC008192,0.102569,0,0
ACC007088,0.102562,0,0
ACC002759,0.102533,0,0
ACC007778,0.102478,0,0
ACC003052,0.102454,0,0
ACC002568,0.102433,0,0
ACC003950,0.102422,0,0
ACC005253,0.102418,0,0
ACC007797,0.102417,0,0
ACC001152,0.102415,0,0
ACC001294,0.102392,0,0
ACC004291,0.102362,0,0
ACC007197,0.102333,0,0
ACC009198,0.102302,0,0
ACC001681,0.102289,0,0
ACC003637,0.102282,0,0
ACC004368,0.102262,0,0
ACC009840,0.102244,0,0
ACC009743,0.10224,0,0
ACC001278,0.102165,0,0
ACC000471,0.102145,0,0
ACC003274,0.102141,0,0
ACC009807,0.102113,0,0
ACC009273,0.102092,0,0
ACC006604,0.102068,0,0
ACC001585,0.102041,0,0
ACC009318,0.101987,0,0
ACC007933,0.101939,0,0
ACC002540,0.101938,0,0
ACC009969,0.101923,0,0
ACC007522,0.101879,0,0
ACC005909,0.101819,0,0
ACC002316,0.10174,0,0
ACC005797,0.10173,0,0
ACC004757,0.101706,0,0
ACC000314,0.101704,0,0
ACC006797,0.10169,0,0
ACC002402,0.10168,0,0
ACC009226,0.101651,0,0
ACC007050,0.101614,0,0
ACC004730,0.101606,0,0
ACC003468,0.10158,0,0
ACC000156,0.101565,0,0
ACC006850,0.101562,0,0
ACC008290,0.10154,0,0
ACC006327,0.1015,0,0
ACC000191,0.101428,0,0
ACC004940,0.101425,0,0
ACC000199,0.101374,0,0
ACC005280,0.101365,0,0
ACC006705,0.101343,0,0
ACC001202,0.101327,0,0
ACC001680,0.101319,0,0
ACC004643,0.101317,0,0
ACC006694,0.10129,0,0
ACC005058,0.101232,0,0
ACC004053,0.10122,0,0
ACC004364,0.10114,0,0
ACC003563,0.101124,0,0
ACC009899,0.101121,0,0
ACC003056,0.101097,0,0
ACC002344,0.101088,0,0
ACC003855,0.100984,0,0
ACC004449,0.100956,0,0
ACC005275,0.100924,0,0
ACC001207,0.100916,0,0
ACC004312,0.100847,0,0
ACC004183,0.100796,0,0
ACC002064,0.100776,0,0
ACC000899,0.100752,0,0
ACC001451,0.10074,0,0
ACC006626,0.100739,0,0
ACC006279,0.10071,0,0
ACC004095,0.10071,0,0
ACC009417,0.100695,0,0
ACC006641,0.100675,0,0
ACC000857,0.10059,0,0
ACC007648,0.100583,0,0
ACC000057,0.100557,0,0
ACC002489,0.100478,0,0
ACC003948,0.100466,0,0
ACC009263,0.100446,0,0
ACC001843,0.10043,0,0
ACC002323,0.100423,0,0
ACC007567,0.100422,0,0
ACC006050,0.100296,0,0
ACC004584,0.100285,0,0
ACC003308,0.100248,0,1
ACC002932,0.10022,0,0
ACC005176,0.100211,0,0
ACC008770,0.100194,0,0
ACC007162,0.100181,0,0
ACC007017,0.100147,0,0
ACC001315,0.10012,0,0
ACC008398,0.100073,0,0
ACC007161,0.10007,0,0
ACC005020,0.100052,0,0
ACC005295,0.100039,0,0
ACC003714,0.100037,0,0
ACC007870,0.099939,0,0
ACC005166,0.099924,0,0
ACC001641,0.099853,0,0
ACC002103,0.099828,0,0
ACC007547,0.099821,0,0
ACC007458,0.099815,0,0
ACC006405,0.099774,0,0
ACC005826,0.099736,0,0
ACC008528,0.099718,0,0
ACC006744,0.099661,0,0
ACC003239,0.099628,0,0
ACC004792,0.099582,0,0
ACC008652,0.099578,0,0
ACC004411,0.099404,0,0
ACC000293,0.099375,0,0
ACC005621,0.099346,0,0
ACC009988,0.099335,0,0
ACC004467,0.099271,0,0
ACC002845,0.099257,0,0
ACC007388,0.099232,0,0
ACC005880,0.099213,0,0
ACC007046,0.099182,0,0
ACC008905,0.099149,0,0
ACC001171,0.0991,0,0
ACC007014,0.099098,0,0
ACC006939,0.099041,0,0
ACC000428,0.099027,0,0
ACC000130,0.099018,0,0
ACC002010,0.099016,0,0
ACC002707,0.098994,0,0
ACC003765,0.098986,0,0
ACC007244,0.098976,0,0
ACC007166,0.098968,0,0
ACC006346,0.098886,0,0
ACC005042,0.09882,0,0
ACC002233,0.098817,0,0
ACC009107,0.098777,0,0
ACC000232,0.098772,0,0
ACC004686,0.098738,0,0
ACC000614,0.098725,0,0
ACC001561,0.098704,0,0
ACC004418,0.098686,0,0
ACC000526,0.098672,0,0
ACC003029,0.098662,0,0
ACC003161,0.098661,0,0
ACC002386,0.098651,0,0
ACC006823,0.098583,0,0
ACC000189,0.098582,0,0
ACC005243,0.098565,0,0
ACC004955,0.098414,0,0
ACC003500,0.09836,0,0
ACC007625,0.09834,0,0
ACC003058,0.098327,0,0
ACC004224,0.098302,0,0
ACC007921,0.098242,0,0
ACC002621,0.098238,0,0
ACC005330,0.098117,0,0
ACC007751,0.098098,0,0
ACC005896,0.098085,0,0
ACC001323,0.098052,0,0
ACC003957,0.098014,0,0
ACC007955,0.098002,0,0
ACC001154,0.097992,0,0
ACC005780,0.097974,0,0
ACC006213,0.097969,0,0
ACC006966,0.097953,0,0
ACC005453,0.097931,0,0
ACC001240,0.097909,0,0
ACC006923,0.097873,0,0
ACC003101,0.09787,0,0
ACC006106,0.097868,0,0
ACC003046,0.097861,0,0
ACC005051,0.097847,0,1
ACC002594,0.097842,0,0
ACC005587,0.097815,0,0
ACC008440,0.097754,0,0
ACC005721,0.097732,0,0
ACC006087,0.097709,0,0
ACC000745,0.097638,0,0
ACC002692,0.097638,0,0
ACC003988,0.097615,0,0
ACC004036,0.097592,0,0
ACC007256,0.097565,0,0
ACC004385,0.09756,0,0
ACC009069,0.09753,0,0
ACC004419,0.097522,0,0
ACC005471,0.097491,0,0
ACC008935,0.097475,0,0
ACC007005,0.097462,0,0
ACC002609,0.097423,0,0
ACC000473,0.097391,0,0
ACC003040,0.097389,0,0
ACC004044,0.097366,0,0
ACC006842,0.097348,0,0
ACC005498,0.097323,0,0
ACC006783,0.097322,0,0
ACC003660,0.097319,0,0
ACC004011,0.097314,0,0
ACC005119,0.097312,0,0
ACC008070,0.097277,0,0
ACC006129,0.097249,0,0
ACC002624,0.097219,0,0
ACC000423,0.097201,0,0
ACC007484,0.097186,0,0
ACC006225,0.097125,0,0
ACC005407,0.097113,0,0
ACC008470,0.097098,0,0
ACC001340,0.097097,0,0
ACC004019,0.096989,0,0
ACC003084,0.096984,0,0
ACC004767,0.096935,0,0
ACC000560,0.096857,0,0
ACC005237,0.096856,0,0
ACC004434,0.096831,0,0
ACC000296,0.096745,0,0
ACC009544,0.096736,0,0
ACC004045,0.096726,0,1
ACC002703,0.096717,0,0
ACC001129,0.096709,0,0
ACC009804,0.096707,0,0
ACC005222,0.096699,0,0
ACC009970,0.096697,0,0
ACC006165,0.096679,0,0
ACC001830,0.096605,0,0
ACC008211,0.096584,0,0
ACC004938,0.096576,0,0
ACC009632,0.096554,0,0
ACC001742,0.096487,0,0
ACC009875,0.096485,0,0
ACC002674,0.096485,0,0
ACC008098,0.096471,0,0
ACC001904,0.096456,0,0
ACC000335,0.096453,0,0
ACC004640,0.096445,0,0
ACC006822,0.096439,0,0
ACC007581,0.096374,0,0
ACC001986,0.096335,0,0
ACC001575,0.096313,0,0
ACC009941,0.096271,0,0
ACC009230,0.096241,0,0
ACC000639,0.096237,0,0
ACC007752,0.096212,0,0
ACC009153,0.096205,0,0
ACC002767,0.096152,0,0
ACC009471,0.096121,0,0
ACC008268,0.09611,0,0
ACC001471,0.096109,0,0
ACC008921,0.096097,0,0
ACC006891,0.096094,0,0
ACC004473,0.096032,0,0
ACC008363,0.096016,0,0
ACC004383,0.095981,0,0
ACC007546,0.095965,0,0
ACC007410,0.095899,0,0
ACC008806,0.095894,0,0
ACC007427,0.095867,0,0
ACC001176,0.095862,0,0
ACC004295,0.095837,0,0
ACC000672,0.095831,0,0
ACC002714,0.09583,0,0
ACC003415,0.095828,0,0
ACC005499,0.095813,0,0
ACC004491,0.0958,0,0
ACC009044,0.09578,0,0
ACC005523,0.095779,0,0
ACC005565,0.095779,0,0
ACC003442,0.095747,0,0
ACC005522,0.095699,0,0
ACC005859,0.095606,0,0
ACC007213,0.095592,0,0
ACC009984,0.095588,0,0
ACC003211,0.095587,0,0
ACC007779,0.095566,0,0
ACC001901,0.095532,0,0
ACC000280,0.09546,0,0
ACC005912,0.095437,0,0
ACC000154,0.095433,0,0
ACC007692,0.095431,0,0
ACC007698,0.09542,0,0
ACC002477,0.095408,0,0
ACC006832,0.095342,0,0
ACC007987,0.095337,0,0
ACC001218,0.095329,0,0
ACC002384,0.095304,0,0
ACC006967,0.095257,0,0
ACC003864,0.095243,0,0
ACC008419,0.095219,0,0
ACC001728,0.095202,0,0
ACC006576,0.095169,0,0
ACC007750,0.095097,0,0
ACC007848,0.095074,0,0
ACC007798,0.095057,0,0
ACC007585,0.095042,0,0
ACC002486,0.095036,0,0
ACC005725,0.095026,0,0
ACC003241,0.095009,0,0
ACC001634,0.094998,0,0
ACC009959,0.09497,0,0
ACC004838,0.094954,0,0
ACC007856,0.09495,0,0
ACC000879,0.094944,0,0
ACC002770,0.094919,0,0
ACC004994,0.094863,0,0
ACC004535,0.094851,0,0
ACC009914,0.094849,0,0
ACC001753,0.094751,0,0
ACC009592,0.094723,0,0
ACC006438,0.094704,0,0
ACC004722,0.094698,0,0
ACC007194,0.094696,0,0
ACC009245,0.094683,0,0
ACC003284,0.094658,0,0
ACC008918,0.094654,0,0
ACC000522,0.094625,0,0
ACC001644,0.094591,0,0
ACC004611,0.094584,0,0
ACC009225,0.09458,0,0
ACC001137,0.094577,0,0
ACC006198,0.094549,0,0
ACC008384,0.094549,0,0
ACC005440,0.094549,0,0
ACC008977,0.094534,0,0
ACC007101,0.094508,0,0
ACC005664,0.094495,0,0
ACC005017,0.094478,0,0
ACC000907,0.094461,0,0
ACC007571,0.094429,0,0
ACC008121,0.09441,0,0
ACC003549,0.0944,0,0
ACC000188,0.094396,0,0
ACC008777,0.094325,0,0
ACC000046,0.094316,0,0
ACC008476,0.094299,0,0
ACC002827,0.094259,0,0
ACC000781,0.094251,0,0
ACC003079,0.094168,0,0
ACC007886,0.094151,0,0
ACC001159,0.094126,0,0
ACC003460,0.094113,0,0
ACC004637,0.094112,0,0
ACC006190,0.094072,0,0
ACC008735,0.094071,0,0
ACC005740,0.094062,0,0
ACC006979,0.094054,0,0
ACC009674,0.094021,0,0
ACC009282,0.094012,0,0
ACC009927,0.093998,0,0
ACC005279,0.093993,0,0
ACC005439,0.093989,0,0
ACC008865,0.093961,0,0
ACC000356,0.093944,0,0
ACC009939,0.093927,0,0
ACC005354,0.09388,0,0
ACC003429,0.093863,0,0
ACC005284,0.093861,0,0
ACC006221,0.093856,0,0
ACC007142,0.093815,0,0
ACC001752,0.093812,0,0
ACC003371,0.0938,0,0
ACC006373,0.093763,0,0
ACC009382,0.09373,0,0
ACC003234,0.093708,0,0
ACC004810,0.093688,0,0
ACC005456,0.093681,0,0
ACC009629,0.093673,0,0
ACC005765,0.093661,0,0
ACC001704,0.093658,0,0
ACC004629,0.093658,0,0
ACC004042,0.093641,0,0
ACC007537,0.093637,0,0
ACC005697,0.093635,0,0
ACC005590,0.093623,0,0
ACC002841,0.0936,0,0
ACC006285,0.093596,0,0
ACC002883,0.093575,0,0
ACC007224,0.093568,0,0
ACC002073,0.093558,0,0
ACC002040,0.093513,0,0
ACC008409,0.09349,0,0
ACC007993,0.093477,0,0
ACC004772,0.093438,0,0
ACC009098,0.093431,0,0
ACC002664,0.09342,0,0
ACC005248,0.093359,0,0
ACC002501,0.093275,0,1
ACC007059,0.093264,0,0
ACC004242,0.093264,0,0
ACC003497,0.09323,0,0
ACC000483,0.093217,0,0
ACC002665,0.093198,0,0
ACC001979,0.093179,0,0
ACC007105,0.093136,0,0
ACC000444,0.093113,0,0
ACC007922,0.093097,0,0
ACC006425,0.093083,0,0
ACC001014,0.093074,0,0
ACC002492,0.093054,0,0
ACC002409,0.093049,0,0
ACC005009,0.093019,0,0
ACC002687,0.092966,0,0
ACC000132,0.092963,0,0
ACC009857,0.092941,0,0
ACC006493,0.092877,0,0
ACC008612,0.09285,0,0
ACC004937,0.092845,0,0
ACC006902,0.092827,0,0
ACC005489,0.092803,0,0
ACC007935,0.092762,0,0
ACC004879,0.092759,0,0
ACC001861,0.092742,0,0
ACC000468,0.092728,0,0
ACC000993,0.092689,0,0
ACC004431,0.09267,0,0
ACC009207,0.092614,0,0
ACC003295,0.092609,0,0
ACC001819,0.09258,0,0
ACC001085,0.092578,0,0
ACC005107,0.092574,0,0
ACC002148,0.092567,0,0
ACC001408,0.09254,0,0
ACC001852,0.09246,0,0
ACC009437,0.092429,0,0
ACC007188,0.092412,0,0
ACC007813,0.092387,0,0
ACC006952,0.09237,0,0
ACC001818,0.092349,0,0
ACC003408,0.092324,0,0
ACC002847,0.092316,0,0
ACC004363,0.092314,0,0
ACC002573,0.092295,0,0
ACC005536,0.092288,0,0
ACC007325,0.092275,0,0
ACC000571,0.092265,0,0
ACC003618,0.092234,0,0
ACC007574,0.092197,0,0
ACC006738,0.092185,0,0
ACC009910,0.092178,0,0
ACC007517,0.09213,0,0
ACC009305,0.092104,0,0
ACC008665,0.092101,0,0
ACC006427,0.092038,0,0
ACC009834,0.092023,0,0
ACC005854,0.09202,0,0
ACC009624,0.092016,0,0
ACC008159,0.092003,0,0
ACC000667,0.091992,0,0
ACC004903,0.091977,0,0
ACC003291,0.091975,0,0
ACC004501,0.091949,0,0
ACC003752,0.091881,0,0
ACC008662,0.091855,0,0
ACC001513,0.091842,0,0
ACC007697,0.09182,0,0
ACC000417,0.091805,0,0
ACC006630,0.091782,0,0
ACC003743,0.091777,0,0
ACC004745,0.091762,0,0
ACC009600,0.091755,0,0
ACC006867,0.09175,0,0
ACC002966,0.09173,0,0
ACC005603,0.09171,0,0
ACC005529,0.091707,0,0
ACC000588,0.091694,0,0
ACC006665,0.09162,0,0
ACC008687,0.091605,0,0
ACC005319,0.091557,0,0
ACC001639,0.091547,0,0
ACC008223,0.091538,0,0
ACC009213,0.091498,0,0
ACC009568,0.091473,0,0
ACC005564,0.091468,0,0
ACC005787,0.091447,0,0
ACC008592,0.091415,0,0
ACC009436,0.091407,0,0
ACC009518,0.091352,0,0
ACC002818,0.091336,0,0
ACC008012,0.091293,0,0
ACC002583,0.091277,0,0
ACC003331,0.091254,0,0
ACC002719,0.091249,0,0
ACC000295,0.09124,0,0
ACC008149,0.091234,0,0
ACC005821,0.091233,0,0
ACC006947,0.091197,0,0
ACC005170,0.091183,0,0
ACC008338,0.091175,0,0
ACC004061,0.091172,0,0
ACC008912,0.091163,0,0
ACC001711,0.091148,0,0
ACC005965,0.091144,0,0
ACC001785,0.091134,0,0
ACC000587,0.091084,0,0
ACC002784,0.091084,0,0
ACC005032,0.09107,0,0
ACC001795,0.091068,0,0
ACC007834,0.091053,0,0
ACC001479,0.090967,0,0
ACC005959,0.090947,0,0
ACC006413,0.090947,0,0
ACC008244,0.090926,0,0
ACC002576,0.090922,0,0
ACC004806,0.090908,0,0
ACC001382,0.090901,0,0
ACC009865,0.09088,0,0
ACC004945,0.090867,0,0
ACC000886,0.090804,0,0
ACC002792,0.090792,0,0
ACC006948,0.09078,0,0
ACC008583,0.090748,0,0
ACC006860,0.090703,0,0
ACC005034,0.090687,0,0
ACC002993,0.090643,0,0
ACC006790,0.090641,0,0
ACC005942,0.090631,0,0
ACC004452,0.090597,0,0
ACC007053,0.090591,0,0
ACC002447,0.090573,0,0
ACC004329,0.090555,0,0
ACC006176,0.090548,0,0
ACC006331,0.090531,0,0
ACC006066,0.090522,0,0
ACC006291,0.090517,0,0
ACC000225,0.090506,0,0
ACC000406,0.090503,0,0
ACC006229,0.090481,0,0
ACC000267,0.090474,0,0
ACC002185,0.090472,0,1
ACC008261,0.090467,0,0
ACC003964,0.090458,0,0
ACC007203,0.090457,0,0
ACC001086,0.090447,0,0
ACC001749,0.090442,0,0
ACC009430,0.090424,0,0
ACC002745,0.090415,0,0
ACC000603,0.090386,0,0
ACC003592,0.090378,0,0
ACC003854,0.090364,0,0
ACC005589,0.090356,0,0
ACC003885,0.090336,0,0
ACC008564,0.090328,0,0
ACC008076,0.090289,0,0
ACC007505,0.09026,0,0
ACC002638,0.090255,0,0
ACC007391,0.09022,0,0
ACC007593,0.090217,0,0
ACC000319,0.090206,0,0
ACC009429,0.090204,0,0
ACC001977,0.090185,0,0
ACC000767,0.090177,0,0
ACC004176,0.090157,0,0
ACC008872,0.090157,0,1
ACC008405,0.09015,0,0
ACC007855,0.090139,0,0
ACC009999,0.090103,0,0
ACC007552,0.090078,0,0
ACC002893,0.090067,0,0
ACC001573,0.09006,0,0
ACC001846,0.090045,0,0
ACC006249,0.090043,0,0
ACC008607,0.090022,0,0
ACC007670,0.089992,0,0
ACC006605,0.089973,0,0
ACC003693,0.089972,0,0
ACC002210,0.089959,0,0
ACC008923,0.089958,0,0
ACC006565,0.089933,0,0
ACC008411,0.08991,0,0
ACC008887,0.089885,0,0
ACC001039,0.089874,0,0
ACC009009,0.089849,0,0
ACC002468,0.089818,0,0
ACC005128,0.089772,0,0
ACC006589,0.089768,0,0
ACC000823,0.089737,0,0
ACC000696,0.089735,0,0
ACC004358,0.089729,0,0
ACC003582,0.089723,0,0
ACC001079,0.089696,0,0
ACC009123,0.089696,0,0
ACC005935,0.089659,0,0
ACC004539,0.089635,0,0
ACC004542,0.089621,0,0
ACC009422,0.089598,0,0
ACC006408,0.089593,0,0
ACC007632,0.089571,0,0
ACC008426,0.089543,0,0
ACC007261,0.089527,0,0
ACC003517,0.089523,0,0
ACC003800,0.089467,0,0
ACC006956,0.08944,0,0
ACC002965,0.089438,0,0
ACC000565,0.08939,0,0
ACC003484,0.089343,0,0
ACC002065,0.089276,0,0
ACC007000,0.089267,0,0
ACC000996,0.089239,0,0
ACC000325,0.089163,0,0
ACC001954,0.089116,0,0
ACC000799,0.089103,0,0
ACC009867,0.089061,0,0
ACC002526,0.088978,0,0
ACC001044,0.088972,0,0
ACC002144,0.088971,0,0
ACC006685,0.088958,0,0
ACC008280,0.088945,0,0
ACC004492,0.088928,0,1
ACC007310,0.088911,0,0
ACC008790,0.088898,0,0
ACC004787,0.088854,0,0
ACC009994,0.088828,0,0
ACC008273,0.088819,0,0
ACC008517,0.088819,0,0
ACC000383,0.088816,0,0
ACC001390,0.088809,0,0
ACC001304,0.088784,0,0
ACC006142,0.088781,0,0
ACC009594,0.08872,0,0
ACC000961,0.088717,0,0
ACC008284,0.088709,0,0
ACC002055,0.088683,0,0
ACC006258,0.088635,0,0
ACC004800,0.088598,0,0
ACC007693,0.088475,0,0
ACC003268,0.08845,0,0
ACC001924,0.088445,0,0
ACC008893,0.088423,0,0
ACC006267,0.08841,0,0
ACC000260,0.088389,0,0
ACC002018,0.088373,0,0
ACC001996,0.088333,0,0
ACC005143,0.088311,0,0
ACC005676,0.088309,0,0
ACC009039,0.088304,0,0
ACC001600,0.088297,0,0
ACC002796,0.088294,0,0
ACC000425,0.08829,0,0
ACC002125,0.088274,0,0
ACC003724,0.088274,0,0
ACC008254,0.088273,0,0
ACC007148,0.08825,0,0
ACC002254,0.088247,0,0
ACC007963,0.088237,0,0
ACC006212,0.088202,0,0
ACC004558,0.088152,0,0
ACC009439,0.088126,0,0
ACC000779,0.088105,0,0
ACC008157,0.088097,0,0
ACC000930,0.08804,0,0
ACC007393,0.088033,0,0
ACC009550,0.088021,0,0
ACC001084,0.087997,0,0
ACC002090,0.087972,0,0
ACC001621,0.087956,0,0
ACC003997,0.087915,0,0
ACC008459,0.087887,0,0
ACC002699,0.087878,0,0
ACC005578,0.087876,0,0
ACC005711,0.087868,0,0
ACC006113,0.087854,0,0
ACC004119,0.087853,0,0
ACC005006,0.087844,0,0
ACC005917,0.087837,0,0
ACC002565,0.087798,0,0
ACC004055,0.087798,0,0
ACC008238,0.087792,0,0
ACC004285,0.087791,0,0
ACC002882,0.087783,0,0
ACC007218,0.087726,0,0
ACC009949,0.087716,0,0
ACC005477,0.087683,0,0
ACC003908,0.08765,0,0
ACC002429,0.087647,0,0
ACC006702,0.087639,0,0
ACC003551,0.087607,0,0
ACC001235,0.087605,0,0
ACC002771,0.087569,0,0
ACC006940,0.087555,0,0
ACC007612,0.087525,0,0
ACC006382,0.087509,0,0
ACC000212,0.087507,0,0
ACC004051,0.087503,0,0
ACC000140,0.087475,0,0
ACC002742,0.087459,0,0
ACC004031,0.087442,0,0
ACC009167,0.087423,0,0
ACC001697,0.08741,0,0
ACC003659,0.087392,0,0
ACC009921,0.087375,0,0
ACC002349,0.087371,0,0
ACC008216,0.087359,0,0
ACC001931,0.087299,0,0
ACC000362,0.087264,0,0
ACC001244,0.087224,0,0
ACC002876,0.087223,0,0
ACC005557,0.087213,0,0
ACC008875,0.087203,0,0
ACC007970,0.087186,0,0
ACC009677,0.087146,0,0
ACC003646,0.087124,0,0
ACC006184,0.087118,0,0
ACC004719,0.087105,0,0
ACC007102,0.087095,0,0
ACC000177,0.087081,0,0
ACC009129,0.087057,0,0
ACC007264,0.087035,0,0
ACC006005,0.087035,0,0
ACC006970,0.087028,0,0
ACC000253,0.086999,0,0
ACC000606,0.086997,0,0
ACC005087,0.08699,0,0
ACC000304,0.086959,0,0
ACC001500,0.086944,0,0
ACC001170,0.086937,0,0
ACC000113,0.086895,0,0
ACC006675,0.086884,0,0
ACC000703,0.086878,0,0
ACC007528,0.086869,0,0
ACC003267,0.086857,0,0
ACC000045,0.086853,0,0
ACC008710,0.086846,0,0
ACC009561,0.086842,0,0
ACC000180,0.086834,0,0
ACC002250,0.0868,0,0
ACC005094,0.086787,0,0
ACC002145,0.086786,0,0
ACC009962,0.086769,0,1
ACC005895,0.086749,0,0
ACC002903,0.086746,0,0
ACC000491,0.08672,0,0
ACC002515,0.086696,0,0
ACC008202,0.086666,0,0
ACC007660,0.086645,0,0
ACC002931,0.086641,0,0
ACC000088,0.086597,0,0
ACC004575,0.086573,0,0
ACC003385,0.086568,0,0
ACC000753,0.086561,0,0
ACC002356,0.086551,0,0
ACC008138,0.086543,0,0
ACC001692,0.086522,0,0
ACC001922,0.086486,0,0
ACC006111,0.086446,0,0
ACC006801,0.086446,0,0
ACC009683,0.086425,0,0
ACC008645,0.086416,0,0
ACC004507,0.086308,0,0
ACC004592,0.086302,0,0
ACC002588,0.086277,0,0
ACC009722,0.086229,0,0
ACC002042,0.086212,0,0
ACC008010,0.086202,0,0
ACC001788,0.086139,0,0
ACC003118,0.086118,0,0
ACC000541,0.086111,0,0
ACC006076,0.086092,0,0
ACC008322,0.086085,0,0
ACC003544,0.086082,0,0
ACC005640,0.086078,0,0
ACC000982,0.086018,0,0
ACC004885,0.086008,0,0
ACC006392,0.086007,0,0
ACC007992,0.085986,0,0
ACC007890,0.085981,0,0
ACC003330,0.085968,0,0
ACC002070,0.085963,0,0
ACC002807,0.085955,0,0
ACC000905,0.085928,0,0
ACC004896,0.085862,0,0
ACC006618,0.085857,0,0
ACC001822,0.085837,0,0
ACC000312,0.085827,0,0
ACC000058,0.085822,0,0
ACC003645,0.085789,0,0
ACC002829,0.085782,0,0
ACC007997,0.085759,0,0
ACC008877,0.085753,0,0
ACC008589,0.08573,0,0
ACC005532,0.085722,0,0
ACC006120,0.085651,0,0
ACC005947,0.085639,0,0
ACC004092,0.085611,0,0
ACC003332,0.085601,0,0
ACC004390,0.0856,0,0
ACC009240,0.085559,0,0
ACC001945,0.085547,0,0
ACC000804,0.085546,0,0
ACC003265,0.085526,0,0
ACC008580,0.085524,0,0
ACC009993,0.085512,0,0
ACC005149,0.085439,0,0
ACC003858,0.085438,0,0
ACC001741,0.08541,0,0
ACC009368,0.085391,0,0
ACC006098,0.085367,0,0
ACC006219,0.085352,0,0
ACC008011,0.085292,0,0
ACC009942,0.085196,0,0
ACC002627,0.085189,0,0
ACC000029,0.08517,0,0
ACC004274,0.085102,0,0
ACC007737,0.085077,0,0
ACC007234,0.085072,0,0
ACC000968,0.085059,0,0
ACC008766,0.085044,0,0
ACC005464,0.085043,0,0
ACC004265,0.085021,0,0
ACC009402,0.085017,0,0
ACC009838,0.085013,0,0
ACC001576,0.084956,0,0
ACC002712,0.084872,0,0
ACC008415,0.084865,0,0
ACC003365,0.084803,0,0
ACC003616,0.084763,0,0
ACC006209,0.084742,0,0
ACC007975,0.084734,0,0
ACC004556,0.084723,0,0
ACC000264,0.084718,0,0
ACC002001,0.084714,0,0
ACC005241,0.084701,0,0
ACC001949,0.084667,0,0
ACC003552,0.084625,0,0
ACC001368,0.084605,0,0
ACC002776,0.08457,0,0
ACC001726,0.084563,0,0
ACC002528,0.084551,0,0
ACC003754,0.084508,0,0
ACC000654,0.084507,0,0
ACC009525,0.084469,0,0
ACC002248,0.08446,0,0
ACC001740,0.084453,0,0
ACC002390,0.084429,0,0
ACC004281,0.08438,0,0
ACC004582,0.084365,0,0
ACC002951,0.084346,0,0
ACC004763,0.084267,0,0
ACC003196,0.084262,0,0
ACC001208,0.084218,0,0
ACC002264,0.084209,0,0
ACC006492,0.084141,0,0
ACC001464,0.08413,0,0
ACC006593,0.084122,0,0
ACC009726,0.08411,0,0
ACC006150,0.084096,0,0
ACC009922,0.084096,0,0
ACC008511,0.084094,0,0
ACC004415,0.08407,0,0
ACC007023,0.084019,0,0
ACC008061,0.084014,0,0
ACC006572,0.084008,0,0
ACC008361,0.083961,0,0
ACC000966,0.083959,0,0
ACC006019,0.083957,0,0
ACC008168,0.083945,0,0
ACC003553,0.083916,0,0
ACC006954,0.083845,0,0
ACC004141,0.083837,0,0
ACC005027,0.083827,0,0
ACC000287,0.083825,0,0
ACC008414,0.083802,0,0
ACC003889,0.083773,0,0
ACC002537,0.083764,0,0
ACC001694,0.083756,0,0
ACC000351,0.083723,0,0
ACC000318,0.083694,0,0
ACC001501,0.08365,0,0
ACC003540,0.083645,0,0
ACC002780,0.083626,0,0
ACC006512,0.083618,0,0
ACC002928,0.083601,0,0
ACC002259,0.083593,0,0
ACC007918,0.083584,0,0
ACC006644,0.083565,0,0
ACC008938,0.083525,0,0
ACC006777,0.083486,0,0
ACC001346,0.08347,0,0
ACC009007,0.083418,0,0
ACC007260,0.083417,0,0
ACC008911,0.083405,0,0
ACC005359,0.083404,0,0
ACC004463,0.083391,0,0
ACC000679,0.083377,0,0
ACC006372,0.083362,0,0
ACC003236,0.083354,0,0
ACC005969,0.083342,0,0
ACC006883,0.083341,0,0
ACC002292,0.083329,0,0
ACC000085,0.083323,0,0
ACC005211,0.083295,0,0
ACC001897,0.083287,0,0
ACC003403,0.083248,0,0
ACC000747,0.083223,0,0
ACC005048,0.083201,0,0
ACC003931,0.083192,0,0
ACC004791,0.08319,0,0
ACC002051,0.08317,0,0
ACC004678,0.083128,0,0
ACC009099,0.083128,0,0
ACC008479,0.083128,0,0
ACC003620,0.083123,0,0
ACC008602,0.083103,0,0
ACC004394,0.083095,0,0
ACC007116,0.083085,0,0
ACC002424,0.083019,0,0
ACC003470,0.082983,0,0
ACC009750,0.082971,0,0
ACC001902,0.08296,0,0
ACC002474,0.082953,0,0
ACC007730,0.082948,0,0
ACC008218,0.082904,0,0
ACC007911,0.082903,0,1
ACC002019,0.082902,0,0
ACC000115,0.0829,0,0
ACC000774,0.082873,0,0
ACC005654,0.082836,0,0
ACC006788,0.082835,0,0
ACC006395,0.082818,0,0
ACC008869,0.082785,0,0
ACC008919,0.08275,0,0
ACC005206,0.082745,0,0
ACC000650,0.082744,0,0
ACC003010,0.082719,0,0
ACC006529,0.082701,0,0
ACC002949,0.082675,0,0
ACC009170,0.08266,0,0
ACC008164,0.082608,0,0
ACC001719,0.082603,0,0
ACC008695,0.082601,0,0
ACC004758,0.082595,0,0
ACC005298,0.082592,0,0
ACC007772,0.08259,0,0
ACC004193,0.082589,0,0
ACC009249,0.082573,0,0
ACC002066,0.082571,0,0
ACC000690,0.082551,0,0
ACC004457,0.082549,0,0
ACC009684,0.082537,0,0
ACC009575,0.082519,0,0
ACC003673,0.082511,0,0
ACC007533,0.082464,0,0
ACC000909,0.082413,0,0
ACC001206,0.082366,0,0
ACC001832,0.082356,0,0
ACC008147,0.082314,0,0
ACC003452,0.082291,0,0
ACC000626,0.082287,0,0
ACC002456,0.082254,0,0
ACC000788,0.082236,0,0
ACC006006,0.082228,0,0
ACC004221,0.082176,0,0
ACC004536,0.082147,0,0
ACC009383,0.082135,0,0
ACC002054,0.082096,0,0
ACC008726,0.082074,0,0
ACC006803,0.082067,0,0
ACC005932,0.082049,0,0
ACC003766,0.081985,0,0
ACC000086,0.081974,0,0
ACC009177,0.081972,0,0
ACC009571,0.081955,0,0
ACC001046,0.081903,0,0
ACC009127,0.081892,0,0
ACC009576,0.081887,0,0
ACC002072,0.081874,0,0
ACC007804,0.081868,0,0
ACC001714,0.081862,0,0
ACC003062,0.081799,0,0
ACC005091,0.081794,0,0
ACC007077,0.081789,0,0
ACC001067,0.081765,0,0
ACC000884,0.081764,0,0
ACC001042,0.081741,0,0
ACC000908,0.081732,0,0
ACC002379,0.081704,0,0
ACC003807,0.081696,0,0
ACC006253,0.081695,0,0
ACC003701,0.081688,0,0
ACC004499,0.081685,0,0
ACC002527,0.081685,0,0
ACC008616,0.081643,0,0
ACC001558,0.081635,0,0
ACC003465,0.081626,0,0
ACC003067,0.081603,0,0
ACC007685,0.081591,0,0
ACC006554,0.081588,0,0
ACC003411,0.081585,0,0
ACC005953,0.081513,0,0
ACC007965,0.081494,0,0
ACC002684,0.081455,0,0
ACC003811,0.081441,0,0
ACC001365,0.081417,0,0
ACC004483,0.081376,0,0
ACC005358,0.081332,0,0
ACC000152,0.081327,0,0
ACC004027,0.081326,0,0
ACC007844,0.081286,0,0
ACC003462,0.081277,0,0
ACC008576,0.081229,0,0
ACC004893,0.081223,0,0
ACC007982,0.08122,0,0
ACC004436,0.081152,0,0
ACC008514,0.081125,0,0
ACC001647,0.081123,0,0
ACC003099,0.081092,0,0
ACC001596,0.081032,0,0
ACC005934,0.081021,0,0
ACC004620,0.080979,0,0
ACC006434,0.080972,0,0
ACC001201,0.080942,0,0
ACC001568,0.080939,0,0
ACC005159,0.080935,0,0
ACC009497,0.080935,0,0
ACC008967,0.080927,0,0
ACC005777,0.080912,0,0
ACC006859,0.080866,0,0
ACC001992,0.080852,0,0
ACC004876,0.080845,0,0
ACC005758,0.080841,0,0
ACC001271,0.080812,0,0
ACC002096,0.080808,0,0
ACC006946,0.080772,0,0
ACC000155,0.080755,0,0
ACC003441,0.080728,0,0
ACC005783,0.080696,0,0
ACC008680,0.08068,0,0
ACC007431,0.080657,0,0
ACC008719,0.080644,0,0
ACC000581,0.080628,0,0
ACC007529,0.080617,0,0
ACC003447,0.080563,0,0
ACC003281,0.08056,0,0
ACC001180,0.080554,0,0
ACC004305,0.080512,0,0
ACC000094,0.080503,0,0
ACC003520,0.0805,0,0
ACC009555,0.080486,0,0
ACC002242,0.080481,0,0
ACC002960,0.080429,0,0
ACC001172,0.080398,0,0
ACC004646,0.080381,0,0
ACC004607,0.080329,0,0
ACC002535,0.080316,0,0
ACC009010,0.080299,0,0
ACC005384,0.080282,0,0
ACC007007,0.080239,0,0
ACC002762,0.080172,0,0
ACC008550,0.080168,0,0
ACC001725,0.080139,0,0
ACC002739,0.08013,0,0
ACC006286,0.080129,0,0
ACC005785,0.080127,0,0
ACC000535,0.080103,0,0
ACC006412,0.080092,0,0
ACC008749,0.080086,0,0
ACC008311,0.08007,0,0
ACC004164,0.080069,0,0
ACC001683,0.080056,0,0
ACC007786,0.080036,0,0
ACC009786,0.080031,0,0
ACC005904,0.080003,0,0
ACC007481,0.079964,0,0
ACC000784,0.079944,0,0
ACC009334,0.079941,0,0
ACC001685,0.079928,0,0
ACC005594,0.079891,0,0
ACC006049,0.079872,0,0
ACC003426,0.079866,0,0
ACC008628,0.079829,0,0
ACC005813,0.079784,0,0
ACC000408,0.07977,0,0
ACC009623,0.079753,0,0
ACC001096,0.079745,0,0
ACC005986,0.079722,0,0
ACC007048,0.0797,0,0
ACC007448,0.079699,0,0
ACC005879,0.079674,0,0
ACC006519,0.079672,0,0
ACC003014,0.079669,0,0
ACC002382,0.079639,0,0
ACC002157,0.079637,0,0
ACC000817,0.079606,0,0
ACC009082,0.079579,0,0
ACC009298,0.079538,0,0
ACC007412,0.079513,0,0
ACC007143,0.079489,0,0
ACC003174,0.079472,0,0
ACC003565,0.079468,0,1
ACC005141,0.079461,0,0
ACC000855,0.079444,0,0
ACC009669,0.079442,0,0
ACC006097,0.079435,0,0
ACC006621,0.079431,0,0
ACC005728,0.079387,0,0
ACC007368,0.079383,0,0
ACC006991,0.079369,0,0
ACC008623,0.079357,0,0
ACC001008,0.079355,0,0
ACC001439,0.079322,0,0
ACC004605,0.079316,0,0
ACC004564,0.079311,0,0
ACC007978,0.079291,0,0
ACC000388,0.079291,0,0
ACC007265,0.079278,0,0
ACC003184,0.079232,0,0
ACC008965,0.079201,0,0
ACC003621,0.079178,0,0
ACC000534,0.079107,0,0
ACC009158,0.079101,0,0
ACC006755,0.079074,0,1
ACC006276,0.07907,0,0
ACC006056,0.079066,0,0
ACC001581,0.079044,0,0
ACC006737,0.07904,0,0
ACC002975,0.079037,0,0
ACC005596,0.079035,0,0
ACC000840,0.079019,0,0
ACC005505,0.07898,0,0
ACC005855,0.078961,0,0
ACC000706,0.078957,0,0
ACC007802,0.078949,0,0
ACC008582,0.078948,0,0
ACC009120,0.078926,0,0
ACC008655,0.078918,0,0
ACC002108,0.078904,0,0
ACC007893,0.078888,0,0
ACC002446,0.078878,0,0
ACC008045,0.078855,0,0
ACC008348,0.078767,0,0
ACC002823,0.078754,0,0
ACC001532,0.078708,0,0
ACC000289,0.078706,0,0
ACC003175,0.078692,0,0
ACC007154,0.078673,0,0
ACC001524,0.078657,0,0
ACC007272,0.078648,0,0
ACC005997,0.078634,0,0
ACC001593,0.078614,0,0
ACC000506,0.078608,0,0
ACC000572,0.078554,0,0
ACC009444,0.078544,0,0
ACC006023,0.078531,0,0
ACC002661,0.078526,0,0
ACC006383,0.078516,0,0
ACC009682,0.078464,0,0
ACC002483,0.078456,0,0
ACC006455,0.078425,0,0
ACC002141,0.078425,0,0
ACC008105,0.078408,0,0
ACC009182,0.078381,0,0
ACC008647,0.078367,0,0
ACC007712,0.078357,0,0
ACC006763,0.078354,0,0
ACC005111,0.078337,0,0
ACC003277,0.078335,0,0
ACC002301,0.07833,0,0
ACC008406,0.07833,0,0
ACC004107,0.078318,0,0
ACC003148,0.078298,0,0
ACC002637,0.078298,0,0
ACC008773,0.078294,0,0
ACC009304,0.078272,0,0
ACC004754,0.078253,0,0
ACC009067,0.078236,0,0
ACC004690,0.07819,0,0
ACC001923,0.078178,0,0
ACC006092,0.078174,0,0
ACC006457,0.078167,0,0
ACC007141,0.078166,0,0
ACC009396,0.078155,0,0
ACC001077,0.078154,0,0
ACC001351,0.078137,0,0
ACC009427,0.078097,0,0
ACC005404,0.078092,0,0
ACC002079,0.078078,0,0
ACC009723,0.078067,0,0
ACC004521,0.078052,0,0
ACC003269,0.07805,0,0
ACC000328,0.078048,0,0
ACC006875,0.078047,0,0
ACC004317,0.078031,0,0
ACC003785,0.077981,0,0
ACC001590,0.077951,0,0
ACC009047,0.07794,0,1
ACC009261,0.077922,0,0
ACC008992,0.077917,0,0
ACC008400,0.077916,0,0
ACC007098,0.077897,0,0
ACC002608,0.077891,0,0
ACC004661,0.077885,0,0
ACC003489,0.077863,0,0
ACC007019,0.077822,0,0
ACC008215,0.077794,0,0
ACC003787,0.077793,0,0
ACC005071,0.077784,0,0
ACC002378,0.077782,0,0
ACC003773,0.077778,0,0
ACC008371,0.077768,0,0
ACC008483,0.077768,0,0
ACC008644,0.077764,0,0
ACC005650,0.077761,0,0
ACC004124,0.077749,0,0
ACC002321,0.077748,0,0
ACC005156,0.077729,0,0
ACC003522,0.077684,0,0
ACC006058,0.077683,0,0
ACC007687,0.077682,0,0
ACC001242,0.077658,0,0
ACC001656,0.077642,0,0
ACC008142,0.077637,0,0
ACC006345,0.077618,0,0
ACC006478,0.077609,0,0
ACC003256,0.077593,0,0
ACC005342,0.077581,0,0
ACC007025,0.077561,0,0
ACC001499,0.077557,0,0
ACC005733,0.077541,0,0
ACC009888,0.077518,0,0
ACC007107,0.077509,0,0
ACC008374,0.077507,0,0
ACC008646,0.077494,0,0
ACC007206,0.077493,0,0
ACC006137,0.077492,0,0
ACC000742,0.077492,0,0
ACC006038,0.077487,0,0
ACC001443,0.07746,0,0
ACC005807,0.077411,0,0
ACC002929,0.077404,0,0
ACC009833,0.077404,0,0
ACC007669,0.077364,0,0
ACC000378,0.077364,0,0
ACC005493,0.077358,0,0
ACC002655,0.077351,0,0
ACC000043,0.077349,0,0
ACC001534,0.077319,0,0
ACC009479,0.077318,0,0
ACC000740,0.077306,0,0
ACC004345,0.077295,0,0
ACC001890,0.077289,0,0
ACC001865,0.077284,0,0
ACC005007,0.077277,0,0
ACC008794,0.077245,0,0
ACC000117,0.077234,0,0
ACC009718,0.077232,0,0
ACC001115,0.077225,0,0
ACC000721,0.077212,0,0
ACC008852,0.077195,0,0
ACC006834,0.077184,0,0
ACC008367,0.077177,0,0
ACC002560,0.077171,0,0
ACC008657,0.077129,0,0
ACC007055,0.077096,0,0
ACC006935,0.077089,0,0
ACC008709,0.077081,0,0
ACC000294,0.077063,0,0
ACC006302,0.077046,0,0
ACC001057,0.077032,0,0
ACC001540,0.077026,0,0
ACC003878,0.076995,0,0
ACC008878,0.076992,0,0
ACC005227,0.07697,0,0
ACC004217,0.076963,0,0
ACC004504,0.076936,0,0
ACC001505,0.076915,0,0
ACC000906,0.076901,0,0
ACC008394,0.076889,0,0
ACC005749,0.076886,0,0
ACC000420,0.076883,0,0
ACC003216,0.076875,0,0
ACC004608,0.07685,0,0
ACC002874,0.076845,0,0
ACC008533,0.076835,0,0
ACC001506,0.076835,0,0
ACC009452,0.076832,0,0
ACC004752,0.076821,0,0
ACC009650,0.076794,0,0
ACC004899,0.076756,0,0
ACC007229,0.076748,0,0
ACC005627,0.076723,0,0
ACC009140,0.07672,0,0
ACC006914,0.076698,0,0
ACC000501,0.076695,0,0
ACC009014,0.076691,0,0
ACC003389,0.076688,0,0
ACC001620,0.076678,0,0
ACC008040,0.076675,0,0
ACC000842,0.07667,0,0
ACC005524,0.07666,0,0
ACC009699,0.076657,0,0
ACC000210,0.076656,0,0
ACC001234,0.076641,0,0
ACC006544,0.07657,0,0
ACC007809,0.076565,0,0
ACC009513,0.076555,0,0
ACC002413,0.076549,0,0
ACC004175,0.076546,0,0
ACC008856,0.076537,0,0
ACC004774,0.076527,0,0
ACC001755,0.076526,0,0
ACC003634,0.076523,0,0
ACC005151,0.076482,0,0
ACC004132,0.07648,0,0
ACC002119,0.076467,0,0
ACC003605,0.076459,0,0
ACC005921,0.076435,0,0
ACC000183,0.076417,0,0
ACC004753,0.076398,0,0
ACC006467,0.076391,0,0
ACC009569,0.076391,0,0
ACC006432,0.076374,0,0
ACC005226,0.076352,0,0
ACC008304,0.07635,0,0
ACC002212,0.076349,0,0
ACC007126,0.076327,0,0
ACC009800,0.076319,0,0
ACC009916,0.076318,0,0
ACC005812,0.076309,0,0
ACC001661,0.076283,0,0
ACC008260,0.076282,0,0
ACC003192,0.076264,0,0
ACC007033,0.076259,0,0
ACC003172,0.076256,0,0
ACC006651,0.076234,0,0
ACC002935,0.076228,0,0
ACC003884,0.076195,0,0
ACC002972,0.076184,0,0
ACC003980,0.076171,0,0
ACC000685,0.076139,0,0
ACC007073,0.076138,0,0
ACC009425,0.0761,0,0
ACC009992,0.076073,0,0
ACC005183,0.076052,0,0
ACC005869,0.076026,0,0
ACC005513,0.076013,0,0
ACC005731,0.076003,0,0
ACC009114,0.075998,0,0
ACC003821,0.07598,0,0
ACC000184,0.075929,0,0
ACC008390,0.075918,0,0
ACC004908,0.075914,0,0
ACC006964,0.075913,0,0
ACC003488,0.075899,0,0
ACC009775,0.075881,0,0
ACC004435,0.07587,0,0
ACC007342,0.075866,0,0
ACC009445,0.075851,0,0
ACC006067,0.075825,0,0
ACC005617,0.075812,0,0
ACC005509,0.075783,0,0
ACC009943,0.075752,0,0
ACC009856,0.075737,0,0
ACC009520,0.075737,0,0
ACC006743,0.075734,0,0
ACC003791,0.075725,0,0
ACC007247,0.075715,0,0
ACC003120,0.075701,0,0
ACC001453,0.075609,0,0
ACC000265,0.075609,0,0
ACC006344,0.075538,0,0
ACC006968,0.075536,0,0
ACC008540,0.075495,0,0
ACC006125,0.075486,0,0
ACC000323,0.075464,0,0
ACC003105,0.075462,0,0
ACC009538,0.075416,0,0
ACC002412,0.075394,0,0
ACC009783,0.07539,0,0
ACC004941,0.075377,0,0
ACC007873,0.075369,0,0
ACC007044,0.075366,0,0
ACC004932,0.075308,0,0
ACC007934,0.075305,0,0
ACC008420,0.075239,0,0
ACC000456,0.075198,0,0
ACC008298,0.075195,0,0
ACC008379,0.075168,0,0
ACC009395,0.075164,0,0
ACC000988,0.075151,0,0
ACC004227,0.075135,0,0
ACC009705,0.075093,0,0
ACC003162,0.075082,0,0
ACC004446,0.07508,0,0
ACC006430,0.075079,0,0
ACC006775,0.075075,0,0
ACC000913,0.075061,0,0
ACC009362,0.075008,0,0
ACC004700,0.074997,0,0
ACC001599,0.074996,0,0
ACC004425,0.074996,0,0
ACC006451,0.074962,0,0
ACC006594,0.07496,0,0
ACC009080,0.074959,0,0
ACC000660,0.074936,0,0
ACC009945,0.074912,0,0
ACC003927,0.074909,0,0
ACC003829,0.074906,0,0
ACC003545,0.074882,0,0
ACC003609,0.074872,0,0
ACC009196,0.074872,0,0
ACC003657,0.074856,0,0
ACC001162,0.074832,0,0
ACC006059,0.07483,0,0
ACC007205,0.074821,0,0
ACC006045,0.074758,0,0
ACC003849,0.074737,0,0
ACC009649,0.074719,0,0
ACC003604,0.074714,0,0
ACC008630,0.074671,0,0
ACC001445,0.074664,0,0
ACC000190,0.074593,0,0
ACC004302,0.074587,0,0
ACC000608,0.074584,0,0
ACC000449,0.074581,0,0
ACC003570,0.074562,0,0
ACC008016,0.07455,0,0
ACC003017,0.074526,0,0
ACC001953,0.074507,0,0
ACC000331,0.074491,0,0
ACC002237,0.07449,0,0
ACC001927,0.074482,0,0
ACC003009,0.074472,0,0
ACC000297,0.074458,0,0
ACC005515,0.074447,0,0
ACC009796,0.074438,0,0
ACC001069,0.074427,0,0
ACC008563,0.074425,0,0
ACC002129,0.074422,0,0
ACC000171,0.074409,0,0
ACC002632,0.074361,0,0
ACC003066,0.074317,0,0
ACC004529,0.074305,0,0
ACC005825,0.074303,0,0
ACC008883,0.074274,0,0
ACC007917,0.074269,0,0
ACC000303,0.074232,0,0
ACC000255,0.074149,0,0
ACC003185,0.074137,0,0
ACC009663,0.074125,0,0
ACC003698,0.074121,0,0
ACC007723,0.07412,0,0
ACC003382,0.074092,0,0
ACC009595,0.074087,0,0
ACC005763,0.07405,0,0
ACC002397,0.074007,0,0
ACC002760,0.073996,0,0
ACC002002,0.07399,0,0
ACC007475,0.073932,0,0
ACC004370,0.073895,0,0
ACC005755,0.073881,0,0
ACC007287,0.073869,0,0
ACC001049,0.073859,0,0
ACC008989,0.073855,0,0
ACC004082,0.073842,0,0
ACC002198,0.073833,0,0
ACC004618,0.073832,0,0
ACC007926,0.073786,0,0
ACC008503,0.073783,0,0
ACC000446,0.073783,0,0
ACC001582,0.073769,0,0
ACC007649,0.073759,0,0
ACC001025,0.073715,0,0
ACC009734,0.073704,0,0
ACC000979,0.073668,0,0
ACC003627,0.073644,0,0
ACC008189,0.073636,0,0
ACC002731,0.073605,0,0
ACC003690,0.073506,0,0
ACC008950,0.073494,0,0
ACC005804,0.073472,0,1
ACC001885,0.073472,0,0
ACC007186,0.073463,0,0
ACC000215,0.073462,0,0
ACC000676,0.073453,0,0
ACC000062,0.073431,0,0
ACC001105,0.073407,0,0
ACC003290,0.073396,0,0
ACC007999,0.073376,0,0
ACC006436,0.073367,0,0
ACC007444,0.073358,0,0
ACC001306,0.073345,0,0
ACC009963,0.073317,0,0
ACC001313,0.073289,0,0
ACC005364,0.073287,0,0
ACC007440,0.073281,0,0
ACC001158,0.073262,0,0
ACC000461,0.073261,0,0
ACC007577,0.073219,0,0
ACC002985,0.073219,0,0
ACC008167,0.07321,0,0
ACC005212,0.0732,0,0
ACC004789,0.073199,0,0
ACC000935,0.073181,0,0
ACC007542,0.073179,0,0
ACC009181,0.073168,0,0
ACC006689,0.073146,0,0
ACC004154,0.073128,0,0
ACC005967,0.073094,0,0
ACC002636,0.073079,0,0
ACC009753,0.073066,0,0
ACC006528,0.073031,0,0
ACC004534,0.073022,0,0
ACC008239,0.073013,0,0
ACC007948,0.073007,0,0
ACC001191,0.072985,0,0
ACC002466,0.072951,0,0
ACC009052,0.072922,0,0
ACC001598,0.07292,0,0
ACC000923,0.07292,0,0
ACC000795,0.072877,0,0
ACC005240,0.072872,0,0
ACC000727,0.072866,0,0
ACC005130,0.072768,0,0
ACC003996,0.072739,0,0
ACC006918,0.072697,0,0
ACC004381,0.072679,0,0
ACC009090,0.072675,0,0
ACC008008,0.072657,0,0
ACC005744,0.072647,0,0
ACC002859,0.07264,0,0
ACC002732,0.072564,0,0
ACC004707,0.072556,0,0
ACC001484,0.072512,0,0
ACC002604,0.072484,0,0
ACC003987,0.072457,0,0
ACC000890,0.072434,0,0
ACC004366,0.072421,0,0
ACC006201,0.072394,0,0
ACC002454,0.072379,0,0
ACC006722,0.072379,0,0
ACC003280,0.072373,0,0
ACC006167,0.072372,0,0
ACC008574,0.072372,0,0
ACC004647,0.072331,0,0
ACC004245,0.072323,0,0
ACC009908,0.072228,0,0
ACC007468,0.072204,0,0
ACC007688,0.072198,0,0
ACC005862,0.072189,0,0
ACC008213,0.072179,0,0
ACC009754,0.072159,0,0
ACC005737,0.07215,0,0
ACC004127,0.072144,0,0
ACC009355,0.07214,0,0
ACC000195,0.072132,0,0
ACC000898,0.072131,0,0
ACC007381,0.072095,0,0
ACC001703,0.072086,0,0
ACC003285,0.072078,0,0
ACC003249,0.072073,0,0
ACC007626,0.07207,0,0
ACC007457,0.072034,0,0
ACC008117,0.072023,0,0
ACC007145,0.071996,0,0
ACC002197,0.071993,0,0
ACC001594,0.071969,0,0
ACC004380,0.071958,0,0
ACC007327,0.071943,0,0
ACC002990,0.071937,0,0
ACC004153,0.071931,0,0
ACC008342,0.071898,0,0
ACC005702,0.071839,0,0
ACC003991,0.071824,0,0
ACC004112,0.071808,0,0
ACC009451,0.071775,0,0
ACC008903,0.07177,0,0
ACC003227,0.07177,0,0
ACC006830,0.071756,0,0
ACC000384,0.071751,0,0
ACC006999,0.071731,0,0
ACC002204,0.071704,0,0
ACC001248,0.071686,0,0
ACC001118,0.071681,0,0
ACC006957,0.071667,0,0
ACC004817,0.07166,0,0
ACC007619,0.071649,0,0
ACC005502,0.071635,0,0
ACC006272,0.071631,0,0
ACC007339,0.071608,0,0
ACC007864,0.071596,0,0
ACC007691,0.071595,0,0
ACC003048,0.071575,0,0
ACC007335,0.071574,0,0
ACC001696,0.071552,0,0
ACC007866,0.071532,0,0
ACC006844,0.07153,0,0
ACC007792,0.071504,0,0
ACC002662,0.071498,0,0
ACC000539,0.071475,0,0
ACC005761,0.071441,0,0
ACC004306,0.071432,0,0
ACC009821,0.071421,0,0
ACC005790,0.071419,0,0
ACC003744,0.071401,0,0
ACC000700,0.071401,0,0
ACC001538,0.071392,0,0
ACC002782,0.071375,0,0
ACC008350,0.071358,0,0
ACC001054,0.071356,0,0
ACC006072,0.071348,0,0
ACC006872,0.071319,0,0
ACC001239,0.071315,0,0
ACC005412,0.071279,0,0
ACC007254,0.071278,0,0
ACC005122,0.071247,0,0
ACC005810,0.071226,0,0
ACC006266,0.071194,0,0
ACC006794,0.071184,0,0
ACC009976,0.071179,0,0
ACC000818,0.07114,0,0
ACC007018,0.071126,0,0
ACC000489,0.071097,0,0
ACC009809,0.071054,0,0
ACC002694,0.071024,0,0
ACC003313,0.070978,0,0
ACC008021,0.070978,0,0
ACC006240,0.070954,0,0
ACC001677,0.070947,0,0
ACC004354,0.070938,0,0
ACC005406,0.070937,0,0
ACC002612,0.07093,0,1
ACC005205,0.070909,0,0
ACC004738,0.070889,0,0
ACC000380,0.07088,0,0
ACC008823,0.070864,0,0
ACC004024,0.070814,0,0
ACC001571,0.070806,0,0
ACC005597,0.070805,0,0
ACC004728,0.070801,0,0
ACC000412,0.070792,0,0
ACC002839,0.070779,0,0
ACC002837,0.07077,0,0
ACC007232,0.070768,0,0
ACC003135,0.070757,0,0
ACC007445,0.070731,0,0
ACC005547,0.070704,0,0
ACC003122,0.070617,0,0
ACC000026,0.070567,0,0
ACC001031,0.070554,0,0
ACC009030,0.070548,0,0
ACC008831,0.070514,0,0
ACC008512,0.070494,0,0
ACC003252,0.070465,0,0
ACC004235,0.070451,0,0
ACC001010,0.070443,0,0
ACC007220,0.070409,0,0
ACC009698,0.070407,0,0
ACC000567,0.070397,0,0
ACC005134,0.070392,0,0
ACC008231,0.070366,0,0
ACC002520,0.07035,0,0
ACC008171,0.070343,0,0
ACC008667,0.070341,0,0
ACC003636,0.070341,0,0
ACC002943,0.07034,0,0
ACC007976,0.070338,0,0
ACC005876,0.070336,0,0
ACC004276,0.070328,0,0
ACC005823,0.070316,0,0
ACC009294,0.07031,0,0
ACC001587,0.070293,0,0
ACC001699,0.07029,0,0
ACC004522,0.070266,0,0
ACC002941,0.070258,0,0
ACC008393,0.070184,0,0
ACC001912,0.07017,0,0
ACC000974,0.070136,0,0
ACC009781,0.070117,0,0
ACC003168,0.070108,0,0
ACC008524,0.070078,0,0
ACC002877,0.070058,0,0
ACC005084,0.070053,0,0
ACC009617,0.070047,0,0
ACC005236,0.070002,0,0
ACC003503,0.069992,0,0
ACC000648,0.06995,0,0
ACC006884,0.06995,0,0
ACC009880,0.069949,0,0
ACC000551,0.069929,0,0
ACC001845,0.069925,0,0
ACC006810,0.069922,0,0
ACC008732,0.069919,0,0
ACC001397,0.069899,0,0
ACC001331,0.06987,0,0
ACC000751,0.069845,0,0
ACC000584,0.069841,0,0
ACC009218,0.06984,0,0
ACC002683,0.069818,0,0
ACC001236,0.069807,0,0
ACC001580,0.069793,0,0
ACC002458,0.069779,0,0
ACC003770,0.069755,0,0
ACC006899,0.069752,0,0
ACC003361,0.069738,0,0
ACC002833,0.069725,0,0
ACC008642,0.06972,0,0
ACC004476,0.069688,0,0
ACC000553,0.069686,0,0
ACC000162,0.069666,0,0
ACC001777,0.069636,0,0
ACC005246,0.069611,0,0
ACC005065,0.069601,0,0
ACC000552,0.069579,0,0
ACC002875,0.069563,0,0
ACC004328,0.069544,0,0
ACC009614,0.069544,0,0
ACC007853,0.069519,0,0
ACC008600,0.069504,0,0
ACC007937,0.069502,0,0
ACC001225,0.0695,0,0
ACC003966,0.069499,0,0
ACC006234,0.069498,0,0
ACC003011,0.069484,0,0
ACC008976,0.069443,0,0
ACC002192,0.06944,0,0
ACC006978,0.069425,0,0
ACC000271,0.069405,0,0
ACC002652,0.069403,0,0
ACC002184,0.069399,0,0
ACC004333,0.069386,0,0
ACC007061,0.069382,0,0
ACC008768,0.069379,0,0
ACC008957,0.069357,0,0
ACC000238,0.069353,0,0
ACC000647,0.069352,0,0
ACC002063,0.069323,0,0
ACC003071,0.069312,0,0
ACC001891,0.069293,0,0
ACC007513,0.069284,0,0
ACC009327,0.06928,0,0
ACC000434,0.069269,0,0
ACC002280,0.06925,0,0
ACC006761,0.069203,0,0
ACC008245,0.069202,0,0
ACC008548,0.069202,0,0
ACC004578,0.069202,0,0
ACC001282,0.069201,0,0
ACC008372,0.069194,0,0
ACC005616,0.069151,0,0
ACC007331,0.069121,0,0
ACC006633,0.069119,0,0
ACC001126,0.069109,0,0
ACC003999,0.069108,0,0
ACC004833,0.069011,0,0
ACC008486,0.068993,0,0
ACC009902,0.068987,0,0
ACC009373,0.068976,0,0
ACC009638,0.068975,0,0
ACC009054,0.06897,0,0
ACC007113,0.068962,0,0
ACC007754,0.068959,0,0
ACC002448,0.068947,0,0
ACC005443,0.068907,0,0
ACC008161,0.068906,0,0
ACC001224,0.068903,0,0
ACC007524,0.068881,0,0
ACC007392,0.068881,0,0
ACC004188,0.068864,0,0
ACC006010,0.068856,0,0
ACC004321,0.068855,0,0
ACC006740,0.06885,0,0
ACC006490,0.068832,0,0
ACC005290,0.068824,0,0
ACC000972,0.068823,0,0
ACC008566,0.06882,0,0
ACC000624,0.068766,0,0
ACC009440,0.068744,0,0
ACC000668,0.068725,0,0
ACC008891,0.068713,0,0
ACC008018,0.068708,0,0
ACC005178,0.068694,0,0
ACC007842,0.068678,0,0
ACC000176,0.068665,0,0
ACC007906,0.068658,0,0
ACC006371,0.068657,0,0
ACC002700,0.068642,0,0
ACC003151,0.068541,0,0
ACC001336,0.068541,0,0
ACC007818,0.068536,0,0
ACC006156,0.068436,0,0
ACC003471,0.068436,0,0
ACC008289,0.068434,0,0
ACC005495,0.06843,0,0
ACC002457,0.068399,0,0
ACC000688,0.068356,0,0
ACC005054,0.068353,0,0
ACC007572,0.068316,0,0
ACC006903,0.068306,0,0
ACC002111,0.068297,0,0
ACC009767,0.068285,0,0
ACC007796,0.068266,0,0
ACC006160,0.068247,0,0
ACC001765,0.068229,0,0
ACC001963,0.068218,0,0
ACC002676,0.068198,0,0
ACC007615,0.068182,0,0
ACC003395,0.068168,0,0
ACC000386,0.06813,0,0
ACC006819,0.068129,0,0
ACC001380,0.068129,0,0
ACC001433,0.068115,0,0
ACC002736,0.068096,0,0
ACC006526,0.068094,0,0
ACC004983,0.068091,0,0
ACC007501,0.068086,0,0
ACC003338,0.068075,0,0
ACC000521,0.068049,0,0
ACC009475,0.068039,0,0
ACC003466,0.068019,0,0
ACC005624,0.068011,0,0
ACC002885,0.068006,0,0
ACC006910,0.067953,0,0
ACC007090,0.067924,0,0
ACC001482,0.067915,0,0
ACC007928,0.06784,0,0
ACC009006,0.067819,0,0
ACC007422,0.067774,0,0
ACC003750,0.067771,0,0
ACC006180,0.067749,0,0
ACC006224,0.067733,0,0
ACC002774,0.067728,0,0
ACC006649,0.067721,0,0
ACC004007,0.067719,0,0
ACC003387,0.067706,0,0
ACC003364,0.067705,0,0
ACC007764,0.06769,0,0
ACC003353,0.067668,0,0
ACC000421,0.067652,0,0
ACC000901,0.067623,0,0
ACC003348,0.067596,0,0
ACC000793,0.067593,0,0
ACC006602,0.067576,0,0
ACC007239,0.067572,0,0
ACC002799,0.067571,0,0
ACC007969,0.067563,0,0
ACC001000,0.067555,0,0
ACC005922,0.067531,0,0
ACC005582,0.067474,0,0
ACC003815,0.067473,0,0
ACC003414,0.067467,0,0
ACC003054,0.067424,0,0
ACC007062,0.067416,0,0
ACC002895,0.067406,0,0
ACC004201,0.067406,0,0
ACC003344,0.067393,0,0
ACC004554,0.067384,0,0
ACC009652,0.067381,0,0
ACC006854,0.067379,0,0
ACC005129,0.067369,0,0
ACC006036,0.067358,0,0
ACC006845,0.067338,0,0
ACC008862,0.067307,0,0
ACC006762,0.067233,0,0
ACC009284,0.067229,0,0
ACC002979,0.067207,0,0
ACC005382,0.067204,0,0
ACC002464,0.067182,0,0
ACC002220,0.06718,0,0
ACC009887,0.067159,0,0
ACC003358,0.067124,0,0
ACC008993,0.067105,0,0
ACC006530,0.067095,0,0
ACC001995,0.067073,0,0
ACC001655,0.067064,0,0
ACC005635,0.067047,0,0
ACC004517,0.067037,0,0
ACC007663,0.067035,0,0
ACC002991,0.067024,0,0
ACC008873,0.067023,0,0
ACC000948,0.06702,0,0
ACC005609,0.066996,0,0
ACC008475,0.066995,0,0
ACC004548,0.066987,0,0
ACC007499,0.066969,0,0
ACC003814,0.066964,0,0
ACC006784,0.066934,0,0
ACC007888,0.066925,0,0
ACC003259,0.066896,0,0
ACC007372,0.066878,0,0
ACC007679,0.066836,0,0
ACC004052,0.066833,0,0
ACC007379,0.066828,0,0
ACC004039,0.066809,0,0
ACC000173,0.066692,0,0
ACC004701,0.06666,0,0
ACC009784,0.066634,0,0
ACC008966,0.066568,0,0
ACC009285,0.06648,0,0
ACC009613,0.066461,0,0
ACC006380,0.06643,0,0
ACC009713,0.066426,0,0
ACC005708,0.066405,0,0
ACC009432,0.066397,0,0
ACC003942,0.06639,0,0
ACC004362,0.066377,0,0
ACC005045,0.066362,0,0
ACC008151,0.066332,0,0
ACC000229,0.06633,0,0
ACC008594,0.066317,0,0
ACC007953,0.066305,0,0
ACC008339,0.066289,0,0
ACC002089,0.06627,0,0
ACC006472,0.06625,0,1
ACC008301,0.06624,0,0
ACC003841,0.066235,0,0
ACC000194,0.066181,0,0
ACC008404,0.066166,0,0
ACC009441,0.066149,0,0
ACC009276,0.066119,0,0
ACC000282,0.066116,0,0
ACC001127,0.06609,0,0
ACC007521,0.066061,0,0
ACC008412,0.06604,0,0
ACC007728,0.06604,0,0
ACC008837,0.066023,0,0
ACC005863,0.066015,0,0
ACC007185,0.06599,0,0
ACC006259,0.065981,0,0
ACC003438,0.065961,0,0
ACC001693,0.065949,0,0
ACC004630,0.065877,0,0
ACC008898,0.065853,0,0
ACC008836,0.065826,0,0
ACC009122,0.065804,0,0
ACC005976,0.065797,0,0
ACC005681,0.065746,0,0
ACC003110,0.065737,0,0
ACC005175,0.065664,0,0
ACC004672,0.065655,0,0
ACC004319,0.065635,0,0
ACC000224,0.065624,0,0
ACC008237,0.065622,0,0
ACC003187,0.065611,0,0
ACC001215,0.065591,0,0
ACC005503,0.065591,0,0
ACC007459,0.065558,0,0
ACC004865,0.065546,0,0
ACC002495,0.06554,0,0
ACC000973,0.065535,0,0
ACC008955,0.065533,0,0
ACC008942,0.06549,0,0
ACC001967,0.065471,0,0
ACC002124,0.06547,0,0
ACC005213,0.065466,0,0
ACC002558,0.06544,0,0
ACC006477,0.065432,0,0
ACC009937,0.06541,0,0
ACC006420,0.065398,0,0
ACC004002,0.065395,0,0
ACC000991,0.065387,0,0
ACC008591,0.065384,0,0
ACC006941,0.065383,0,0
ACC003914,0.065342,0,0
ACC006608,0.065336,0,0
ACC009926,0.065295,0,0
ACC009721,0.065284,0,0
ACC002363,0.065254,0,0
ACC003028,0.065252,0,0
ACC004151,0.065245,0,0
ACC009539,0.065235,0,0
ACC001335,0.065233,0,0
ACC003915,0.065203,0,0
ACC009398,0.065194,0,0
ACC006130,0.065183,0,0
ACC002590,0.065172,0,0
ACC002135,0.065156,0,0
ACC004135,0.065151,0,0
ACC005323,0.065143,0,0
ACC009202,0.06514,0,0
ACC004196,0.06512,0,0
ACC002538,0.065117,0,0
ACC007199,0.065111,0,0
ACC006558,0.065107,0,0
ACC007235,0.065072,0,0
ACC009351,0.06507,0,0
ACC001811,0.065013,0,0
ACC008526,0.065008,0,0
ACC002716,0.064989,0,0
ACC002076,0.064968,0,1
ACC005805,0.064962,0,0
ACC008358,0.064945,0,0
ACC004931,0.064935,0,0
ACC009501,0.064933,0,0
ACC006357,0.064916,0,0
ACC007311,0.064906,0,0
ACC005281,0.064903,0,0
ACC007223,0.06485,0,0
ACC003797,0.064849,0,0
ACC003111,0.064814,0,0
ACC006034,0.064813,0,0
ACC003578,0.064805,0,0
ACC006800,0.064794,0,0
ACC000329,0.06476,0,0
ACC008181,0.064743,0,0
ACC000711,0.064708,0,0
ACC002437,0.064706,0,0
ACC007283,0.064674,0,0
ACC009066,0.06467,0,0
ACC001029,0.064664,0,0
ACC002775,0.064638,0,0
ACC003583,0.06462,0,0
ACC001909,0.064611,0,0
ACC008346,0.064566,0,0
ACC003789,0.06456,0,0
ACC008917,0.064556,0,0
ACC009287,0.064547,0,0
ACC000559,0.064543,0,0
ACC005905,0.064521,0,0
ACC009872,0.064502,0,0
ACC005639,0.064493,0,0
ACC006511,0.06447,0,0
ACC003760,0.064467,0,0
ACC006323,0.064397,0,0
ACC000306,0.064385,0,0
ACC007282,0.064375,0,1
ACC009842,0.064363,0,0
ACC009100,0.064347,0,0
ACC000458,0.06434,0,0
ACC000568,0.064333,0,0
ACC006429,0.064309,0,0
ACC003321,0.064293,0,0
ACC008741,0.064293,0,0
ACC007655,0.064289,0,0
ACC001925,0.06428,0,0
ACC000327,0.064277,0,0
ACC004427,0.064255,0,0
ACC008839,0.064251,0,0
ACC006127,0.064242,0,0
ACC008635,0.064231,0,0
ACC004662,0.064126,0,0
ACC009630,0.064122,0,0
ACC005433,0.064121,0,0
ACC004005,0.064118,0,0
ACC000433,0.06411,0,0
ACC009057,0.064094,0,0
ACC002029,0.06408,0,0
ACC007665,0.064024,0,0
ACC002268,0.064016,0,0
ACC002113,0.063985,0,0
ACC001333,0.063979,0,0
ACC006811,0.063971,0,0
ACC003934,0.063959,0,0
ACC009661,0.063946,0,0
ACC006598,0.063943,0,0
ACC001776,0.063912,0,0
ACC005607,0.063894,0,0
ACC008842,0.06388,0,0
ACC000554,0.063878,0,0
ACC004973,0.063837,0,0
ACC009928,0.063827,0,0
ACC002711,0.063797,0,0
ACC001658,0.063788,0,0
ACC001139,0.063782,0,0
ACC003671,0.063764,0,0
ACC000219,0.063757,0,0
ACC002270,0.063752,0,0
ACC003149,0.063659,0,0
ACC004702,0.063656,0,0
ACC001653,0.063628,0,0
ACC000806,0.063621,0,0
ACC009109,0.063615,0,0
ACC000493,0.063576,0,0
ACC001790,0.06354,0,0
ACC000864,0.063538,0,0
ACC001233,0.063531,0,0
ACC005303,0.06349,0,0
ACC000455,0.06348,0,0
ACC001174,0.063468,0,0
ACC003217,0.063448,0,0
ACC007383,0.063416,0,0
ACC006497,0.063413,0,0
ACC006355,0.063371,0,0
ACC004392,0.06337,0,0
ACC003435,0.063367,0,0
ACC003421,0.063326,0,0
ACC004992,0.063299,0,0
ACC004822,0.063295,0,0
ACC001650,0.063288,0,0
ACC001983,0.063284,0,0
ACC006926,0.063275,0,0
ACC002278,0.063242,0,0
ACC006759,0.063211,0,0
ACC009255,0.063202,0,0
ACC002933,0.06319,0,0
ACC005759,0.063172,0,0
ACC008913,0.063139,0,0
ACC001552,0.063132,0,0
ACC008925,0.063127,0,0
ACC008364,0.063115,0,0
ACC008082,0.063086,0,0
ACC004090,0.063072,0,0
ACC004604,0.063071,0,0
ACC006002,0.063054,0,0
ACC008743,0.063045,0,0
ACC006789,0.063006,0,0
ACC000357,0.063001,0,1
ACC005126,0.062996,0,0
ACC008233,0.062994,0,0
ACC000525,0.062994,0,0
ACC007971,0.062993,0,0
ACC008392,0.062982,0,0
ACC005434,0.062972,0,0
ACC006336,0.062952,0,0
ACC009817,0.062944,0,0
ACC004968,0.062926,0,0
ACC005202,0.062924,0,0
ACC003106,0.062914,0,0
ACC009325,0.06288,0,0
ACC003614,0.062855,0,0
ACC001356,0.062844,0,0
ACC001344,0.062841,0,0
ACC003873,0.062841,0,0
ACC000960,0.062826,0,0
ACC006403,0.062794,0,0
ACC009013,0.062785,0,0
ACC007181,0.062765,0,0
ACC005878,0.062744,0,0
ACC003656,0.062716,0,0
ACC003129,0.062712,0,0
ACC001715,0.062699,0,0
ACC008868,0.062689,0,0
ACC000093,0.062676,0,0
ACC004645,0.062658,0,0
ACC009788,0.062643,0,0
ACC004595,0.062627,0,0
ACC007835,0.062617,0,0
ACC003665,0.062601,0,0
ACC009062,0.062596,0,0
ACC001854,0.062581,0,0
ACC003198,0.062537,0,0
ACC005766,0.062526,0,0
ACC006027,0.062508,0,0
ACC007478,0.062494,0,0
ACC003197,0.062477,0,0
ACC002099,0.062476,0,0
ACC002452,0.062453,0,0
ACC003731,0.062408,0,0
ACC005437,0.06239,0,0
ACC003059,0.062382,0,0
ACC006725,0.06237,0,0
ACC005771,0.062367,0,0
ACC008039,0.062364,0,0
ACC002938,0.062355,0,0
ACC002620,0.062351,0,0
ACC002596,0.062349,0,0
ACC002120,0.062345,0,0
ACC009042,0.062345,0,0
ACC000730,0.062309,0,0
ACC008207,0.062252,0,0
ACC002476,0.062247,0,0
ACC008366,0.062226,0,0
ACC001342,0.062222,0,0
ACC004915,0.06222,0,0
ACC003036,0.062207,0,0
ACC002846,0.062188,0,0
ACC000242,0.062187,0,0
ACC003566,0.062168,0,0
ACC005567,0.06216,0,0
ACC008791,0.062145,0,0
ACC008696,0.062141,0,0
ACC001251,0.062108,0,0
ACC002602,0.062103,0,0
ACC003702,0.062092,0,0
ACC007568,0.062074,0,0
ACC002277,0.062067,0,0
ACC001090,0.062061,0,0
ACC002423,0.062053,0,0
ACC001841,0.062044,0,1
ACC005449,0.061946,0,0
ACC001348,0.061935,0,0
ACC007068,0.061928,0,0
ACC004400,0.061909,0,0
ACC000718,0.061907,0,0
ACC005626,0.061901,0,0
ACC008255,0.061899,0,0
ACC000546,0.061895,0,0
ACC001928,0.061895,0,0
ACC009770,0.061889,0,0
ACC003689,0.061849,0,0
ACC007266,0.061847,0,0
ACC004731,0.061825,0,0
ACC006677,0.061804,0,0
ACC000964,0.061797,0,0
ACC002939,0.061793,0,0
ACC000592,0.061782,0,0
ACC000545,0.061773,0,0
ACC000482,0.061759,0,0
ACC007476,0.06175,0,0
ACC003305,0.061727,0,0
ACC001775,0.061722,0,0
ACC000922,0.061709,0,0
ACC001303,0.061707,0,0
ACC004788,0.061705,0,0
ACC000841,0.061694,0,0
ACC006729,0.061684,0,0
ACC007085,0.061671,0,0
ACC001823,0.061669,0,0
ACC006568,0.061659,0,0
ACC000089,0.061657,0,0
ACC003541,0.061643,0,0
ACC009797,0.061642,0,0
ACC003727,0.061635,0,0
ACC008242,0.061558,0,0
ACC008155,0.06155,0,0
ACC007538,0.061534,0,0
ACC002734,0.061411,0,0
ACC002622,0.0614,0,0
ACC009702,0.061399,0,0
ACC001312,0.061387,0,0
ACC003962,0.061352,0,0
ACC004834,0.061351,0,0
ACC009511,0.061336,0,0
ACC005424,0.061313,0,0
ACC003303,0.0613,0,0
ACC007591,0.061289,0,0
ACC002814,0.06128,0,0
ACC005682,0.061255,0,0
ACC005885,0.061238,0,0
ACC008755,0.061236,0,0
ACC009253,0.061232,0,0
ACC003199,0.061216,0,0
ACC006846,0.061196,0,0
ACC002178,0.061116,0,0
ACC007833,0.061113,0,0
ACC003141,0.061111,0,0
ACC004750,0.061106,0,0
ACC002374,0.061105,0,0
ACC007968,0.061092,0,0
ACC007273,0.061089,0,0
ACC006171,0.061083,0,0
ACC009680,0.061068,0,0
ACC005361,0.061046,0,0
ACC009483,0.061045,0,0
ACC005817,0.061035,0,0
ACC008380,0.061029,0,0
ACC007789,0.060988,0,0
ACC004441,0.060943,0,0
ACC008067,0.060883,0,0
ACC008870,0.060879,0,0
ACC001826,0.060876,0,0
ACC003373,0.060875,0,0
ACC001630,0.060853,0,0
ACC005215,0.060799,0,0
ACC002442,0.060785,0,0
ACC000213,0.060752,0,0
ACC001117,0.060751,0,0
ACC000697,0.060713,0,0
ACC005612,0.060708,0,0
ACC000442,0.060707,0,0
ACC002170,0.060688,0,0
ACC002862,0.060685,0,0
ACC007424,0.060677,0,0
ACC005891,0.060673,0,0
ACC001662,0.060672,0,0
ACC009925,0.060646,0,0
ACC007322,0.060634,0,0
ACC009606,0.060595,0,0
ACC005169,0.060552,0,0
ACC003437,0.06054,0,0
ACC003278,0.060512,0,0
ACC000651,0.060496,0,0
ACC006231,0.060484,0,0
ACC006660,0.060462,0,0
ACC006963,0.060454,0,0
ACC009347,0.060442,0,0
ACC008072,0.060416,0,0
ACC001276,0.060416,0,0
ACC004438,0.060406,0,0
ACC004369,0.060405,0,0
ACC008783,0.060391,0,0
ACC001120,0.060389,0,0
ACC008762,0.060387,0,0
ACC006033,0.060371,0,0
ACC004964,0.060347,0,0
ACC008803,0.060343,0,0
ACC008071,0.060338,0,0
ACC007138,0.060268,0,0
ACC004404,0.060266,0,0
ACC006953,0.060253,0,0
ACC000375,0.060238,0,0
ACC006907,0.060232,0,0
ACC008136,0.060214,0,0
ACC008102,0.060198,0,0
ACC007128,0.060176,0,0
ACC006342,0.060175,0,0
ACC002924,0.060139,0,0
ACC008750,0.060126,0,0
ACC001284,0.060109,0,0
ACC001097,0.060101,0,0
ACC000895,0.060098,0,0
ACC007280,0.060042,0,0
ACC004999,0.060022,0,0
ACC009778,0.060015,0,0
ACC004251,0.060015,0,0
ACC008638,0.06,0,0
ACC004733,0.059999,0,0
ACC009791,0.059962,0,0
ACC000543,0.059961,0,0
ACC006398,0.059954,0,0
ACC005373,0.059934,0,0
ACC003728,0.059928,0,0
ACC002408,0.059898,0,0
ACC009667,0.059859,0,0
ACC007836,0.059844,0,0
ACC003469,0.059836,0,0
ACC007590,0.059814,0,1
ACC004086,0.059811,0,0
ACC007204,0.059794,0,0
ACC000580,0.059748,0,0
ACC003836,0.059745,0,0
ACC001345,0.059729,0,0
ACC005336,0.059703,0,0
ACC007506,0.059675,0,0
ACC001567,0.059655,0,0
ACC000530,0.059644,0,0
ACC005293,0.059622,0,0
ACC009063,0.059622,0,1
ACC003651,0.059601,0,0
ACC004025,0.05959,0,0
ACC003006,0.059509,0,0
ACC007120,0.059504,0,0
ACC009850,0.059503,0,0
ACC001041,0.059477,0,0
ACC004342,0.059468,0,0
ACC008860,0.059409,0,0
ACC000925,0.059393,0,0
ACC005602,0.059382,0,0
ACC001731,0.059381,0,0
ACC005546,0.059329,0,0
ACC000072,0.05932,0,0
ACC008068,0.0593,0,0
ACC002470,0.059262,0,0
ACC006116,0.05926,0,0
ACC008257,0.059253,0,0
ACC009234,0.059253,0,0
ACC008807,0.059224,0,0
ACC005037,0.05922,0,0
ACC002930,0.059207,0,0
ACC008299,0.059181,0,0
ACC004904,0.059168,0,0
ACC001063,0.059153,0,0
ACC008813,0.059144,0,0
ACC009531,0.059137,0,0
ACC007156,0.059135,0,0
ACC009311,0.059108,0,0
ACC006556,0.059082,0,0
ACC003307,0.059074,0,0
ACC008288,0.059067,0,0
ACC003093,0.059062,0,0
ACC004202,0.059058,0,0
ACC007456,0.05904,0,0
ACC005881,0.059032,0,0
ACC007736,0.059028,0,0
ACC007799,0.059008,0,0
ACC005423,0.059006,0,0
ACC008880,0.059,0,0
ACC001075,0.058972,0,0
ACC001564,0.058955,0,0
ACC004215,0.058931,0,0
ACC003082,0.058927,0,0
ACC007452,0.058916,0,0
ACC002133,0.058913,0,0
ACC009757,0.058911,0,0
ACC002567,0.05891,0,0
ACC004495,0.058897,0,0
ACC004912,0.058892,0,0
ACC002902,0.058886,0,0
ACC000147,0.058883,0,0
ACC006696,0.058874,0,0
ACC005469,0.058852,0,0
ACC000949,0.058841,0,0
ACC000179,0.058831,0,0
ACC003762,0.05882,0,0
ACC005534,0.058793,0,0
ACC007765,0.058779,0,0
ACC007951,0.058752,0,0
ACC001543,0.058747,0,0
ACC002803,0.058709,0,0
ACC006880,0.058699,0,0
ACC006866,0.058672,0,0
ACC003204,0.058654,0,0
ACC008781,0.058634,0,0
ACC000783,0.058631,0,0
ACC002080,0.05863,0,0
ACC003643,0.0586,0,0
ACC005794,0.058589,0,0
ACC007411,0.058578,0,0
ACC003050,0.058562,0,0
ACC009777,0.058554,0,0
ACC001134,0.058535,0,0
ACC005343,0.05853,0,0
ACC005466,0.058526,0,0
ACC009206,0.058522,0,0
ACC007080,0.058505,0,0
ACC005210,0.058499,0,0
ACC004726,0.058483,0,0
ACC005023,0.058483,0,0
ACC008399,0.058476,0,0
ACC000438,0.058475,0,0
ACC005830,0.058463,0,0
ACC005137,0.058413,0,0
ACC001297,0.058391,0,0
ACC002817,0.058384,0,0
ACC000866,0.058353,0,0
ACC001186,0.05835,0,0
ACC006208,0.058345,0,0
ACC009477,0.058338,0,0
ACC001488,0.058308,0,0
ACC000839,0.058306,0,0
ACC001654,0.058305,0,0
ACC005322,0.058249,0,0
ACC003674,0.058236,0,0
ACC001860,0.058232,0,0
ACC006936,0.058204,0,0
ACC008907,0.058182,0,0
ACC006435,0.058177,0,0
ACC009651,0.058164,0,0
ACC005984,0.058151,0,0
ACC003691,0.058145,0,0
ACC005890,0.058123,0,0
ACC004811,0.058101,0,0
ACC004537,0.0581,0,0
ACC009961,0.058093,0,0
ACC009986,0.058091,0,0
ACC000470,0.05806,0,0
ACC005451,0.058039,0,0
ACC008351,0.057999,0,0
ACC008632,0.057998,0,0
ACC009016,0.057993,0,0
ACC009091,0.057984,0,0
ACC007880,0.057973,0,0
ACC000419,0.057971,0,0
ACC009320,0.057969,0,0
ACC008713,0.057962,0,0
ACC005767,0.057948,0,0
ACC006479,0.057933,0,0
ACC008651,0.057923,0,0
ACC000950,0.057919,0,0
ACC008464,0.057905,0,0
ACC002820,0.05789,0,0
ACC001964,0.057881,0,0
ACC000359,0.057854,0,0
ACC009227,0.057819,0,0
ACC006218,0.057812,0,0
ACC008128,0.057811,0,0
ACC006837,0.057799,0,0
ACC009139,0.057793,0,0
ACC009119,0.057792,0,0
ACC006793,0.057768,0,0
ACC002894,0.057768,0,0
ACC001392,0.057763,0,0
ACC007624,0.057761,0,0
ACC004284,0.057755,0,0
ACC008535,0.057751,0,0
ACC000124,0.057747,0,0
ACC004711,0.057742,0,0
ACC006131,0.057737,0,0
ACC009235,0.05772,0,0
ACC008110,0.057714,0,0
ACC009411,0.057708,0,0
ACC004186,0.057702,0,0
ACC007589,0.057695,0,0
ACC003917,0.057685,0,0
ACC009068,0.057675,0,0
ACC009589,0.057661,0,0
ACC008954,0.057641,0,0
ACC003299,0.057629,0,0
ACC006360,0.057599,0,0
ACC006928,0.057569,0,0
ACC007278,0.05753,0,0
ACC006821,0.057512,0,0
ACC009248,0.057512,0,0
ACC005110,0.05749,0,0
ACC007653,0.057475,0,0
ACC003748,0.057473,0,0
ACC007100,0.05746,0,0
ACC009642,0.057438,0,0
ACC002693,0.057424,0,0
ACC000957,0.0574,0,0
ACC007715,0.057374,0,0
ACC009934,0.057371,0,0
ACC003159,0.05737,0,0
ACC005778,0.057348,0,0
ACC002122,0.057301,0,0
ACC002417,0.057299,0,0
ACC007767,0.057295,0,0
ACC001673,0.057262,0,0
ACC000734,0.057262,0,0
ACC008990,0.057244,0,0
ACC001801,0.057242,0,0
ACC002835,0.057221,0,0
ACC002082,0.057216,0,0
ACC009152,0.057206,0,1
ACC004815,0.057188,0,0
ACC000937,0.057177,0,0
ACC009806,0.057167,0,0
ACC003776,0.057153,0,0
ACC006326,0.05715,0,0
ACC003757,0.057122,0,0
ACC009415,0.057106,0,0
ACC007808,0.057104,0,0
ACC009279,0.057086,0,0
ACC006622,0.05707,0,0
ACC007502,0.056934,0,0
ACC007564,0.056913,0,0
ACC002249,0.056899,0,0
ACC001887,0.056889,0,0
ACC008140,0.056877,0,0
ACC004835,0.05687,0,0
ACC006384,0.056867,0,0
ACC005973,0.056851,0,0
ACC009543,0.056831,0,0
ACC008118,0.056825,0,0
ACC000365,0.056819,0,0
ACC000749,0.056818,0,0
ACC008115,0.056793,0,0
ACC002800,0.056787,0,0
ACC007024,0.056785,0,0
ACC009332,0.056778,0,0
ACC004975,0.056774,0,0
ACC007129,0.056758,0,0
ACC001274,0.05672,0,0
ACC002981,0.056705,0,0
ACC002488,0.056696,0,0
ACC007355,0.056695,0,0
ACC002868,0.056668,0,0
ACC009523,0.056657,0,0
ACC001211,0.056629,0,0
ACC002189,0.056619,0,0
ACC007777,0.056619,0,0
ACC002925,0.056602,0,0
ACC004617,0.056597,0,0
ACC006476,0.056565,0,0
ACC002366,0.056561,0,0
ACC002298,0.056561,0,0
ACC005552,0.056536,0,0
ACC005225,0.056535,0,0
ACC001447,0.056534,0,0
ACC003073,0.056527,0,0
ACC008047,0.056519,0,0
ACC005944,0.056501,0,0
ACC004339,0.05649,0,0
ACC009881,0.056473,0,0
ACC004161,0.05647,0,0
ACC007003,0.056466,0,0
ACC007910,0.056428,0,0
ACC002211,0.05638,0,0
ACC002272,0.056367,0,0
ACC001238,0.056364,0,0
ACC001643,0.056359,0,0
ACC004780,0.05634,0,0
ACC003713,0.056331,0,0
ACC004116,0.05632,0,0
ACC005528,0.056307,0,0
ACC007242,0.056278,0,0
ACC003209,0.056251,0,0
ACC006501,0.056224,0,0
ACC002071,0.056207,0,0
ACC009851,0.056194,0,0
ACC009346,0.056191,0,0
ACC008572,0.056163,0,0
ACC003896,0.056156,0,0
ACC003579,0.056156,0,0
ACC005379,0.056132,0,0
ACC003796,0.056113,0,0
ACC009174,0.05606,0,0
ACC007222,0.056028,0,0
ACC007246,0.056002,0,0
ACC008064,0.055993,0,0
ACC007762,0.055993,0,0
ACC006499,0.055963,0,0
ACC003157,0.055957,0,0
ACC005057,0.055952,0,0
ACC008385,0.055945,0,0
ACC009180,0.055937,0,0
ACC003355,0.055927,0,0
ACC001720,0.055909,0,0
ACC004450,0.055902,0,0
ACC004825,0.0559,0,0
ACC007386,0.055888,0,0
ACC008786,0.055883,0,0
ACC006486,0.055871,0,0
ACC009046,0.055867,0,0
ACC008575,0.055849,0,0
ACC006985,0.05584,0,0
ACC001747,0.055829,0,0
ACC006290,0.055821,0,0
ACC005203,0.055805,0,0
ACC007699,0.05579,0,0
ACC006416,0.055787,0,0
ACC000028,0.055711,0,0
ACC007881,0.055703,0,0
ACC002235,0.055699,0,0
ACC008203,0.055684,0,0
ACC007860,0.055647,0,0
ACC008473,0.055643,0,0
ACC001675,0.055642,0,0
ACC000217,0.055642,0,0
ACC000772,0.055636,0,0
ACC004395,0.055619,0,0
ACC003103,0.055598,0,0
ACC005370,0.055574,0,0
ACC002283,0.055537,0,0
ACC004163,0.055492,0,0
ACC000316,0.055491,0,0
ACC004013,0.055489,0,0
ACC004073,0.055486,0,0
ACC009178,0.055483,0,0
ACC005004,0.055481,0,0
ACC008615,0.055476,0,0
ACC008685,0.055414,0,0
ACC003042,0.055408,0,0
ACC005185,0.055377,0,0
ACC002952,0.055344,0,0
ACC005674,0.055322,0,0
ACC001167,0.055319,0,0
ACC009898,0.055312,0,0
ACC003903,0.055312,0,0
ACC007867,0.055306,0,0
ACC004211,0.055299,0,0
ACC002152,0.055297,0,0
ACC008688,0.055296,0,0
ACC007710,0.055237,0,0
ACC000387,0.055227,0,0
ACC001808,0.055188,0,0
ACC002798,0.055175,0,0
ACC002999,0.055166,0,0
ACC003958,0.055146,0,0
ACC002219,0.055133,0,0
ACC007439,0.055132,0,0
ACC008952,0.055102,0,0
ACC009435,0.055094,0,0
ACC003186,0.055086,0,0
ACC001384,0.05506,0,0
ACC006268,0.055037,0,0
ACC008944,0.055024,0,0
ACC006749,0.055013,0,0
ACC004360,0.054988,0,0
ACC003463,0.05498,0,0
ACC007852,0.054939,0,0
ACC005698,0.05492,0,0
ACC005389,0.054883,0,0
ACC007174,0.054866,0,0
ACC004547,0.054857,0,0
ACC006753,0.054844,0,0
ACC004933,0.05482,0,0
ACC000496,0.054804,0,0
ACC008316,0.054799,0,0
ACC007012,0.054794,0,0
ACC000789,0.054787,0,0
ACC001252,0.054784,0,0
ACC007474,0.054777,0,0
ACC003828,0.054766,0,0
ACC000504,0.05472,0,0
ACC005320,0.0547,0,0
ACC006400,0.054696,0,0
ACC005924,0.054682,0,0
ACC003340,0.054648,0,0
ACC004246,0.05461,0,0
ACC005442,0.054603,0,0
ACC007770,0.054592,0,0
ACC006505,0.054591,0,1
ACC000613,0.054585,0,0
ACC003835,0.054568,0,0
ACC005846,0.054555,0,0
ACC000579,0.05453,0,0
ACC006187,0.054518,0,0
ACC001352,0.054515,0,0
ACC006920,0.054512,0,0
ACC008097,0.054511,0,0
ACC009175,0.054494,0,0
ACC002861,0.054488,0,0
ACC000158,0.054478,0,0
ACC000274,0.054448,0,0
ACC002441,0.054424,0,0
ACC005827,0.054409,0,0
ACC005558,0.054409,0,0
ACC000149,0.054376,0,0
ACC009371,0.054343,0,0
ACC001603,0.054323,0,0
ACC000012,0.054295,0,0
ACC009811,0.054278,0,0
ACC006804,0.054271,0,0
ACC003951,0.054233,0,0
ACC007190,0.0542,0,0
ACC000945,0.054185,0,0
ACC002723,0.054164,0,0
ACC008388,0.054145,0,0
ACC005882,0.054143,0,0
ACC000797,0.054131,0,0
ACC008185,0.054124,0,0
ACC006887,0.054111,0,0
ACC006965,0.054109,0,0
ACC003224,0.054097,0,0
ACC003723,0.054085,0,0
ACC002149,0.054059,0,0
ACC005177,0.054053,0,0
ACC005720,0.05405,0,0
ACC001438,0.054042,0,0
ACC002763,0.054038,0,0
ACC006456,0.054034,0,0
ACC005949,0.054033,0,0
ACC000003,0.05403,0,0
ACC002554,0.054003,0,0
ACC009533,0.054003,0,0
ACC005592,0.053999,0,0
ACC003191,0.053994,0,0
ACC005098,0.053979,0,0
ACC009461,0.05397,0,0
ACC004720,0.053953,0,0
ACC009628,0.053919,0,0
ACC004572,0.053915,0,0
ACC002246,0.053896,0,0
ACC008673,0.053869,0,0
ACC003112,0.053856,0,0
ACC009901,0.053856,0,0
ACC004489,0.053838,0,0
ACC007399,0.053835,0,0
ACC001988,0.053831,0,0
ACC004890,0.053828,0,0
ACC006792,0.053819,0,0
ACC003393,0.053797,0,0
ACC005055,0.053768,0,0
ACC005540,0.053766,0,0
ACC002436,0.053758,0,0
ACC006632,0.053747,0,1
ACC007219,0.053726,0,0
ACC002677,0.053707,0,0
ACC008625,0.053699,0,0
ACC006509,0.053692,0,0
ACC004747,0.053678,0,0
ACC007319,0.053673,0,0
ACC004068,0.053668,0,0
ACC006485,0.053659,0,0
ACC002569,0.053649,0,0
ACC008337,0.053638,0,0
ACC007606,0.053618,0,0
ACC001512,0.053592,0,0
ACC004974,0.053561,0,0
ACC008621,0.053552,0,0
ACC000916,0.053545,0,0
ACC009998,0.053544,0,0
ACC009424,0.053543,0,0
ACC003711,0.053525,0,0
ACC007843,0.053475,0,0
ACC001900,0.053442,0,0
ACC003219,0.05344,0,0
ACC008210,0.053432,0,0
ACC007337,0.053417,0,0
ACC004320,0.053365,0,0
ACC003667,0.053319,0,0
ACC004335,0.053314,0,0
ACC008452,0.053292,0,0
ACC001793,0.053288,0,0
ACC000710,0.053288,0,0
ACC000850,0.053262,0,0
ACC007258,0.053261,0,0
ACC006981,0.05322,0,0
ACC000800,0.053202,0,0
ACC009710,0.053185,0,0
ACC009972,0.053172,0,0
ACC002217,0.053167,0,0
ACC002229,0.053148,0,0
ACC004502,0.053139,0,0
ACC004258,0.053117,0,0
ACC001074,0.053099,0,0
ACC000134,0.053097,0,0
ACC007713,0.053083,0,0
ACC003568,0.053064,0,0
ACC009563,0.053042,0,0
ACC008737,0.053006,0,0
ACC003345,0.052995,0,0
ACC000832,0.052979,0,0
ACC001926,0.052975,0,0
ACC003336,0.052915,0,0
ACC005312,0.052899,0,0
ACC009974,0.052884,0,0
ACC000485,0.052883,0,0
ACC007689,0.052787,0,0
ACC004386,0.052779,0,0
ACC004165,0.052747,0,0
ACC006984,0.052729,0,0
ACC006035,0.052724,0,0
ACC000326,0.052707,0,0
ACC004350,0.052619,0,0
ACC001467,0.052546,0,0
ACC009015,0.052537,0,0
ACC004871,0.052524,0,0
ACC003074,0.052517,0,0
ACC009864,0.052503,0,0
ACC003453,0.052503,0,0
ACC001360,0.052499,0,0
ACC009776,0.052498,0,0
ACC004843,0.052489,0,0
ACC002310,0.052471,0,0
ACC000245,0.052432,0,0
ACC000019,0.052431,0,0
ACC005452,0.052419,0,0
ACC009478,0.052416,0,0
ACC000897,0.052415,0,0
ACC002068,0.052406,0,0
ACC007163,0.052367,0,0
ACC001583,0.05232,0,0
ACC009359,0.052315,0,0
ACC004349,0.052305,0,0
ACC007394,0.052302,0,0
ACC001835,0.052301,0,0
ACC000914,0.052226,0,0
ACC009268,0.052211,0,0
ACC007081,0.052197,0,0
ACC004853,0.052186,0,0
ACC000824,0.052178,0,0
ACC002561,0.052176,0,0
ACC009465,0.052162,0,0
ACC003143,0.052137,0,0
ACC004139,0.052135,0,0
ACC009130,0.05212,0,0
ACC006900,0.052104,0,0
ACC008812,0.05209,0,0
ACC008259,0.052088,0,0
ACC005793,0.05208,0,0
ACC008931,0.052072,0,0
ACC003893,0.052041,0,0
ACC001050,0.052029,0,0
ACC007824,0.052026,0,0
ACC005623,0.052019,0,0
ACC009438,0.05201,0,0
ACC008567,0.052007,0,0
ACC005968,0.051993,0,0
ACC001047,0.051991,0,0
ACC005668,0.051959,0,0
ACC004471,0.051945,0,0
ACC004262,0.051935,0,0
ACC008178,0.051926,0,0
ACC001337,0.051923,0,0
ACC006683,0.051884,0,0
ACC008706,0.051874,0,0
ACC001066,0.051865,0,0
ACC001802,0.051859,0,0
ACC000373,0.051845,0,0
ACC009494,0.051835,0,0
ACC005610,0.051819,0,0
ACC003812,0.051734,0,0
ACC001756,0.051724,0,0
ACC002255,0.051714,0,0
ACC004243,0.051699,0,0
ACC006299,0.051697,0,0
ACC008545,0.051656,0,0
ACC006444,0.051647,0,0
ACC002025,0.051643,0,0
ACC002871,0.05164,0,0
ACC008137,0.051637,0,0
ACC002107,0.051598,0,0
ACC001848,0.051588,0,0
ACC005463,0.051579,0,0
ACC009861,0.051566,0,0
ACC007461,0.05154,0,0
ACC008467,0.05153,0,0
ACC008158,0.051524,0,0
ACC009374,0.051518,0,0
ACC007049,0.051513,0,0
ACC003992,0.051505,0,0
ACC009390,0.051491,0,0
ACC003137,0.051482,0,0
ACC007115,0.051476,0,0
ACC003945,0.051469,0,0
ACC003116,0.051454,0,0
ACC000313,0.051437,0,0
ACC001797,0.051412,0,0
ACC006428,0.051404,0,0
ACC005484,0.051399,0,0
ACC007957,0.051371,0,0
ACC004519,0.05136,0,0
ACC002549,0.051356,0,0
ACC008471,0.05132,0,0
ACC009330,0.0513,0,0
ACC009223,0.051281,0,0
ACC008319,0.051263,0,0
ACC004277,0.051259,0,0
ACC002658,0.051258,0,0
ACC000353,0.051249,0,0
ACC005988,0.051237,0,0
ACC007425,0.051229,0,0
ACC004756,0.05119,0,0
ACC000377,0.051179,0,0
ACC008439,0.05113,0,0
ACC002256,0.051128,0,0
ACC008672,0.051118,0,0
ACC009965,0.051082,0,0
ACC003720,0.05107,0,0
ACC003083,0.050988,0,0
ACC006933,0.050981,0,0
ACC006871,0.050979,0,0
ACC000020,0.050947,0,0
ACC009727,0.050913,0,0
ACC000234,0.050877,0,0
ACC009832,0.050845,0,0
ACC001968,0.050826,0,0
ACC001394,0.050805,0,0
ACC007629,0.050804,0,0
ACC003784,0.050791,0,0
ACC005405,0.050785,0,0
ACC009808,0.050766,0,0
ACC001377,0.050721,0,0
ACC008780,0.050701,0,0
ACC000773,0.05069,0,0
ACC005401,0.050669,0,0
ACC003959,0.050649,0,0
ACC007984,0.050648,0,0
ACC007943,0.050644,0,0
ACC003519,0.050632,0,0
ACC000821,0.050614,0,0
ACC007471,0.050605,0,0
ACC008747,0.050585,0,0
ACC007776,0.05058,0,0
ACC008561,0.050579,0,0
ACC003498,0.050561,0,0
ACC002396,0.050553,0,0
ACC003013,0.050551,0,0
ACC006136,0.050542,0,0
ACC007070,0.050527,0,0
ACC002556,0.050511,0,0
ACC000004,0.05047,0,0
ACC005931,0.050465,0,0
ACC001601,0.050455,0,0
ACC000583,0.050435,0,0
ACC002769,0.05042,0,0
ACC004901,0.050346,0,0
ACC001372,0.050345,0,0
ACC001308,0.050337,0,0
ACC003019,0.050335,0,0
ACC001217,0.050332,0,0
ACC000860,0.050281,0,0
ACC003392,0.050268,0,0
ACC009468,0.050213,0,0
ACC009271,0.050183,0,1
ACC003431,0.050168,0,0
ACC000891,0.050161,0,0
ACC005475,0.050152,0,0
ACC006990,0.050151,0,0
ACC003623,0.050129,0,0
ACC003286,0.050118,0,0
ACC003564,0.050113,0,0
ACC007183,0.050096,0,0
ACC007944,0.050081,0,0
ACC006061,0.05008,0,0
ACC002052,0.050078,0,0
ACC008697,0.050066,0,0
ACC004743,0.050065,0,0
ACC000633,0.050049,0,0
ACC007739,0.050041,0,0
ACC006324,0.050005,0,0
ACC005796,0.049994,0,1
ACC003212,0.049982,0,0
ACC003467,0.049966,0,0
ACC007714,0.049958,0,0
ACC008217,0.049949,0,0
ACC009654,0.049882,0,0
ACC007598,0.049875,0,0
ACC007095,0.049871,0,0
ACC005139,0.049856,0,0
ACC000786,0.049798,0,0
ACC003586,0.049778,0,0
ACC003822,0.049765,0,0
ACC001205,0.049748,0,0
ACC001976,0.04974,0,0
ACC005193,0.04974,0,0
ACC002964,0.049719,0,0
ACC005174,0.049713,0,0
ACC003867,0.049704,0,0
ACC006196,0.049687,0,0
ACC002539,0.049673,0,0
ACC008153,0.049672,0,0
ACC004028,0.049606,0,0
ACC007630,0.049602,0,0
ACC000663,0.0496,0,0
ACC009033,0.049594,0,0
ACC003561,0.04955,0,0
ACC004223,0.049544,0,0
ACC001523,0.049537,0,0
ACC006826,0.049524,0,0
ACC006625,0.049509,0,0
ACC008096,0.0495,0,0
ACC007565,0.049499,0,0
ACC009637,0.049498,0,0
ACC009146,0.049489,0,0
ACC006318,0.04944,0,0
ACC005104,0.049422,0,0
ACC009410,0.049407,0,0
ACC009399,0.049404,0,0
ACC008996,0.049403,0,0
ACC005068,0.049399,0,0
ACC000628,0.049389,0,0
ACC003838,0.049385,0,0
ACC005980,0.049378,0,0
ACC000507,0.049376,0,0
ACC004417,0.049359,0,0
ACC000837,0.049351,0,0
ACC007065,0.049336,0,0
ACC006655,0.04933,0,0
ACC006381,0.049325,0,0
ACC001253,0.049324,0,0
ACC001457,0.049305,0,0
ACC002156,0.049276,0,0
ACC000924,0.049266,0,0
ACC005958,0.049245,0,0
ACC009061,0.04924,0,0
ACC007350,0.049209,0,0
ACC000127,0.049207,0,0
ACC007087,0.049203,0,0
ACC003513,0.049191,0,0
ACC000847,0.049184,0,0
ACC002074,0.049163,0,0
ACC006252,0.049158,0,0
ACC000820,0.049089,0,0
ACC004174,0.049085,0,0
ACC008531,0.049082,0,0
ACC008294,0.049073,0,0
ACC005232,0.049042,0,0
ACC004927,0.049018,0,0
ACC007270,0.049011,0,0
ACC007931,0.049003,0,0
ACC008940,0.049003,0,0
ACC005450,0.048989,0,0
ACC009795,0.048988,0,0
ACC006164,0.048984,0,0
ACC002856,0.048918,0,0
ACC004413,0.048915,0,0
ACC009812,0.048915,0,0
ACC008356,0.048898,0,0
ACC004814,0.048897,0,0
ACC002295,0.048893,0,0
ACC000337,0.048857,0,0
ACC009862,0.048839,0,0
ACC000099,0.048821,0,0
ACC004047,0.048802,0,0
ACC007946,0.048789,0,0
ACC003068,0.04876,0,0
ACC001572,0.04869,0,0
ACC005307,0.04862,0,0
ACC007847,0.048608,0,0
ACC001132,0.048601,0,0
ACC008232,0.048583,0,0
ACC009032,0.048573,0,0
ACC006235,0.048523,0,0
ACC000550,0.048519,0,0
ACC007694,0.048495,0,0
ACC004959,0.048472,0,0
ACC002208,0.048446,0,0
ACC006482,0.04843,0,0
ACC009038,0.048409,0,0
ACC003509,0.048407,0,0
ACC005800,0.048402,0,0
ACC000262,0.048389,0,0
ACC000865,0.048344,0,0
ACC006754,0.048344,0,0
ACC004205,0.048319,0,0
ACC000133,0.048303,0,0
ACC008469,0.048298,0,0
ACC001783,0.04828,0,0
ACC001379,0.048268,0,0
ACC003732,0.048254,0,0
ACC001514,0.048243,0,0
ACC004324,0.048243,0,0
ACC005419,0.048208,0,0
ACC008613,0.048199,0,0
ACC006452,0.048193,0,0
ACC006802,0.048183,0,0
ACC006220,0.04818,0,0
ACC002623,0.048175,0,0
ACC002880,0.04816,0,0
ACC002614,0.048152,0,0
ACC002012,0.048151,0,0
ACC003920,0.048122,0,0
ACC008970,0.048116,0,0
ACC003597,0.048092,0,0
ACC003548,0.048091,0,0
ACC008702,0.048072,0,0
ACC008689,0.048064,0,0
ACC008945,0.048049,0,0
ACC006640,0.048046,0,0
ACC000014,0.048034,0,0
ACC005076,0.04799,0,0
ACC003012,0.047983,0,0
ACC002916,0.047971,0,0
ACC006445,0.047964,0,0
ACC009488,0.047962,0,0
ACC008634,0.047948,0,0
ACC004268,0.047933,0,0
ACC003070,0.047932,0,0
ACC004533,0.047928,0,0
ACC007362,0.047927,0,0
ACC000555,0.047881,0,0
ACC002358,0.047855,0,0
ACC008661,0.047853,0,0
ACC009551,0.047827,0,0
ACC004991,0.047793,0,0
ACC006747,0.047769,0,0
ACC002343,0.04775,0,0
ACC006896,0.047739,0,0
ACC008641,0.047724,0,0
ACC005551,0.047714,0,0
ACC006676,0.047712,0,0
ACC009896,0.047709,0,0
ACC004311,0.047678,0,0
ACC004766,0.047622,0,0
ACC006865,0.047605,0,0
ACC007643,0.047563,0,0
ACC007666,0.047555,0,0
ACC001896,0.047524,0,0
ACC003276,0.047513,0,0
ACC008648,0.047511,0,0
ACC001112,0.047497,0,0
ACC002728,0.047485,0,0
ACC000024,0.047447,0,0
ACC001378,0.047443,0,0
ACC006069,0.047441,0,0
ACC004828,0.047437,0,0
ACC004957,0.047433,0,0
ACC003347,0.047413,0,0
ACC008250,0.047396,0,0
ACC007891,0.047382,0,0
ACC003910,0.047377,0,0
ACC008441,0.047359,0,0
ACC000513,0.047334,0,0
ACC007140,0.047301,0,0
ACC007850,0.047277,0,0
ACC001856,0.04727,0,0
ACC005600,0.047252,0,0
ACC005251,0.047238,0,0
ACC009489,0.047183,0,0
ACC003026,0.04718,0,0
ACC006293,0.047155,0,0
ACC004709,0.047142,0,0
ACC000573,0.047113,0,0
ACC006163,0.047098,0,0
ACC004298,0.047085,0,0
ACC008341,0.047053,0,0
ACC007633,0.047052,0,0
ACC005675,0.047045,0,0
ACC001883,0.047017,0,0
ACC004089,0.047012,0,0
ACC005470,0.046963,0,0
ACC004979,0.046959,0,0
ACC008389,0.046955,0,0
ACC002166,0.04692,0,0
ACC001093,0.046911,0,0
ACC005365,0.046901,0,0
ACC002502,0.046892,0,0
ACC004197,0.046885,0,0
ACC009521,0.046881,0,0
ACC006573,0.04687,0,0
ACC008228,0.046861,0,0
ACC003272,0.046819,0,0
ACC005618,0.046811,0,0
ACC001181,0.046805,0,0
ACC008515,0.046797,0,0
ACC003567,0.046796,0,0
ACC000738,0.046752,0,0
ACC002308,0.046742,0,0
ACC005883,0.046734,0,0
ACC005136,0.046723,0,0
ACC003940,0.046719,0,0
ACC004805,0.046688,0,0
ACC007013,0.046673,0,0
ACC001886,0.046673,0,0
ACC007551,0.046669,0,0
ACC003943,0.046662,0,0
ACC004782,0.046643,0,0
ACC006162,0.046616,0,0
ACC003894,0.046608,0,0
ACC002317,0.046595,0,0
ACC004860,0.046564,0,0
ACC005632,0.046508,0,0
ACC007490,0.0465,0,0
ACC003417,0.046496,0,0
ACC004325,0.046485,0,0
ACC009265,0.046452,0,0
ACC008417,0.046451,0,0
ACC003862,0.046434,0,0
ACC004866,0.046426,0,0
ACC008867,0.046416,0,0
ACC005940,0.046397,0,0
ACC000970,0.046395,0,0
ACC000031,0.04639,0,0
ACC007192,0.046361,0,0
ACC001257,0.046322,0,0
ACC005634,0.046318,0,0
ACC001502,0.046311,0,0
ACC009973,0.046307,0,0
ACC001722,0.046304,0,0
ACC000100,0.0463,0,0
ACC008100,0.046295,0,0
ACC008297,0.046256,0,0
ACC003086,0.046253,0,0
ACC005372,0.04625,0,0
ACC008474,0.046241,0,0
ACC005819,0.046234,0,0
ACC000236,0.046224,0,0
ACC007117,0.046216,0,0
ACC001943,0.046212,0,0
ACC009790,0.046199,0,0
ACC005735,0.046193,0,0
ACC005229,0.046153,0,0
ACC002026,0.046142,0,0
ACC001327,0.046111,0,0
ACC007582,0.046109,0,0
ACC006624,0.046106,0,0
ACC009165,0.046106,0,0
ACC008933,0.046085,0,0
ACC008201,0.046071,0,0
ACC000805,0.046065,0,0
ACC001361,0.046062,0,0
ACC006997,0.046002,0,0
ACC001048,0.045996,0,0
ACC003968,0.045992,0,0
ACC009625,0.045992,0,0
ACC005683,0.045949,0,0
ACC006365,0.045949,0,0
ACC004799,0.045934,0,0
ACC003201,0.045916,0,0
ACC006004,0.045905,0,0
ACC003898,0.045903,0,0
ACC006448,0.045903,0,0
ACC002315,0.045868,0,0
ACC005196,0.045864,0,0
ACC002977,0.045861,0,0
ACC000010,0.045854,0,0
ACC008013,0.045834,0,0
ACC002395,0.045829,0,0
ACC006094,0.045829,0,0
ACC004382,0.045802,0,0
ACC009591,0.045775,0,0
ACC004448,0.045758,0,0
ACC008833,0.045746,0,0
ACC001518,0.045732,0,0
ACC007086,0.045722,0,0
ACC005257,0.045696,0,0
ACC008000,0.045638,0,0
ACC002368,0.045614,0,0
ACC004785,0.045607,0,0
ACC003852,0.045597,0,0
ACC009877,0.045595,0,0
ACC007233,0.045573,0,0
ACC007523,0.04553,0,0
ACC002271,0.045496,0,0
ACC005310,0.045481,0,0
ACC006175,0.045475,0,0
ACC001921,0.045466,0,0
ACC004699,0.045465,0,0
ACC000402,0.045453,0,0
ACC007300,0.045433,0,0
ACC002296,0.045421,0,0
ACC003183,0.04541,0,0
ACC008802,0.045409,0,0
ACC002787,0.045404,0,0
ACC008830,0.045394,0,0
ACC003863,0.045381,0,0
ACC001357,0.04537,0,0
ACC000226,0.045298,0,0
ACC004961,0.045248,0,0
ACC000943,0.045246,0,0
ACC001249,0.045225,0,0
ACC005209,0.045215,0,0
ACC009558,0.045212,0,0
ACC008278,0.045171,0,0
ACC008050,0.045171,0,0
ACC001595,0.045125,0,0
ACC006669,0.04508,0,0
ACC003979,0.045059,0,0
ACC007304,0.045058,0,0
ACC005402,0.045045,0,0
ACC001416,0.045017,0,0
ACC007716,0.045016,0,0
ACC007534,0.045014,0,0
ACC008889,0.044974,0,0
ACC008857,0.044973,0,0
ACC003963,0.044965,0,0
ACC006971,0.044947,0,0
ACC006720,0.044946,0,0
ACC006539,0.044937,0,0
ACC008751,0.04493,0,0
ACC005748,0.044918,0,0
ACC007610,0.044914,0,0
ACC004741,0.044891,0,0
ACC001350,0.044867,0,0
ACC007184,0.044856,0,0
ACC005148,0.044847,0,0
ACC007483,0.04481,0,1
ACC008636,0.044809,0,0
ACC003941,0.044796,0,0
ACC002190,0.044787,0,0
ACC001629,0.044768,0,0
ACC006343,0.044748,0,0
ACC009404,0.044746,0,0
ACC006195,0.044733,0,0
ACC004219,0.044711,0,0
ACC002606,0.044687,0,0
ACC002471,0.044646,0,0
ACC008866,0.044629,0,0
ACC006516,0.044628,0,0
ACC008442,0.044573,0,0
ACC006765,0.044568,0,0
ACC004481,0.044545,0,0
ACC003200,0.044543,0,0
ACC004303,0.044541,0,0
ACC004462,0.044533,0,0
ACC007504,0.044531,0,0
ACC007489,0.044527,0,0
ACC004667,0.044522,0,0
ACC008929,0.044495,0,0
ACC009991,0.044472,0,0
ACC006247,0.04445,0,0
ACC005899,0.044428,0,0
ACC006564,0.044373,0,0
ACC006523,0.044371,0,0
ACC003679,0.044365,0,0
ACC000374,0.044352,0,0
ACC007108,0.044341,0,0
ACC005190,0.044333,0,0
ACC008094,0.044313,0,0
ACC007667,0.044298,0,0
ACC002697,0.044275,0,0
ACC002311,0.044264,0,0
ACC000414,0.044226,0,0
ACC008724,0.044225,0,0
ACC008236,0.044213,0,0
ACC002195,0.044195,0,0
ACC004454,0.044166,0,0
ACC009064,0.044133,0,0
ACC002048,0.044132,0,0
ACC001672,0.044098,0,0
ACC000298,0.044091,0,0
ACC005069,0.044081,0,0
ACC007144,0.044079,0,0
ACC002757,0.044063,0,0
ACC002102,0.044047,0,0
ACC007803,0.044043,0,0
ACC002288,0.044039,0,0
ACC008668,0.044014,0,0
ACC005231,0.044006,0,0
ACC009076,0.043994,0,0
ACC001531,0.043983,0,0
ACC000002,0.043975,0,0
ACC005238,0.043938,0,0
ACC003631,0.043928,0,0
ACC005015,0.043922,0,0
ACC001021,0.043909,0,0
ACC000150,0.043903,0,0
ACC002802,0.043867,0,0
ACC009666,0.043862,0,0
ACC008493,0.043861,0,0
ACC002151,0.043851,0,0
ACC002772,0.04381,0,0
ACC005289,0.043781,0,0
ACC006401,0.043771,0,0
ACC003995,0.043738,0,0
ACC004323,0.043666,0,0
ACC008691,0.043661,0,0
ACC004459,0.043659,0,0
ACC003398,0.043605,0,0
ACC005837,0.043593,0,0
ACC007732,0.043562,0,0
ACC004066,0.043557,0,0
ACC005599,0.043523,0,0
ACC008700,0.043509,0,0
ACC009148,0.043459,0,0
ACC008324,0.043438,0,0
ACC006735,0.043374,0,0
ACC001454,0.043366,0,0
ACC003235,0.043356,0,0
ACC004255,0.043352,0,0
ACC002642,0.043347,0,0
ACC009895,0.043339,0,0
ACC008222,0.043333,0,0
ACC008961,0.043332,0,0
ACC007994,0.043302,0,0
ACC007035,0.043273,0,0
ACC002649,0.043197,0,0
ACC009929,0.043196,0,0
ACC003907,0.043193,0,0
ACC001314,0.04318,0,0
ACC000476,0.043158,0,0
ACC009907,0.043148,0,0
ACC004170,0.043116,0,0
ACC003080,0.043105,0,0
ACC001111,0.043094,0,0
ACC003127,0.043085,0,0
ACC001609,0.043037,0,0
ACC007149,0.043012,0,0
ACC006764,0.043001,0,0
ACC005025,0.042903,0,0
ACC005512,0.042883,0,0
ACC002050,0.042864,0,0
ACC006341,0.042845,0,0
ACC004936,0.042831,0,0
ACC001258,0.0428,0,0
ACC006560,0.042733,0,0
ACC003870,0.042704,0,0
ACC005014,0.042697,0,0
ACC004532,0.042694,0,0
ACC009622,0.042683,0,0
ACC003144,0.042663,0,0
ACC002808,0.042623,0,0
ACC005380,0.04259,0,0
ACC003761,0.042567,0,0
ACC005026,0.042535,0,0
ACC009581,0.042527,0,0
ACC004603,0.042524,0,0
ACC007985,0.04252,0,0
ACC003883,0.042509,0,0
ACC000142,0.042498,0,0
ACC004765,0.042495,0,0
ACC009149,0.042486,0,0
ACC001970,0.042438,0,0
ACC008787,0.042426,0,0
ACC001369,0.042425,0,0
ACC000445,0.042423,0,0
ACC006730,0.042415,0,0
ACC007816,0.04241,0,0
ACC002844,0.042381,0,0
ACC003107,0.042373,0,0
ACC004351,0.042345,0,0
ACC000617,0.04231,0,0
ACC005083,0.042293,0,0
ACC004606,0.042287,0,0
ACC000816,0.042253,0,0
ACC001255,0.04225,0,0
ACC000593,0.042247,0,0
ACC009246,0.042246,0,0
ACC004848,0.042238,0,0
ACC004361,0.042226,0,0
ACC004252,0.042189,0,0
ACC004428,0.042184,0,0
ACC006329,0.042174,0,0
ACC001349,0.042174,0,0
ACC002702,0.042147,0,0
ACC008838,0.042101,0,0
ACC000360,0.042098,0,0
ACC000301,0.042094,0,0
ACC007426,0.042068,0,0
ACC005153,0.042066,0,0
ACC004260,0.042044,0,0
ACC001422,0.042025,0,0
ACC005063,0.042017,0,0
ACC002312,0.041952,0,0
ACC002548,0.04194,0,0
ACC008568,0.041926,0,0
ACC001806,0.041921,0,0
ACC004530,0.041902,0,0
ACC007037,0.041889,0,0
ACC003123,0.041869,0,0
ACC009397,0.041823,0,0
ACC008800,0.041803,0,0
ACC009179,0.041782,0,0
ACC000288,0.041753,0,0
ACC004914,0.041733,0,0
ACC000875,0.041729,0,0
ACC000872,0.041715,0,0
ACC006422,0.04171,0,0
ACC007168,0.041687,0,0
ACC004264,0.041628,0,0
ACC008141,0.041601,0,0
ACC007819,0.041599,0,0
ACC007323,0.041592,0,0
ACC008946,0.041584,0,0
ACC008087,0.041549,0,0
ACC008606,0.041428,0,0
ACC007041,0.041426,0,0
ACC003779,0.041423,0,0
ACC001496,0.04141,0,0
ACC003819,0.041405,0,0
ACC002345,0.041367,0,0
ACC003669,0.041309,0,0
ACC006449,0.041307,0,0
ACC009446,0.041296,0,0
ACC000261,0.041288,0,0
ACC000252,0.041279,0,0
ACC003455,0.041279,0,0
ACC009644,0.041276,0,0
ACC003647,0.041257,0,0
ACC002647,0.041229,0,0
ACC007043,0.041225,0,0
ACC002347,0.041187,0,0
ACC003037,0.041185,0,0
ACC002201,0.041174,0,0
ACC003169,0.041158,0,0
ACC009204,0.041111,0,0
ACC007373,0.041108,0,0
ACC002077,0.041099,0,0
ACC009203,0.041089,0,0
ACC007130,0.041081,0,0
ACC000499,0.041077,0,0
ACC003266,0.041027,0,0
ACC002878,0.041023,0,0
ACC009336,0.041014,0,0
ACC005719,0.040991,0,0
ACC008569,0.040951,0,0
ACC002744,0.040933,0,0
ACC006063,0.040879,0,0
ACC004732,0.040862,0,0
ACC005494,0.040835,0,0
ACC000201,0.040774,0,0
ACC009586,0.040742,0,0
ACC002004,0.040738,0,0
ACC004942,0.040723,0,0
ACC005198,0.040716,0,0
ACC000427,0.040682,0,0
ACC006915,0.040674,0,0
ACC005598,0.040633,0,0
ACC005053,0.040629,0,0
ACC009321,0.040622,0,0
ACC009924,0.040597,0,0
ACC003108,0.040591,0,0
ACC000053,0.040519,0,0
ACC002245,0.040517,0,0
ACC001101,0.040509,0,0
ACC004304,0.040456,0,0
ACC003704,0.040425,0,0
ACC006439,0.040423,0,0
ACC008101,0.040359,0,0
ACC009873,0.040355,0,0
ACC002461,0.040353,0,0
ACC005517,0.040318,0,0
ACC006216,0.040309,0,0
ACC004839,0.040292,0,0
ACC002267,0.040265,0,0
ACC009017,0.040232,0,0
ACC005633,0.040231,0,0
ACC000692,0.040203,0,0
ACC008113,0.040173,0,0
ACC004692,0.040157,0,0
ACC006454,0.040112,0,0
ACC008497,0.040078,0,0
ACC003930,0.040063,0,0
ACC008169,0.040051,0,0
ACC004266,0.040012,0,0
ACC000735,0.04001,0,0
ACC009870,0.039983,0,0
ACC007793,0.039917,0,0
ACC000487,0.039905,0,0
ACC000033,0.039885,0,0
ACC008876,0.039877,0,0
ACC006166,0.039837,0,0
ACC007939,0.039806,0,0
ACC007463,0.039806,0,0
ACC006780,0.039799,0,0
ACC009086,0.039774,0,0
ACC007945,0.039765,0,0
ACC001431,0.03976,0,0
ACC009357,0.039757,0,0
ACC001664,0.039749,0,0
ACC003681,0.039703,0,0
ACC000503,0.039678,0,0
ACC001920,0.039656,0,0
ACC003847,0.03965,0,0
ACC003213,0.039625,0,0
ACC006459,0.039611,0,0
ACC002881,0.039598,0,0
ACC005276,0.039596,0,0
ACC004247,0.039582,0,0
ACC001376,0.039567,0,0
ACC000136,0.039565,0,0
ACC005659,0.039535,0,0
ACC005476,0.039527,0,0
ACC005507,0.039526,0,0
ACC007652,0.039521,0,0
ACC008375,0.039517,0,0
ACC005184,0.039497,0,0
ACC009194,0.039469,0,0
ACC002160,0.039444,0,0
ACC009793,0.039444,0,0
ACC002286,0.039442,0,0
ACC002672,0.039424,0,0
ACC007677,0.039416,0,0
ACC001892,0.0394,0,0
ACC004332,0.039376,0,0
ACC009510,0.03937,0,0
ACC003649,0.039367,0,0
ACC004064,0.039329,0,0
ACC008023,0.039312,0,0
ACC006718,0.039311,0,0
ACC007177,0.039287,0,0
ACC008326,0.039285,0,0
ACC008544,0.039284,0,0
ACC002176,0.039276,0,0
ACC000515,0.039272,0,0
ACC000174,0.039266,0,0
ACC001092,0.039248,0,0
ACC004717,0.03923,0,0
ACC005872,0.039228,0,0
ACC005272,0.039205,0,0
ACC004884,0.039205,0,0
ACC007063,0.039195,0,0
ACC005569,0.039141,0,0
ACC008556,0.039113,0,0
ACC003282,0.03907,0,0
ACC002629,0.039061,0,0
ACC008315,0.039061,0,0
ACC000929,0.039038,0,0
ACC008214,0.039034,0,0
ACC000122,0.039033,0,0
ACC008321,0.039014,0,0
ACC008035,0.039002,0,0
ACC008908,0.038996,0,0
ACC003808,0.038994,0,0
ACC009176,0.03899,0,0
ACC001640,0.03897,0,0
ACC009826,0.03896,0,0
ACC003499,0.038951,0,0
ACC008466,0.03895,0,0
ACC000185,0.038949,0,0
ACC000715,0.038937,0,0
ACC005856,0.038925,0,0
ACC000519,0.038876,0,0
ACC004683,0.038863,0,0
ACC008658,0.038851,0,0
ACC005850,0.038831,0,0
ACC008774,0.038798,0,0
ACC000620,0.038795,0,0
ACC001440,0.03879,0,0
ACC004076,0.038761,0,0
ACC003990,0.038746,0,0
ACC002986,0.038733,0,0
ACC003479,0.038715,0,0
ACC009384,0.038711,0,0
ACC009486,0.038699,0,0
ACC007973,0.038679,0,0
ACC007636,0.038663,0,0
ACC008349,0.038662,0,0
ACC006007,0.038654,0,0
ACC001425,0.038639,0,0
ACC008318,0.038596,0,0
ACC006541,0.038588,0,0
ACC005044,0.038562,0,0
ACC002059,0.038545,0,0
ACC002263,0.038528,0,0
ACC004237,0.038526,0,0
ACC008130,0.038458,0,0
ACC003016,0.03844,0,0
ACC001779,0.038437,0,0
ACC008537,0.038428,0,0
ACC007029,0.038422,0,0
ACC005754,0.03841,0,0
ACC002678,0.038393,0,0
ACC008611,0.038302,0,0
ACC009060,0.038302,0,0
ACC001043,0.038262,0,0
ACC000027,0.038253,0,0
ACC002361,0.038228,0,0
ACC004636,0.038224,0,0
ACC002297,0.038211,0,0
ACC002061,0.038208,0,0
ACC007296,0.038123,0,0
ACC001419,0.038121,0,0
ACC001461,0.038094,0,0
ACC001121,0.038088,0,0
ACC001739,0.038058,0,0
ACC006475,0.038044,0,0
ACC009923,0.037945,0,0
ACC002582,0.037939,0,0
ACC006074,0.037851,0,0
ACC007171,0.037822,0,0
ACC002162,0.037817,0,0
ACC004062,0.037724,0,0
ACC006795,0.037697,0,0
ACC004206,0.037672,0,0
ACC005350,0.03767,0,0
ACC000746,0.037636,0,0
ACC001810,0.037621,0,0
ACC004889,0.037571,0,0
ACC000367,0.037556,0,0
ACC009264,0.037552,0,0
ACC004801,0.037515,0,0
ACC007376,0.037473,0,0
ACC002858,0.037469,0,0
ACC006363,0.037463,0,0
ACC009338,0.037457,0,0
ACC007553,0.037419,0,0
ACC008557,0.037349,0,0
ACC003109,0.037337,0,0
ACC007036,0.037333,0,0
ACC001061,0.037315,0,0
ACC000129,0.037283,0,0
ACC006008,0.037277,0,0
ACC001611,0.037197,0,0
ACC003530,0.037195,0,0
ACC002158,0.037166,0,0
ACC003246,0.037164,0,0
ACC002266,0.037148,0,0
ACC001466,0.037147,0,0
ACC002510,0.037132,0,0
ACC000385,0.03713,0,0
ACC006881,0.037116,0,0
ACC005031,0.037095,0,0
ACC004849,0.037031,0,0
ACC007862,0.037013,0,0
ACC008331,0.036946,0,0
ACC001296,0.03693,0,0
ACC006271,0.036926,0,0
ACC000070,0.036912,0,0
ACC003759,0.03691,0,0
ACC003357,0.036895,0,0
ACC007406,0.036884,0,0
ACC007622,0.036838,0,0
ACC002654,0.036837,0,0
ACC007875,0.036836,0,0
ACC002830,0.036739,0,0
ACC006924,0.036729,0,0
ACC008381,0.036724,0,0
ACC004545,0.036722,0,0
ACC001503,0.036716,0,0
ACC002174,0.036701,0,0
ACC004784,0.036685,0,0
ACC009930,0.036682,0,0
ACC005893,0.036673,0,0
ACC003831,0.036667,0,0
ACC004668,0.036655,0,0
ACC002375,0.036641,0,0
ACC008559,0.036624,0,0
ACC006277,0.036612,0,0
ACC000084,0.036553,0,0
ACC001122,0.036545,0,0
ACC001817,0.03653,0,0
ACC007932,0.036524,0,0
ACC006161,0.036517,0,0
ACC009492,0.036489,0,0
ACC001113,0.036468,0,0
ACC007486,0.036403,0,0
ACC004549,0.036385,0,0
ACC002511,0.036385,0,0
ACC002644,0.036362,0,0
ACC003400,0.036322,0,0
ACC000720,0.036318,0,0
ACC008776,0.036311,0,0
ACC003501,0.036304,0,0
ACC005106,0.036264,0,0
ACC003726,0.036264,0,0
ACC002377,0.036239,0,0
ACC006578,0.036203,0,0
ACC000203,0.036166,0,0
ACC007700,0.035987,0,0
ACC005411,0.035981,0,0
ACC004460,0.035956,0,0
ACC008069,0.035934,0,0
ACC000807,0.035924,0,0
ACC005784,0.035882,0,0
ACC006228,0.035869,0,0
ACC000570,0.035807,0,0
ACC007318,0.035789,0,0
ACC009361,0.035764,0,0
ACC005016,0.035695,0,0
ACC002399,0.03568,0,0
ACC003524,0.035677,0,0
ACC008910,0.035674,0,0
ACC001396,0.035621,0,0
ACC007096,0.03561,0,0
ACC003362,0.035604,0,0
ACC009112,0.035567,0,0
ACC009671,0.035543,0,0
ACC001525,0.035542,0,0
ACC008352,0.035528,0,0
ACC006756,0.035528,0,0
ACC002753,0.035517,0,0
ACC007286,0.035476,0,0
ACC007878,0.035451,0,0
ACC003840,0.035426,0,0
ACC002983,0.035372,0,0
ACC009241,0.035359,0,0
ACC001782,0.035353,0,0
ACC002093,0.035323,0,0
ACC003015,0.035312,0,0
ACC003850,0.035297,0,0
ACC006752,0.035222,0,0
ACC004970,0.03518,0,0
ACC006998,0.035139,0,0
ACC009567,0.035139,0,0
ACC008734,0.035123,0,0
ACC008468,0.035122,0,0
ACC001794,0.035112,0,0
ACC009844,0.035099,0,0
ACC008163,0.03506,0,0
ACC003439,0.034974,0,0
ACC006586,0.034968,0,0
ACC003687,0.03495,0,0
ACC008262,0.034947,0,1
ACC003309,0.034939,0,0
ACC009215,0.034882,0,0
ACC001851,0.034855,0,0
ACC000822,0.034782,0,0
ACC009412,0.03478,0,0
ACC002842,0.034745,0,0
ACC007701,0.034732,0,0
ACC008206,0.034717,0,0
ACC001774,0.034652,0,0
ACC008498,0.034602,0,0
ACC004506,0.03458,0,0
ACC000450,0.034571,0,0
ACC006310,0.034549,0,0
ACC009528,0.034502,0,0
ACC002011,0.034482,0,0
ACC009728,0.034454,0,0
ACC000223,0.034447,0,0
ACC008488,0.034429,0,0
ACC000653,0.03436,0,0
ACC009818,0.034256,0,0
ACC006553,0.03419,0,0
ACC003556,0.03418,0,0
ACC003866,0.034163,0,0
ACC006951,0.034158,0,0
ACC002422,0.034093,0,0
ACC005538,0.034079,0,0
ACC002743,0.034047,0,0
ACC005656,0.03402,0,0
ACC006635,0.034011,0,0
ACC000346,0.033954,0,0
ACC000561,0.033937,0,0
ACC008637,0.033929,0,0
ACC000743,0.033923,0,0
ACC007998,0.033916,0,0
ACC006917,0.0339,0,0
ACC001667,0.033884,0,0
ACC008247,0.033864,0,0
ACC000092,0.033773,0,0
ACC007298,0.033748,0,0
ACC003031,0.03369,0,0
ACC008690,0.033652,0,0
ACC003240,0.033636,0,0
ACC000869,0.033531,0,0
ACC007328,0.033505,0,0
ACC006379,0.033495,0,0
ACC008359,0.033441,0,0
ACC000659,0.03342,0,0
ACC005488,0.033288,0,0
ACC005011,0.033282,0,0
ACC008308,0.033269,0,0
ACC001553,0.033239,0,0
ACC002290,0.033194,0,0
ACC006440,0.033063,0,0
ACC005056,0.033052,0,0
ACC009697,0.032972,0,0
ACC001702,0.032935,0,0
ACC007771,0.032928,0,0
ACC000516,0.032897,0,0
ACC000361,0.032897,0,0
ACC001566,0.032894,0,0
ACC008003,0.032888,0,0
ACC005005,0.032856,0,0
ACC007901,0.032783,0,0
ACC001410,0.032775,0,0
ACC001517,0.032717,0,0
ACC004652,0.032674,0,0
ACC001698,0.032636,0,0
ACC004185,0.032633,0,0
ACC005337,0.032582,0,0
ACC005427,0.032517,0,0
ACC000416,0.032511,0,0
ACC002387,0.032461,0,0
ACC005604,0.032404,0,0
ACC009948,0.032401,0,0
ACC004259,0.032356,0,0
ACC009310,0.032345,0,0
ACC009448,0.032333,0,0
ACC004430,0.032322,0,0
ACC000562,0.032303,0,0
ACC004084,0.032211,0,0
ACC004257,0.032166,0,0
ACC002976,0.032133,0,0
ACC006562,0.032113,0,0
ACC006356,0.032078,0,0
ACC006916,0.032052,0,0
ACC004060,0.032028,0,0
ACC008435,0.032,0,0
ACC001458,0.031977,0,0
ACC007430,0.031947,0,0
ACC005261,0.031939,0,0
ACC003297,0.031923,0,0
ACC005993,0.031886,0,0
ACC008809,0.031873,0,0
ACC001013,0.031857,0,0
ACC000702,0.031831,0,0
ACC005291,0.031831,0,0
ACC003706,0.031813,0,0
ACC004538,0.031723,0,0
ACC000758,0.031715,0,0
ACC002431,0.031601,0,0
ACC008193,0.031592,0,0
ACC004453,0.031548,0,0
ACC006255,0.031439,0,0
ACC005033,0.031428,0,0
ACC000481,0.031425,0,0
ACC000699,0.031397,0,0
ACC009689,0.03136,0,0
ACC007027,0.031276,0,0
ACC000422,0.031238,0,0
ACC009262,0.031235,0,0
ACC003756,0.031198,0,0
ACC007621,0.03113,0,0
ACC007601,0.031126,0,0
ACC002094,0.031119,0,0
ACC009841,0.031116,0,0
ACC003640,0.031089,0,0
ACC008368,0.031077,0,0
ACC000962,0.030988,0,0
ACC003257,0.030881,0,0
ACC000030,0.030865,0,0
ACC007745,0.030792,0,0
ACC002188,0.03077,0,0
ACC005138,0.030688,0,0
ACC008854,0.030653,0,0
ACC006410,0.030644,0,0
ACC008162,0.030496,0,0
ACC002639,0.03047,0,0
ACC003692,0.030449,0,0
ACC005179,0.03042,0,0
ACC005756,0.030407,0,0
ACC006020,0.030403,0,0
ACC007717,0.030401,0,0
ACC006282,0.030375,0,0
ACC004142,0.030368,0,0
ACC003700,0.030343,0,0
ACC008994,0.030325,0,0
ACC008187,0.030217,0,0
ACC006157,0.030194,0,0
ACC005095,0.030193,0,0
ACC005939,0.030106,0,0
ACC002513,0.030096,0,0
ACC001908,0.030002,0,0
ACC007045,0.029974,0,0
ACC006945,0.029969,0,0
ACC000883,0.029958,0,0
ACC007191,0.029938,0,0
ACC002726,0.029925,0,0
ACC006894,0.029817,0,0
ACC009733,0.029816,0,0
ACC004632,0.029816,0,0
ACC006404,0.029799,0,0
ACC006908,0.029769,0,0
ACC005024,0.029727,0,0
ACC000878,0.029699,0,0
ACC006796,0.0296,0,0
ACC006714,0.029594,0,0
ACC002049,0.029594,0,0
ACC008817,0.029594,0,0
ACC004809,0.029594,0,0
ACC004021,0.029594,0,0
ACC001072,0.029529,0,0
ACC004412,0.029522,0,0
ACC009187,0.029501,0,0
ACC005798,0.029497,0,0
ACC006545,0.029476,0,0
ACC004818,0.029432,0,0
ACC005562,0.029405,0,0
ACC003487,0.029399,0,0
ACC004771,0.029353,0,0
ACC002821,0.029345,0,0
ACC008226,0.029312,0,0
ACC009553,0.029286,0,0
ACC003163,0.029257,0,0
ACC003220,0.029251,0,0
ACC001872,0.02925,0,0
ACC009769,0.02923,0,0
ACC001283,0.029212,0,0
ACC004482,0.029146,0,0
ACC000221,0.029113,0,0
ACC009641,0.029079,0,0
ACC009354,0.029069,0,0
ACC003925,0.029053,0,0
ACC007896,0.02905,0,0
ACC000760,0.029033,0,0
ACC001839,0.028972,0,0
ACC006073,0.02897,0,0
ACC008980,0.02895,0,0
ACC007317,0.028948,0,0
ACC003318,0.028876,0,0
ACC003676,0.028858,0,0
ACC002371,0.028796,0,0
ACC005736,0.028784,0,0
ACC007784,0.028762,0,0
ACC006890,0.028655,0,0
ACC006628,0.028615,0,0
ACC005724,0.028587,0,0
ACC006943,0.028505,0,0
ACC006776,0.028497,0,0
ACC007227,0.028468,0,0
ACC001250,0.028394,0,0
ACC006289,0.028363,0,0
ACC004695,0.02829,0,0
ACC008465,0.028245,0,0
ACC008112,0.028202,0,0
ACC007550,0.028173,0,0
ACC004985,0.028145,0,0
ACC000859,0.028132,0,0
ACC008126,0.028071,0,0
ACC001262,0.027976,0,0
ACC001123,0.027974,0,0
ACC005511,0.027837,0,0
ACC006226,0.027807,0,0
ACC000712,0.027807,0,0
ACC007760,0.027779,0,0
ACC008739,0.027774,0,0
ACC005978,0.027729,0,0
ACC003328,0.02762,0,0
ACC006443,0.027589,0,0
ACC005219,0.027586,0,0
ACC005301,0.027583,0,0
ACC008152,0.027567,0,0
ACC000726,0.02754,0,0
ACC002110,0.02754,0,0
ACC006048,0.027522,0,0
ACC001592,0.027519,0,0
ACC007295,0.027477,0,0
ACC005992,0.027473,0,0
ACC009819,0.027451,0,0
ACC001436,0.027422,0,0
ACC009612,0.027373,0,0
ACC004552,0.027352,0,0
ACC009150,0.027352,0,0
ACC000168,0.027334,0,0
ACC000936,0.027331,0,0
ACC004432,0.027273,0,0
ACC002669,0.02724,0,0
ACC004488,0.02724,0,0
ACC005686,0.027222,0,0
ACC005525,0.027203,0,0
ACC000269,0.027188,0,0
ACC001684,0.027104,0,0
ACC007407,0.027079,0,0
ACC006961,0.02704,0,0
ACC008631,0.027028,0,0
ACC006339,0.026964,0,0
ACC006805,0.02689,0,0
ACC000919,0.026827,0,0
ACC003208,0.026786,0,0
ACC008057,0.026782,0,0
ACC004131,0.026766,0,0
ACC006463,0.026736,0,0
ACC009496,0.026563,0,0
ACC004094,0.026554,0,0
ACC002225,0.026463,0,0
ACC002853,0.026457,0,0
ACC002037,0.02644,0,0
ACC004083,0.026439,0,0
ACC005706,0.0264,0,0
ACC001185,0.026347,0,0
ACC002418,0.026345,0,0
ACC004947,0.026326,0,0
ACC002958,0.026325,0,0
ACC001868,0.026308,0,0
ACC009580,0.026288,0,0
ACC005937,0.026153,0,0
ACC000770,0.026141,0,0
ACC008335,0.026095,0,0
ACC001813,0.026063,0,0
ACC008546,0.026063,0,0
ACC000762,0.026038,0,0
ACC001455,0.026,0,0
ACC003153,0.025985,0,0
ACC003919,0.025952,0,0
ACC008306,0.025935,0,0
ACC009607,0.025935,0,0
ACC009903,0.025904,0,0
ACC009331,0.02588,0,0
ACC005561,0.025851,0,0
ACC007569,0.025826,0,0
ACC001339,0.025745,0,0
ACC009094,0.025741,0,0
ACC008120,0.025741,0,0
ACC004972,0.025711,0,0
ACC002646,0.02571,0,0
ACC000397,0.025666,0,0
ACC003363,0.025552,0,0
ACC001241,0.025465,0,0
ACC008588,0.025456,0,0
ACC009549,0.025419,0,0
ACC004706,0.025383,0,0
ACC008927,0.025345,0,0
ACC003781,0.025313,0,0
ACC005074,0.025259,0,0
ACC006181,0.025228,0,0
ACC006745,0.025228,0,0
ACC005038,0.025183,0,0
ACC003967,0.025057,0,0
ACC007451,0.025055,0,0
ACC008302,0.024992,0,0
ACC005479,0.02499,0,0
ACC008926,0.024903,0,0
ACC005008,0.024898,0,0
ACC006611,0.024813,0,0
ACC002946,0.024813,0,0
ACC002269,0.024813,0,0
ACC002937,0.024813,0,0
ACC005115,0.024813,0,0
ACC006080,0.024813,0,0
ACC009646,0.024813,0,0
ACC007837,0.024813,0,0
ACC009002,0.024813,0,0
ACC003928,0.024813,0,0
ACC006333,0.024813,0,0
ACC009454,0.024813,0,0
ACC006303,0.024813,0,0
ACC009736,0.024813,0,0
ACC004832,0.024813,0,0
ACC000810,0.024813,0,0
ACC005925,0.02481,0,0
ACC005920,0.024732,0,0
ACC006522,0.024727,0,0
ACC004600,0.024627,0,0
ACC003378,0.024627,0,0
ACC002534,0.024627,0,0
ACC005868,0.024627,0,0
ACC004330,0.024627,0,0
ACC007079,0.024627,0,0
ACC003244,0.024627,0,0
ACC004841,0.024627,0,0
ACC007887,0.024627,0,0
ACC003572,0.024627,0,0
ACC000523,0.024627,0,0
ACC002389,0.024591,0,0
ACC007202,0.024555,0,0
ACC003158,0.02453,0,0
ACC007301,0.02451,0,0
ACC003480,0.024498,0,0
ACC009229,0.024408,0,0
ACC003380,0.024352,0,0
ACC009188,0.024318,0,0
ACC006557,0.024318,0,0
ACC007312,0.024318,0,0
ACC002508,0.024318,0,0
ACC004006,0.024318,0,0
ACC008177,0.024318,0,0
ACC009341,0.024318,0,0
ACC002154,0.024318,0,0
ACC003117,0.024318,0,0
ACC001081,0.024318,0,0
ACC000494,0.024318,0,0
ACC003250,0.024318,0,0
ACC002777,0.024318,0,0
ACC002831,0.024318,0,0
ACC000284,0.024318,0,0
ACC005459,0.024312,0,0
ACC002848,0.024296,0,0
ACC009522,0.024276,0,0
ACC003004,0.024259,0,0
ACC005950,0.024177,0,0
ACC009892,0.024171,0,0
ACC005108,0.024154,0,0
ACC003425,0.024154,0,0
ACC004952,0.024153,0,0
ACC008478,0.024136,0,0
ACC002994,0.024136,0,0
ACC007462,0.024136,0,0
ACC000268,0.024136,0,0
ACC005961,0.024136,0,0
ACC006787,0.024136,0,0
ACC003383,0.024136,0,0
ACC004996,0.024136,0,0
ACC007164,0.024136,0,0
ACC004725,0.024136,0,0
ACC004819,0.024136,0,0
ACC001290,0.024113,0,0
ACC003292,0.024066,0,0
ACC009012,0.024042,0,0
ACC000291,0.024036,0,0
ACC004842,0.023984,0,0
ACC008283,0.023972,0,0
ACC004852,0.023966,0,0
ACC003580,0.023956,0,0
ACC002992,0.023939,0,0
ACC002668,0.023921,0,0
ACC003346,0.023903,0,0
ACC005079,0.023902,0,0
ACC001705,0.023819,0,0
ACC003936,0.023793,0,0
ACC007709,0.023784,0,0
ACC002027,0.023784,0,0
ACC001941,0.02367,0,0
ACC004826,0.023577,0,0
ACC008029,0.023511,0,0
ACC002218,0.023507,0,0
ACC004099,0.02343,0,0
ACC005928,0.023427,0,0
ACC008020,0.023418,0,0
ACC007236,0.023336,0,0
ACC001164,0.023297,0,0
ACC003981,0.023291,0,0
ACC006874,0.023261,0,0
ACC008327,0.023256,0,0
ACC000707,0.023235,0,0
ACC005200,0.023231,0,0
ACC000042,0.0232,0,0
ACC004143,0.02319,0,0
ACC004443,0.023185,0,0
ACC007884,0.023174,0,0
ACC002945,0.023136,0,0
ACC002740,0.023119,0,0
ACC002430,0.023111,0,0
ACC001994,0.023088,0,0
ACC008763,0.023036,0,0
ACC009024,0.023003,0,0
ACC000796,0.022977,0,0
ACC000963,0.022961,0,0
ACC003262,0.022946,0,0
ACC008325,0.022946,0,0
ACC005722,0.022915,0,0
ACC007956,0.022911,0,0
ACC006913,0.022902,0,0
ACC003097,0.022897,0,0
ACC002155,0.022796,0,0
ACC005103,0.022765,0,0
ACC009845,0.022753,0,0
ACC006531,0.022753,0,0
ACC007829,0.022753,0,0
ACC003337,0.022753,0,0
ACC007657,0.022753,0,0
ACC001761,0.022753,0,0
ACC003793,0.022753,0,0
ACC002128,0.022753,0,0
ACC000050,0.022753,0,0
ACC003248,0.022708,0,0
ACC003485,0.022692,0,0
ACC002098,0.022673,0,0
ACC000636,0.022647,0,0
ACC003047,0.022635,0,0
ACC008565,0.022627,0,0
ACC006686,0.022502,0,0
ACC007532,0.022462,0,0
ACC009981,0.022433,0,0
ACC001691,0.022417,0,0
ACC008886,0.022416,0,0
ACC009564,0.022298,0,0
ACC003060,0.022298,0,0
ACC000595,0.022298,0,0
ACC004014,0.022298,0,0
ACC004543,0.022298,0,0
ACC000161,0.022298,0,0
ACC007823,0.022298,0,0
ACC009302,0.022298,0,0
ACC002499,0.022298,0,0
ACC000036,0.022298,0,0
ACC005161,0.022298,0,0
ACC001537,0.022298,0,0
ACC008330,0.022298,0,0
ACC001286,0.022298,0,0
ACC009724,0.022266,0,0
ACC009885,0.022263,0,0
ACC007364,0.022219,0,0
ACC008896,0.022196,0,0
ACC005908,0.022147,0,0
ACC003973,0.022128,0,0
ACC004216,0.022116,0,0
ACC004591,0.022017,0,0
ACC003152,0.021974,0,0
ACC001911,0.02195,0,0
ACC001328,0.021909,0,0
ACC002291,0.021905,0,0
ACC008757,0.021894,0,0
ACC001254,0.021843,0,0
ACC005296,0.021819,0,0
ACC004238,0.021799,0,0
ACC003043,0.021779,0,0
ACC003953,0.021773,0,0
ACC003325,0.021754,0,0
ACC009040,0.021715,0,0
ACC006039,0.021622,0,0
ACC008287,0.021537,0,0
ACC007466,0.021485,0,0
ACC006280,0.0214,0,0
ACC003816,0.02135,0,0
ACC008904,0.021306,0,0
ACC007868,0.021285,0,0
ACC002749,0.021279,0,0
ACC000196,0.021274,0,0
ACC008428,0.021265,0,0
ACC008738,0.021258,0,0
ACC009954,0.021241,0,0
ACC002585,0.021223,0,0
ACC003554,0.021223,0,0
ACC006517,0.021213,0,0
ACC008826,0.021192,0,0
ACC005089,0.021152,0,0
ACC006263,0.021092,0,0
ACC002024,0.021091,0,0
ACC002950,0.021068,0,0
ACC009487,0.021042,0,0
ACC000518,0.021031,0,0
ACC000637,0.020971,0,0
ACC008022,0.020968,0,0
ACC002131,0.02095,0,0
ACC002281,0.020922,0,0
ACC001842,0.020916,0,0
ACC005099,0.020911,0,0
ACC008060,0.020911,0,0
ACC001178,0.020911,0,0
ACC009161,0.020901,0,0
ACC001389,0.020872,0,0
ACC007414,0.020838,0,0
ACC001325,0.020838,0,0
ACC002717,0.020813,0,0
ACC000141,0.020795,0,0
ACC001387,0.020778,0,0
ACC002342,0.020776,0,0
ACC003492,0.020775,0,0
ACC001432,0.020775,0,0
ACC002214,0.020686,0,0
ACC008618,0.020623,0,0
ACC009369,0.020557,0,0
ACC000008,0.020524,0,0
ACC002034,0.020524,0,0
ACC001364,0.020492,0,0
ACC007375,0.020463,0,0
ACC003986,0.020418,0,0
ACC007178,0.020417,0,0
ACC009210,0.020362,0,0
ACC001914,0.020345,0,0
ACC007548,0.02034,0,0
ACC003886,0.02031,0,0
ACC004088,0.020269,0,0
ACC009831,0.020268,0,0
ACC004680,0.02014,0,0
ACC004755,0.020115,0,0
ACC002897,0.020083,0,0
ACC002512,0.020081,0,0
ACC002804,0.02006,0,0
ACC002529,0.020031,0,0
ACC007226,0.020017,0,0
ACC001486,0.02,0,0
ACC009761,0.019988,0,0
ACC007597,0.019968,0,0
ACC008487,0.019934,0,0
ACC002686,0.019875,0,0
ACC006287,0.019875,0,0
ACC000691,0.019875,0,0
ACC004352,0.019825,0,0
ACC007503,0.019815,0,0
ACC004114,0.019779,0,0
ACC006488,0.019744,0,0
ACC008377,0.019661,0,0
ACC009545,0.01966,0,0
ACC003350,0.019634,0,0
ACC006679,0.019634,0,0
ACC006751,0.01962,0,0
ACC006210,0.019602,0,0
ACC006816,0.019601,0,0
ACC005061,0.0196,0,0
ACC004038,0.019598,0,0
ACC002884,0.019582,0,0
ACC005487,0.019574,0,0
ACC006973,0.019563,0,0
ACC000486,0.019545,0,0
ACC009209,0.019524,0,0
ACC004512,0.019493,0,0
ACC003359,0.019474,0,0
ACC005818,0.019425,0,0
ACC006278,0.019424,0,0
ACC008649,0.019416,0,0
ACC004336,0.019415,0,0
ACC009598,0.019415,0,0
ACC002481,0.019415,0,0
ACC009744,0.019384,0,0
ACC001636,0.01936,0,0
ACC006595,0.01932,0,0
ACC004218,0.01932,0,0
ACC000500,0.019319,0,0
ACC009145,0.019319,0,0
ACC002709,0.019296,0,0
ACC003531,0.01925,0,0
ACC003560,0.019248,0,0
ACC000016,0.019248,0,0
ACC000686,0.019244,0,0
ACC004596,0.019238,0,0
ACC000848,0.019231,0,0
ACC004844,0.019227,0,0
ACC009168,0.019227,0,0
ACC001018,0.019227,0,0
ACC008403,0.019227,0,0
ACC000339,0.019227,0,0
ACC000151,0.019224,0,0
ACC008720,0.019223,0,0
ACC000716,0.019222,0,0
ACC000239,0.019199,0,0
ACC001470,0.01917,0,0
ACC001155,0.01911,0,0
ACC000041,0.01911,0,0
ACC005738,0.019102,0,0
ACC006083,0.019075,0,0
ACC002768,0.01905,0,0
ACC004128,0.019038,0,0
ACC002104,0.019032,0,0
ACC000114,0.01898,0,0
ACC003384,0.018949,0,0
ACC003451,0.018886,0,0
ACC000771,0.018871,0,0
ACC008676,0.018866,0,0
ACC007200,0.018856,0,0
ACC005465,0.018821,0,0
ACC009912,0.018799,0,0
ACC006041,0.01877,0,0
ACC006863,0.018768,0,0
ACC007111,0.018713,0,0
ACC003525,0.018713,0,0
ACC001477,0.018696,0,0
ACC003547,0.018679,0,0
ACC005927,0.018677,0,0
ACC004001,0.018667,0,0
ACC007252,0.018659,0,0
ACC005224,0.018659,0,0
ACC001940,0.018657,0,0
ACC005230,0.018657,0,0
ACC007530,0.018657,0,0
ACC000108,0.018657,0,0
ACC002033,0.018657,0,0
ACC007066,0.018657,0,0
ACC005894,0.018657,0,0
ACC009678,0.018657,0,0
ACC009029,0.018657,0,0
ACC006836,0.018657,0,0
ACC006809,0.018657,0,0
ACC007170,0.018604,0,0
ACC003581,0.018592,0,0
ACC009995,0.018592,0,0
ACC004192,0.01859,0,0
ACC003642,0.01859,0,0
ACC007309,0.01859,0,0
ACC003022,0.018584,0,0
ACC001936,0.018577,0,0
ACC009105,0.018574,0,0
ACC005693,0.018549,0,0
ACC000332,0.018529,0,0
ACC001038,0.018465,0,0
ACC005352,0.018462,0,0
ACC005035,0.018437,0,0
ACC003324,0.018413,0,0
ACC005329,0.018395,0,0
ACC001277,0.018371,0,0
ACC004485,0.018355,0,0
ACC002444,0.018348,0,0
ACC000039,0.01834,0,0
ACC007216,0.018311,0,0
ACC003254,0.018311,0,0
ACC002704,0.018204,0,0
ACC006607,0.018086,0,0
ACC006698,0.018086,0,0
ACC007196,0.018086,0,0
ACC007604,0.018086,0,0
ACC007297,0.018086,0,0
ACC002696,0.01806,0,0
ACC008431,0.01806,0,0
ACC002482,0.018038,0,0
ACC003774,0.018024,0,0
ACC009860,0.018018,0,0
ACC000995,0.017992,0,0
ACC003837,0.017968,0,0
ACC007091,0.017932,0,0
ACC000333,0.01793,0,0
ACC006387,0.017883,0,0
ACC006473,0.017866,0,0
ACC002465,0.017802,0,0
ACC001320,0.017798,0,0
ACC005492,0.017773,0,0
ACC009027,0.017751,0,0
ACC009584,0.017741,0,0
ACC001407,0.017741,0,0
ACC003938,0.017741,0,0
ACC004660,0.017582,0,0
ACC006099,0.017517,0,0
ACC008300,0.017502,0,0
ACC000436,0.017502,0,0
ACC002138,0.017486,0,0
ACC001362,0.017483,0,0
ACC007084,0.017483,0,0
ACC009077,0.01747,0,0
ACC003865,0.017452,0,0
ACC001665,0.017452,0,0
ACC002507,0.017442,0,0
ACC006350,0.017441,0,0
ACC005180,0.01744,0,0
ACC006929,0.017359,0,0
ACC001624,0.01732,0,0
ACC009913,0.01732,0,0
ACC002934,0.01732,0,0
ACC003482,0.01732,0,0
ACC002756,0.0173,0,0
ACC003405,0.017171,0,0
ACC009035,0.017171,0,0
ACC000713,0.017152,0,0
ACC004546,0.017152,0,0
ACC007039,0.017152,0,0
ACC002304,0.017152,0,0
ACC004144,0.017152,0,0
ACC009050,0.017037,0,0
ACC005704,0.017037,0,0
ACC001649,0.016948,0,0
ACC009375,0.016948,0,0
ACC005435,0.016911,0,0
ACC001871,0.016855,0,0
ACC006976,0.016853,0,0
ACC003707,0.016837,0,0
ACC001388,0.016795,0,0
ACC004781,0.016795,0,0
ACC008815,0.016764,0,0
ACC004253,0.016741,0,0
ACC008788,0.016704,0,0
ACC004971,0.016686,0,0
ACC008309,0.016686,0,0
ACC000164,0.016686,0,0
ACC009019,0.016686,0,0
ACC001730,0.016686,0,0
ACC005311,0.016648,0,0
ACC009852,0.016648,0,0
ACC005631,0.016648,0,0
ACC000722,0.016525,0,0
ACC005699,0.016369,0,0
ACC005975,0.016338,0,0
ACC007465,0.016255,0,0
ACC005420,0.016245,0,0
ACC004017,0.016237,0,0
ACC006281,0.016237,0,0
ACC004523,0.016237,0,0
ACC008851,0.016151,0,0
ACC001768,0.01615,0,0
ACC006654,0.01615,0,0
ACC006922,0.016139,0,0
ACC009474,0.016132,0,0
ACC000951,0.016132,0,0
ACC007152,0.016132,0,0
ACC002426,0.016132,0,0
ACC000548,0.016132,0,0
ACC006515,0.016132,0,0
ACC003115,0.016109,0,0
ACC008828,0.016109,0,0
ACC001098,0.016109,0,0
ACC003802,0.01609,0,0
ACC009491,0.016089,0,0
ACC009590,0.016071,0,0
ACC004802,0.016071,0,0
ACC000426,0.015993,0,0
ACC006930,0.015972,0,0
ACC008119,0.015972,0,0
ACC001247,0.015851,0,0
ACC007189,0.015849,0,0
ACC002403,0.015845,0,0
ACC007400,0.015832,0,0
ACC006206,0.015832,0,0
ACC004156,0.015832,0,0
ACC009685,0.015832,0,0
ACC006109,0.015705,0,0
ACC009296,0.015568,0,0
ACC000985,0.015336,0,0
ACC006905,0.015336,0,0
ACC005393,0.015213,0,0
ACC007605,0.015132,0,0
ACC003087,0.015131,0,0
ACC004393,0.015115,0,0
ACC002778,0.015115,0,0
ACC008595,0.01502,0,0
