account_idx,account_id,archetype,is_business,business_hours,city,country,kyc_level,open_ts,account_age_days,dormant,baseline_out_per_day,baseline_amount_median,baseline_amount_sigma,night_ratio,monthly_income,popularity,employer_idx,salary_amount,salary_day,is_laundering,laundering_role,laundering_patterns,n_laundering_episodes,in_benign_lookalike
0,ACC000000,freelancer,False,False,Bengaluru,IN,min,1473465600,3035,False,0.2678,1703.49,1.083,0.1709,135928.24,2.2457,-1,0.0,0,1,mule,fan_in|fan_out|mule_network,3,1
1,ACC000001,salary,False,False,Bengaluru,IN,full,1428796800,3552,False,0.519,2479.71,0.966,0.0227,240467.58,2.2949,714,230314.99,6,0,,,0,1
2,ACC000002,small_business,True,True,Kochi,IN,full,1568851200,1931,False,0.4406,11137.79,1.289,0.0754,3765186.68,4.8496,-1,0.0,0,0,,,0,0
3,ACC000003,salary,False,False,Ahmedabad,IN,full,1625875200,1271,False,0.2859,2695.58,1.109,0.0779,64511.0,0.9619,905,52229.85,5,0,,,0,1
4,ACC000004,salary,False,False,Pune,IN,full,1637020800,1142,False,0.5882,1800.51,1.02,0.0365,172436.54,1.9025,338,154913.73,4,0,,,0,1
5,ACC000005,salary,False,False,Chennai,IN,full,1690329600,525,False,0.1653,1676.98,1.19,0.0617,226707.42,0.7813,1476,180722.71,6,0,,,0,1
6,ACC000006,salary,False,False,Delhi,IN,full,1593388800,1647,False,0.2699,2391.41,0.872,0.055,158582.31,1.2107,187,123163.93,2,0,,,0,1
7,ACC000007,salary,False,False,Bengaluru,IN,full,1485734400,2893,False,0.4122,2480.18,1.124,0.0332,81699.77,0.8267,1388,70557.15,3,0,,,0,1
8,ACC000008,merchant,True,True,Ahmedabad,IN,full,1536969600,2300,False,4.9769,569.34,0.988,0.1277,7447155.74,42.9886,-1,0.0,0,0,,,0,1
9,ACC000009,household,False,False,Hyderabad,IN,full,1660089600,875,False,0.2489,2502.27,1.151,0.0895,75586.46,0.4491,-1,0.0,0,0,,,0,1
10,ACC000010,salary,False,False,Hyderabad,IN,full,1522368000,2469,False,0.2155,2672.53,0.991,0.0985,224559.45,1.2404,116,178006.16,7,0,,,0,0
11,ACC000011,household,False,False,Bengaluru,IN,full,1705708800,347,False,0.696,1542.1,1.168,0.0293,172586.98,0.8597,-1,0.0,0,0,,,0,1
12,ACC000012,freelancer,False,False,Delhi,IN,full,1485561600,2895,False,0.3877,4961.85,1.065,0.1406,167675.74,2.5963,-1,0.0,0,0,,,0,1
13,ACC000013,freelancer,False,False,Mumbai,IN,full,1636588800,1147,False,0.2753,5669.9,1.396,0.0983,126730.04,3.1788,-1,0.0,0,0,,,0,1
14,ACC000014,small_business,True,True,Kochi,IN,min,1530662400,2373,False,2.018,23838.67,1.331,0.0585,1053894.2,12.7775,-1,0.0,0,0,,,0,0
15,ACC000015,salary,False,False,Mumbai,IN,full,1522195200,2471,False,0.8825,1982.8,1.124,0.0421,63226.17,0.8071,1171,60765.04,5,1,mule,fan_in|fan_out|mule_network|smurfing,4,1
16,ACC000016,merchant,True,True,Pune,IN,full,1637625600,1135,False,7.4718,3748.33,0.721,0.0572,375504.64,30.2853,-1,0.0,0,0,,,0,0
17,ACC000017,small_business,True,True,Ahmedabad,IN,min,1445904000,3354,False,1.0856,6563.14,1.354,0.0228,2127126.45,8.6906,-1,0.0,0,0,,,0,0
18,ACC000018,student,False,False,Bengaluru,IN,full,1430870400,3528,False,0.2595,606.86,1.079,0.2025,24931.47,0.5122,-1,0.0,0,0,,,0,1
19,ACC000019,student,False,False,Mumbai,IN,min,1508630400,2628,True,0.0031,843.85,0.984,0.1537,23910.04,1.9134,-1,0.0,0,0,,,0,1
20,ACC000020,small_business,True,True,Chennai,IN,full,1444780800,3367,False,2.1442,12560.92,0.965,0.0733,3518145.55,5.7216,-1,0.0,0,0,,,0,0
21,ACC000021,small_business,True,True,Kochi,IN,min,1640044800,1107,False,0.8288,24961.99,1.09,0.0209,3206106.0,3.524,-1,0.0,0,0,,,0,0
22,ACC000022,investment,True,True,Delhi,IN,full,1544227200,2216,False,0.2703,2216283.41,1.122,0.025,39357576.28,14.6794,-1,0.0,0,0,,,0,0
23,ACC000023,household,False,False,Delhi,IN,min,1471305600,3060,False,0.8218,3330.99,0.967,0.0431,196623.1,0.965,-1,0.0,0,0,,,0,1
24,ACC000024,household,False,False,Bengaluru,IN,full,1613347200,1416,False,0.342,467.69,0.825,0.0661,125896.69,2.2846,-1,0.0,0,0,,,0,0
25,ACC000025,small_business,True,True,Hyderabad,IN,full,1397347200,3916,True,0.0307,1676.63,1.015,0.0392,2906922.57,7.6544,-1,0.0,0,0,,,0,1
26,ACC000026,household,False,False,Hyderabad,IN,full,1427846400,3563,False,0.483,3158.95,1.134,0.0466,88450.06,2.5477,-1,0.0,0,0,,,0,0
27,ACC000027,merchant,True,True,Pune,IN,min,1561248000,2019,False,4.3602,3350.64,0.796,0.0301,1550898.6,26.1469,-1,0.0,0,0,,,0,0
28,ACC000028,student,False,False,Kolkata,IN,full,1624924800,1282,False,0.4562,661.47,0.844,0.1912,20051.93,0.7015,-1,0.0,0,0,,,0,0
29,ACC000029,student,False,False,Hyderabad,IN,full,1537142400,2298,False,0.3431,243.64,1.024,0.1604,23809.95,0.2956,-1,0.0,0,0,,,0,0
30,ACC000030,student,False,False,Chennai,IN,full,1631404800,1207,False,0.0656,374.25,1.019,0.0736,22920.0,0.6715,-1,0.0,0,0,,,0,1
31,ACC000031,freelancer,False,False,Pune,IN,full,1658361600,895,False,0.0917,5791.0,1.166,0.0707,184897.55,1.2378,-1,0.0,0,1,destination,rapid_pass_through,1,1
32,ACC000032,salary,False,False,Kolkata,IN,min,1562284800,2007,False,0.2221,2212.34,1.116,0.0596,201987.79,0.4049,47,200435.93,6,0,,,0,1
33,ACC000033,merchant,True,True,Kochi,IN,full,1657238400,908,False,2.3717,433.16,0.964,0.0921,2393576.18,92.3492,-1,0.0,0,0,,,0,0
34,ACC000034,freelancer,False,False,Jaipur,IN,full,1484092800,2912,False,0.2455,4691.17,1.252,0.1326,370428.32,1.6561,-1,0.0,0,0,,,0,1
35,ACC000035,investment,True,True,Bengaluru,IN,min,1563321600,1995,True,0.0054,348497.71,1.46,0.0128,28856792.33,18.8599,-1,0.0,0,0,,,0,0
36,ACC000036,merchant,True,True,Bengaluru,IN,full,1435708800,3472,False,3.7494,704.23,0.807,0.1193,2995387.29,35.4352,-1,0.0,0,0,,,0,0
37,ACC000037,household,False,False,Hyderabad,IN,full,1453766400,3263,False,0.5537,2331.16,0.888,0.02,51181.23,2.7465,-1,0.0,0,0,,,0,1
38,ACC000038,small_business,True,True,Kochi,SG,min,1708992000,309,False,1.1505,9447.62,0.994,0.0699,3206895.54,10.8122,-1,0.0,0,0,,,0,1
39,ACC000039,merchant,True,True,Mumbai,IN,full,1469318400,3083,False,3.6415,1431.58,0.951,0.1312,4872815.83,50.3741,-1,0.0,0,0,,,0,0
40,ACC000040,household,False,False,Jaipur,IN,full,1562112000,2009,False,0.1613,2903.96,0.907,0.0652,172432.02,0.7865,-1,0.0,0,0,,,0,0
41,ACC000041,merchant,True,True,Kochi,IN,full,1730332800,62,False,3.3187,2490.29,0.729,0.051,5295830.46,25.3938,-1,0.0,0,0,,,0,0
42,ACC000042,merchant,True,True,Bengaluru,IN,full,1445990400,3353,False,2.3235,1740.74,1.001,0.063,7622902.92,97.8281,-1,0.0,0,0,,,0,0
43,ACC000043,salary,False,False,Delhi,IN,full,1668902400,773,False,0.3751,797.14,0.86,0.0217,198034.52,0.892,494,196625.18,6,0,,,0,0
44,ACC000044,large_business,True,True,Bengaluru,IN,full,1664582400,823,False,3.8075,291929.3,1.649,0.0527,175522130.64,6.058,-1,0.0,0,1,source,dormant_activation|rapid_pass_through,3,1
45,ACC000045,salary,False,False,Kochi,IN,full,1477180800,2992,False,0.4579,1131.26,1.056,0.0433,207766.3,1.26,75,160314.62,6,0,,,0,1
46,ACC000046,small_business,True,True,Bengaluru,IN,full,1531785600,2360,False,1.1604,3364.72,1.243,0.0283,2441843.16,12.9797,-1,0.0,0,0,,,0,1
47,ACC000047,small_business,True,True,Kochi,IN,min,1558742400,2048,False,1.1402,13397.64,1.229,0.0426,3486819.77,7.6426,-1,0.0,0,0,,,0,0
48,ACC000048,household,False,False,Jaipur,IN,min,1730505600,60,False,0.4787,3955.76,0.866,0.0768,64920.46,1.6996,-1,0.0,0,1,mule,fan_out,4,1
49,ACC000049,salary,False,False,Jaipur,IN,full,1529971200,2381,False,0.6615,2527.22,0.876,0.0967,212533.54,0.5412,681,210281.36,2,0,,,0,1
50,ACC000050,merchant,True,True,Mumbai,IN,full,1600732800,1562,False,2.9473,3184.15,1.075,0.0319,7211434.41,21.0932,-1,0.0,0,0,,,0,0
51,ACC000051,salary,False,False,Ahmedabad,IN,full,1610064000,1454,False,0.9528,2803.63,0.871,0.0741,136834.88,0.46,76,129810.3,5,0,,,0,1
52,ACC000052,student,False,False,Mumbai,IN,min,1390953600,3990,False,0.1696,402.55,0.889,0.0683,19792.31,0.5213,-1,0.0,0,0,,,0,1
53,ACC000053,small_business,True,True,Kolkata,IN,full,1729468800,72,False,1.0133,7133.33,1.419,0.0664,3053542.75,3.1364,-1,0.0,0,0,,,0,0
54,ACC000054,freelancer,False,False,Mumbai,IN,full,1538179200,2286,False,0.4028,3888.54,1.502,0.0553,44177.49,1.2654,-1,0.0,0,0,,,0,1
55,ACC000055,salary,False,False,Kolkata,IN,full,1665964800,807,False,0.3865,1683.76,1.057,0.059,169837.88,0.524,44,145002.58,7,0,,,0,1
56,ACC000056,salary,False,False,Ahmedabad,IN,full,1602806400,1538,False,0.3895,3043.25,1.064,0.0511,41330.32,0.7057,78,34686.9,2,0,,,0,0
57,ACC000057,student,False,False,Kochi,IN,full,1646697600,1030,False,0.0713,435.68,0.822,0.0783,8114.56,2.027,-1,0.0,0,0,,,0,1
58,ACC000058,student,False,False,Hyderabad,IN,min,1408147200,3791,False,0.2056,593.07,1.005,0.1687,15544.5,0.2804,-1,0.0,0,0,,,0,1
59,ACC000059,student,False,False,Kochi,IN,full,1608940800,1467,False,0.0585,373.87,0.77,0.1906,8446.98,1.05,-1,0.0,0,0,,,0,1
60,ACC000060,salary,False,False,Chennai,GB,full,1636070400,1153,False,0.2535,911.42,1.095,0.0769,171944.53,1.261,293,130954.61,2,0,,,0,1
61,ACC000061,salary,False,False,Pune,IN,full,1620950400,1328,False,0.1705,3259.44,1.164,0.0406,151838.25,0.647,999,115690.61,4,0,,,0,1
62,ACC000062,small_business,True,True,Mumbai,IN,full,1688688000,544,False,2.9529,18662.86,1.131,0.0792,3364089.11,13.3298,-1,0.0,0,0,,,0,0
63,ACC000063,small_business,True,True,Kolkata,IN,min,1460419200,3186,True,0.0088,1576.44,1.066,0.036,2232070.4,4.6635,-1,0.0,0,1,destination,layering_chain|rapid_pass_through,2,0
64,ACC000064,small_business,True,True,Delhi,IN,full,1489968000,2844,False,0.9605,16104.37,1.023,0.0695,3699402.52,8.8724,-1,0.0,0,0,,,0,0
65,ACC000065,student,False,False,Ahmedabad,IN,full,1615334400,1393,False,0.1722,172.54,0.837,0.1511,15965.63,0.3631,-1,0.0,0,0,,,0,0
66,ACC000066,salary,False,False,Mumbai,IN,full,1618704000,1354,False,0.7601,3116.64,1.173,0.0971,182808.84,0.7198,399,150278.04,4,1,mule,fan_out,2,1
67,ACC000067,large_business,True,True,Bengaluru,IN,full,1618876800,1352,False,4.2183,311675.95,1.358,0.0548,124257427.33,13.3629,-1,0.0,0,1,source,rapid_pass_through,1,0
68,ACC000068,small_business,True,True,Ahmedabad,IN,full,1715212800,237,False,0.6018,14873.74,1.13,0.0667,348758.18,2.5672,-1,0.0,0,0,,,0,0
69,ACC000069,household,False,False,Kochi,IN,full,1709596800,302,False,0.1353,3861.21,1.154,0.0589,156290.86,0.6671,-1,0.0,0,0,,,0,0
70,ACC000070,student,False,False,Mumbai,IN,full,1578268800,1822,False,0.1182,803.29,0.935,0.2142,12016.44,1.0593,-1,0.0,0,0,,,0,0
71,ACC000071,salary,False,False,Kochi,IN,full,1666828800,797,False,0.473,1125.27,1.137,0.0305,187626.17,0.675,137,159057.79,5,1,intermediary|mule,fan_in|fan_out|layering_chain,5,1
72,ACC000072,salary,False,False,Kolkata,IN,min,1576454400,1843,False,0.8286,2941.98,0.904,0.0728,118002.94,0.552,873,103829.73,3,0,,,0,1
73,ACC000073,salary,False,False,Delhi,IN,full,1580774400,1793,False,0.4281,1358.23,0.92,0.0744,202990.64,0.5916,1078,152422.4,6,1,mule,fan_in|fan_out|smurfing,5,1
74,ACC000074,salary,False,False,Ahmedabad,IN,min,1435881600,3470,True,0.0303,2827.71,0.959,0.0938,90201.88,2.3227,362,69755.61,7,0,,,0,1
75,ACC000075,large_business,True,True,Pune,IN,full,1551312000,2134,False,8.4889,249528.23,1.1,0.0568,216225164.54,7.2162,-1,0.0,0,1,source,layering_chain|rapid_pass_through,2,0
76,ACC000076,large_business,True,True,Mumbai,IN,full,1667001600,795,False,7.2401,25673.95,1.508,0.0524,30085544.2,22.5393,-1,0.0,0,0,,,0,0
77,ACC000077,salary,False,False,Bengaluru,IN,min,1539302400,2273,False,0.3169,2337.05,0.913,0.0337,202000.57,0.8416,766,171316.5,3,0,,,0,1
78,ACC000078,large_business,True,True,Bengaluru,IN,full,1583971200,1756,False,11.0707,89974.48,1.424,0.0269,64782445.88,28.0775,-1,0.0,0,1,source,rapid_pass_through,1,1
79,ACC000079,salary,False,False,Delhi,IN,full,1639958400,1108,False,0.5508,2142.95,1.216,0.0986,190602.07,0.5727,695,145585.92,3,0,,,0,1
80,ACC000080,small_business,True,True,Bengaluru,IN,full,1616198400,1383,False,1.242,6498.2,1.046,0.0445,2120458.24,4.3755,-1,0.0,0,0,,,0,0
81,ACC000081,salary,False,False,Kolkata,IN,full,1630540800,1217,False,0.1478,1222.44,0.88,0.0707,79313.82,1.3927,1300,79281.1,2,0,,,0,1
82,ACC000082,large_business,True,True,Hyderabad,IN,full,1405728000,3819,False,10.9245,273064.56,1.666,0.0524,170808541.09,21.8722,-1,0.0,0,1,source,mule_network,1,0
83,ACC000083,small_business,True,True,Ahmedabad,IN,min,1442534400,3393,False,1.6738,2296.18,1.155,0.0561,1334885.02,2.9638,-1,0.0,0,0,,,0,1
84,ACC000084,small_business,True,True,Jaipur,IN,full,1699056000,424,False,2.5296,13250.78,1.248,0.0795,2768584.82,8.6718,-1,0.0,0,0,,,0,0
85,ACC000085,small_business,True,True,Pune,IN,full,1393027200,3966,False,3.2297,14769.15,1.349,0.0494,2832292.4,4.6075,-1,0.0,0,0,,,0,1
86,ACC000086,salary,False,False,Mumbai,IN,min,1659052800,887,False,0.3475,2602.48,0.997,0.0274,249712.65,2.5489,1448,198862.49,7,0,,,0,1
87,ACC000087,salary,False,False,Jaipur,IN,full,1714867200,241,False,0.4107,969.26,1.229,0.0317,92935.97,0.6318,557,75839.43,6,0,,,0,1
88,ACC000088,household,False,False,Kochi,IN,min,1401494400,3868,False,0.2454,1402.49,0.829,0.0446,65869.41,3.4108,-1,0.0,0,0,,,0,0
89,ACC000089,small_business,True,True,Chennai,IN,full,1414713600,3715,False,1.128,12724.78,1.239,0.0455,970693.89,3.8565,-1,0.0,0,0,,,0,0
90,ACC000090,large_business,True,True,Mumbai,IN,full,1699488000,419,False,12.5425,79350.77,1.286,0.0264,98791721.09,75.2192,-1,0.0,0,0,,,0,0
91,ACC000091,salary,False,False,Mumbai,IN,full,1695427200,466,False,0.8282,1445.23,1.194,0.0259,187498.24,1.7851,849,158239.36,1,0,,,0,0
92,ACC000092,salary,False,False,Hyderabad,IN,full,1477008000,2994,False,0.4816,3038.88,1.185,0.0252,182040.52,1.3372,873,155643.91,4,0,,,0,1
93,ACC000093,salary,False,False,Pune,IN,min,1508889600,2625,False,0.3169,1602.76,0.868,0.049,55859.18,1.3595,1148,55208.75,2,0,,,0,1
94,ACC000094,freelancer,False,False,Kochi,IN,full,1655856000,924,True,0.0154,2838.05,1.522,0.105,201733.78,2.3495,-1,0.0,0,1,mule,fan_out|mule_network,3,1
95,ACC000095,salary,False,False,Hyderabad,IN,full,1660867200,866,False,0.1144,2946.79,1.168,0.085,60306.49,1.4338,779,51427.09,5,1,intermediary|mule,fan_in|fan_out|layering_chain,4,0
96,ACC000096,small_business,True,True,Delhi,IN,min,1631145600,1210,False,2.5366,10833.78,0.964,0.0662,3869223.16,2.2753,-1,0.0,0,0,,,0,0
97,ACC000097,student,False,False,Chennai,IN,full,1502582400,2698,False,0.1318,880.31,0.803,0.167,12829.23,0.4882,-1,0.0,0,0,,,0,0
98,ACC000098,salary,False,False,Ahmedabad,IN,full,1610409600,1450,False,0.2471,830.55,0.861,0.0704,133878.99,3.2941,1153,107538.22,6,0,,,0,1
99,ACC000099,student,False,False,Jaipur,IN,min,1543968000,2219,False,0.5368,729.05,0.805,0.1795,7798.25,0.9727,-1,0.0,0,0,,,0,1
100,ACC000100,student,False,False,Jaipur,IN,full,1660694400,868,False,0.3741,320.53,0.849,0.0888,12990.33,1.1912,-1,0.0,0,0,,,0,1
101,ACC000101,salary,False,False,Hyderabad,IN,min,1420243200,3651,False,0.324,2789.36,1.026,0.0658,106354.64,1.3314,1298,81584.76,7,0,,,0,1
102,ACC000102,salary,False,False,Delhi,IN,full,1541548800,2247,False,0.5578,3310.35,0.877,0.057,193384.73,1.1441,1354,170061.3,5,0,,,0,1
103,ACC000103,freelancer,False,False,Bengaluru,IN,full,1639267200,1116,False,0.8795,1303.78,1.36,0.0557,264249.35,1.1593,-1,0.0,0,0,,,0,1
104,ACC000104,household,False,False,Ahmedabad,IN,full,1581206400,1788,False,0.356,2962.12,1.068,0.041,30486.38,1.7459,-1,0.0,0,0,,,0,1
105,ACC000105,salary,False,False,Hyderabad,IN,full,1506038400,2658,True,0.0239,2910.12,0.97,0.0349,109651.1,0.7893,1083,94358.92,2,0,,,0,0
106,ACC000106,salary,False,False,Ahmedabad,IN,full,1504396800,2677,False,0.5514,2426.24,1.093,0.0756,191998.27,0.457,1197,163091.6,5,0,,,0,0
107,ACC000107,salary,False,False,Jaipur,IN,full,1500508800,2722,False,0.9153,1024.13,0.913,0.0222,136832.83,0.5197,1241,129149.82,2,0,,,0,1
108,ACC000108,merchant,True,True,Delhi,IN,full,1562112000,2009,True,0.0993,2316.35,0.703,0.086,5228629.27,104.2423,-1,0.0,0,0,,,0,0
109,ACC000109,salary,False,False,Hyderabad,IN,full,1399766400,3888,False,0.4456,1855.96,1.052,0.0224,152100.38,0.9473,512,121973.04,3,0,,,0,1
110,ACC000110,household,False,False,Ahmedabad,IN,full,1585180800,1742,False,0.432,637.28,0.817,0.0334,155089.24,0.8844,-1,0.0,0,0,,,0,0
111,ACC000111,investment,True,True,Mumbai,IN,min,1641340800,1092,False,0.0715,1431375.11,1.425,0.0389,32133388.62,10.0361,-1,0.0,0,0,,,0,0
112,ACC000112,salary,False,False,Hyderabad,IN,full,1509062400,2623,False,0.3284,752.88,0.973,0.0841,69995.67,0.8491,137,69365.22,1,0,,,0,1
113,ACC000113,salary,False,False,Ahmedabad,IN,min,1412035200,3746,False,0.1396,2815.2,1.081,0.0555,131159.08,1.22,611,108225.3,6,0,,,0,1
114,ACC000114,merchant,True,True,Mumbai,IN,full,1409184000,3779,False,3.4131,3822.41,0.747,0.0606,7283203.22,39.5143,-1,0.0,0,0,,,0,0
115,ACC000115,salary,False,False,Pune,IN,full,1430870400,3528,False,0.9691,2491.53,1.191,0.0616,234557.54,1.8876,558,217254.19,2,0,,,0,0
116,ACC000116,large_business,True,True,Mumbai,IN,full,1599696000,1574,False,7.6533,261250.1,1.672,0.0597,35574988.83,16.0897,-1,0.0,0,0,,,0,0
117,ACC000117,small_business,True,True,Pune,IN,full,1422576000,3624,False,0.9257,15669.19,1.358,0.0327,1514911.71,14.5742,-1,0.0,0,0,,,0,1
118,ACC000118,small_business,True,True,Jaipur,IN,full,1683590400,603,False,0.9007,10513.4,1.432,0.0299,1501736.15,14.8225,-1,0.0,0,0,,,0,0
119,ACC000119,student,False,False,Delhi,IN,min,1612137600,1430,False,0.1751,336.98,1.026,0.0836,14111.92,0.1675,-1,0.0,0,0,,,0,0
120,ACC000120,salary,False,False,Chennai,IN,full,1582070400,1778,False,0.2911,2241.42,0.975,0.0744,220438.23,2.3262,232,203463.94,3,0,,,0,0
121,ACC000121,salary,False,False,Jaipur,IN,full,1507161600,2645,False,0.3927,2269.71,0.908,0.0953,192931.12,1.1583,643,152123.99,1,0,,,0,1
122,ACC000122,salary,False,False,Chennai,IN,full,1682294400,618,False,0.5593,1428.49,1.075,0.0733,134177.66,1.0671,1032,128645.57,4,0,,,0,1
123,ACC000123,salary,False,False,Delhi,IN,full,1593216000,1649,True,0.009,3329.96,1.136,0.0256,116753.01,0.6061,1023,96270.46,3,0,,,0,1
124,ACC000124,salary,False,False,Chennai,IN,min,1574380800,1867,False,0.6547,3019.15,0.895,0.0256,155470.48,1.107,1023,153529.67,7,0,,,0,1
125,ACC000125,salary,False,False,Jaipur,IN,full,1441497600,3405,False,0.9926,1299.0,1.245,0.0425,149334.29,4.9362,297,137508.46,1,0,,,0,1
126,ACC000126,freelancer,False,False,Jaipur,MY,full,1729123200,76,False,0.3238,2521.04,1.178,0.1417,251957.37,2.6344,-1,0.0,0,0,,,0,1
127,ACC000127,small_business,True,True,Kochi,IN,full,1606262400,1498,False,1.4547,10616.09,1.069,0.0727,960943.88,1.5283,-1,0.0,0,0,,,0,0
128,ACC000128,salary,False,False,Mumbai,IN,full,1571616000,1899,False,1.4604,2210.13,1.246,0.0679,176628.27,1.1687,1202,171896.58,3,0,,,0,1
129,ACC000129,salary,False,False,Kochi,IN,full,1595376000,1624,False,0.9119,3485.34,1.229,0.0497,67187.88,0.3581,1263,54633.55,7,0,,,0,0
130,ACC000130,salary,False,False,Mumbai,IN,full,1731456000,49,False,0.2704,3207.29,1.025,0.069,238092.13,0.53,1167,201291.05,4,0,,,0,1
131,ACC000131,salary,False,False,Hyderabad,IN,full,1468108800,3097,False,0.7251,3106.52,1.199,0.0773,222382.36,1.0758,244,202977.85,1,0,,,0,1
132,ACC000132,freelancer,False,False,Bengaluru,IN,min,1410220800,3767,False,0.3497,4647.11,1.42,0.1368,135654.54,2.3284,-1,0.0,0,0,,,0,1
133,ACC000133,student,False,False,Kochi,IN,full,1701561600,395,False,0.1416,148.03,0.901,0.1062,7342.64,0.1357,-1,0.0,0,0,,,0,1
134,ACC000134,small_business,True,True,Ahmedabad,IN,full,1530576000,2374,False,0.8586,24196.26,1.164,0.0509,804164.55,9.0575,-1,0.0,0,1,destination|intermediary,circular_flow|dormant_activation|layering_chain,4,0
135,ACC000135,student,False,False,Bengaluru,IN,full,1457654400,3218,False,0.779,856.79,0.8,0.0704,14132.75,0.9403,-1,0.0,0,0,,,0,0
136,ACC000136,salary,False,False,Jaipur,IN,full,1520812800,2487,False,0.3939,1721.04,1.051,0.0493,150298.9,0.5525,430,137959.85,4,0,,,0,1
137,ACC000137,large_business,True,True,Chennai,IN,full,1395964800,3932,False,8.5237,136527.17,1.121,0.0151,96838745.07,10.5311,-1,0.0,0,0,,,0,1
138,ACC000138,small_business,True,True,Jaipur,IN,min,1710115200,296,False,2.4517,12883.06,1.068,0.0778,3675195.3,5.8343,-1,0.0,0,0,,,0,0
139,ACC000139,freelancer,False,False,Ahmedabad,IN,min,1731110400,53,True,0.0144,2650.65,1.383,0.0583,50484.49,2.4778,-1,0.0,0,0,,,0,0
140,ACC000140,salary,False,False,Kolkata,IN,full,1526860800,2417,False,0.2401,604.56,1.12,0.0625,214720.67,1.7734,75,190324.91,2,1,intermediary|mule,fan_in|fan_out|layering_chain|mule_network,5,1
141,ACC000141,merchant,True,True,Delhi,IN,min,1546214400,2193,False,1.2391,1925.51,0.955,0.0475,1674782.46,24.7979,-1,0.0,0,0,,,0,0
142,ACC000142,student,False,False,Delhi,IN,full,1574035200,1871,False,0.1507,566.6,0.959,0.1626,8033.48,0.7514,-1,0.0,0,0,,,0,1
143,ACC000143,small_business,True,True,Ahmedabad,IN,min,1712188800,272,True,0.0399,20274.85,1.041,0.0777,3238810.61,5.1635,-1,0.0,0,0,,,0,0
144,ACC000144,household,False,False,Pune,IN,full,1488758400,2858,False,0.2448,2429.53,0.843,0.0475,111086.59,0.4916,-1,0.0,0,1,mule,fan_in|fan_out,2,0
145,ACC000145,large_business,True,True,Kolkata,IN,min,1487894400,2868,False,9.408,69105.63,1.613,0.0135,106314308.48,11.2156,-1,0.0,0,0,,,0,0
146,ACC000146,large_business,True,True,Bengaluru,IN,full,1414195200,3721,False,3.2719,222424.49,1.101,0.0196,21708038.31,8.192,-1,0.0,0,0,,,0,0
147,ACC000147,salary,False,False,Hyderabad,IN,full,1546905600,2185,False,0.4335,808.15,1.132,0.0664,93938.0,1.669,1187,85190.03,7,0,,,0,1
148,ACC000148,investment,True,True,Bengaluru,IN,full,1550793600,2140,False,0.1469,575851.85,1.364,0.0394,28504252.88,30.337,-1,0.0,0,0,,,0,0
149,ACC000149,salary,False,False,Bengaluru,IN,full,1410307200,3766,False,0.6024,1364.39,0.912,0.0533,193602.08,2.008,146,191997.72,7,0,,,0,1
150,ACC000150,small_business,True,True,Chennai,IN,full,1433030400,3503,False,1.6261,23192.56,1.244,0.0227,3278743.69,8.3846,-1,0.0,0,0,,,0,0
151,ACC000151,merchant,True,True,Hyderabad,IN,min,1567382400,1948,False,5.6548,352.38,1.052,0.1335,7909573.85,113.6739,-1,0.0,0,0,,,0,0
152,ACC000152,student,False,False,Bengaluru,IN,full,1402617600,3855,False,0.1898,216.52,1.022,0.1016,4190.14,0.5116,-1,0.0,0,0,,,0,0
153,ACC000153,salary,False,False,Bengaluru,IN,min,1450656000,3299,False,0.3841,1292.89,1.248,0.0277,103361.85,0.5789,1277,98711.2,1,0,,,0,1
154,ACC000154,salary,False,False,Jaipur,IN,full,1585612800,1737,False,0.4544,967.06,1.182,0.0326,102170.61,1.9936,253,93203.79,3,0,,,0,0
155,ACC000155,small_business,True,True,Mumbai,IN,full,1470096000,3074,False,1.5929,6670.09,1.309,0.0681,857312.1,10.2248,-1,0.0,0,0,,,0,0
156,ACC000156,small_business,True,True,Delhi,IN,full,1426291200,3581,False,1.7408,14225.2,1.149,0.0478,1478178.93,21.5908,-1,0.0,0,1,destination|intermediary,layering_chain|rapid_pass_through,2,1
157,ACC000157,salary,False,False,Pune,IN,min,1485993600,2890,False,0.9002,2561.66,1.106,0.059,225995.5,1.3877,82,204570.51,1,0,,,0,1
158,ACC000158,merchant,True,True,Hyderabad,IN,full,1581033600,1790,False,1.2072,1587.3,0.778,0.1208,7982972.6,147.8998,-1,0.0,0,0,,,0,0
159,ACC000159,freelancer,False,False,Hyderabad,IN,full,1649203200,1001,False,0.4295,1851.76,1.4,0.1541,240174.86,3.8932,-1,0.0,0,0,,,0,1
160,ACC000160,freelancer,False,False,Delhi,IN,min,1409184000,3779,False,0.4933,5133.2,1.055,0.15,304784.51,0.9452,-1,0.0,0,1,mule,fan_in|fan_out,4,1
161,ACC000161,merchant,True,True,Pune,IN,full,1477872000,2984,False,3.9199,1687.47,0.858,0.1031,7686778.14,70.6296,-1,0.0,0,0,,,0,0
162,ACC000162,salary,False,False,Kolkata,IN,full,1445990400,3353,False,0.7886,1825.03,0.907,0.064,104541.28,0.5885,1023,81851.76,6,0,,,0,0
163,ACC000163,freelancer,False,False,Pune,IN,full,1633392000,1184,False,0.1623,4992.53,1.166,0.1595,64848.42,2.3995,-1,0.0,0,0,,,0,1
164,ACC000164,merchant,True,True,Delhi,IN,full,1558828800,2047,False,2.5231,2228.65,0.988,0.0741,657468.16,137.097,-1,0.0,0,0,,,0,0
165,ACC000165,large_business,True,True,Mumbai,IN,full,1686441600,570,False,7.1084,360777.44,1.217,0.0138,188816889.98,23.5601,-1,0.0,0,1,source,fan_out|rapid_pass_through,6,0
166,ACC000166,salary,False,False,Jaipur,IN,full,1470528000,3069,False,0.4027,680.41,1.126,0.0377,218546.87,1.1588,848,193881.57,6,0,,,0,1
167,ACC000167,small_business,True,True,Chennai,IN,min,1477699200,2986,False,2.5919,24121.65,1.031,0.0653,1131157.09,8.8614,-1,0.0,0,0,,,0,0
168,ACC000168,merchant,True,True,Ahmedabad,IN,full,1416268800,3697,False,5.0196,2117.21,1.022,0.0499,7454554.54,100.3443,-1,0.0,0,0,,,0,1
169,ACC000169,household,False,False,Kolkata,IN,full,1405900800,3817,False,0.5589,1213.19,0.806,0.0853,79195.3,3.1331,-1,0.0,0,0,,,0,1
170,ACC000170,salary,False,False,Chennai,IN,full,1655942400,923,False,0.1704,2509.51,1.081,0.0571,240405.02,0.8018,370,239773.07,1,0,,,0,1
171,ACC000171,small_business,True,True,Kolkata,IN,min,1593475200,1646,False,2.7471,16949.29,1.179,0.0247,3873338.08,7.6541,-1,0.0,0,0,,,0,0
172,ACC000172,salary,False,False,Jaipur,IN,min,1543968000,2219,False,0.454,2154.59,1.227,0.0633,195426.45,0.6745,1354,166671.21,4,0,,,0,0
173,ACC000173,salary,False,False,Hyderabad,IN,full,1553817600,2105,False,0.7648,3359.93,0.899,0.0739,229279.71,1.7625,370,220814.07,2,0,,,0,1
174,ACC000174,salary,False,False,Delhi,IN,full,1673654400,718,False,0.6644,2558.88,0.9,0.0289,218573.47,0.536,1247,185468.45,2,0,,,0,1
175,ACC000175,salary,False,False,Ahmedabad,IN,min,1598486400,1588,False,0.4411,658.81,1.007,0.0212,51176.16,0.5047,82,40022.36,1,0,,,0,1
176,ACC000176,salary,False,False,Delhi,IN,full,1697673600,440,False,0.9135,3121.41,1.204,0.0832,123761.5,0.8634,146,98780.97,6,0,,,0,1
177,ACC000177,salary,False,False,Bengaluru,IN,min,1706918400,333,False,0.1509,1720.34,1.165,0.0212,196329.2,0.6288,1334,176584.66,4,1,mule,fan_out|smurfing,4,1
178,ACC000178,small_business,True,True,Kolkata,IN,full,1495843200,2776,False,1.9405,9699.61,1.314,0.0278,876648.86,1.7144,-1,0.0,0,0,,,0,0
179,ACC000179,small_business,True,True,Kolkata,IN,full,1718755200,196,False,2.1905,12115.42,1.108,0.0751,3517002.29,15.5715,-1,0.0,0,0,,,0,0
180,ACC000180,salary,False,False,Kolkata,IN,full,1608336000,1474,False,0.3617,2143.96,1.207,0.093,224264.33,1.9677,1268,192882.54,4,0,,,0,1
181,ACC000181,small_business,True,True,Bengaluru,IN,full,1611705600,1435,False,3.657,5561.07,1.26,0.0532,3907762.74,6.6142,-1,0.0,0,0,,,0,0
182,ACC000182,small_business,True,True,Mumbai,IN,full,1535587200,2316,False,1.5786,15972.65,1.329,0.0477,1370343.66,9.9012,-1,0.0,0,0,,,0,1
183,ACC000183,investment,True,True,Delhi,IN,full,1461801600,3170,False,0.06,1424080.19,1.121,0.0362,24992578.07,9.4281,-1,0.0,0,0,,,0,0
184,ACC000184,small_business,True,True,Kochi,IN,full,1633564800,1182,False,1.1892,9588.53,1.078,0.0454,1458708.97,5.5467,-1,0.0,0,0,,,0,0
185,ACC000185,merchant,True,True,Kochi,IN,full,1396742400,3923,False,3.054,482.73,0.747,0.0301,3229471.0,60.1641,-1,0.0,0,0,,,0,0
186,ACC000186,salary,False,False,Kolkata,IN,full,1484438400,2908,False,0.2617,1136.23,0.852,0.0874,182192.44,1.6526,145,141937.02,5,0,,,0,1
187,ACC000187,large_business,True,True,Mumbai,IN,full,1434758400,3483,False,2.1071,184513.26,1.21,0.0493,192051383.1,18.5814,-1,0.0,0,0,,,0,0
188,ACC000188,small_business,True,True,Hyderabad,IN,min,1413072000,3734,False,3.1191,23794.57,1.113,0.0791,823235.93,6.3367,-1,0.0,0,0,,,0,0
189,ACC000189,salary,False,False,Kolkata,IN,full,1473033600,3040,False,0.8519,2655.75,1.025,0.0256,239724.24,2.1055,824,238991.82,7,0,,,0,1
190,ACC000190,student,False,False,Jaipur,IN,full,1562889600,2000,False,0.1844,406.49,1.025,0.0657,23926.12,2.0279,-1,0.0,0,0,,,0,0
191,ACC000191,salary,False,False,Hyderabad,IN,full,1499126400,2738,False,1.033,2268.68,1.129,0.0792,153946.91,0.7975,151,152231.8,2,1,mule,fan_in|fan_out,2,1
192,ACC000192,investment,True,True,Jaipur,IN,full,1619136000,1349,False,0.2449,1878255.74,1.046,0.032,6201379.53,4.5144,-1,0.0,0,0,,,0,0
193,ACC000193,salary,False,False,Mumbai,IN,full,1502582400,2698,False,0.826,2585.76,1.227,0.0267,217872.03,1.7408,1198,192247.99,2,0,,,0,0
194,ACC000194,salary,False,False,Chennai,IN,min,1722988800,147,False,0.73,3364.37,1.016,0.051,110495.43,1.024,636,108718.12,5,0,,,0,1
195,ACC000195,small_business,True,True,Pune,IN,min,1546992000,2184,True,0.0728,23122.47,1.264,0.0228,891145.65,7.0506,-1,0.0,0,0,,,0,0
196,ACC000196,merchant,True,True,Hyderabad,IN,full,1667952000,784,False,2.8399,261.08,1.061,0.1384,6588897.46,31.9189,-1,0.0,0,0,,,0,0
197,ACC000197,freelancer,False,False,Pune,IN,full,1703116800,377,False,0.3942,734.16,1.58,0.0752,145090.19,8.9306,-1,0.0,0,0,,,0,1
198,ACC000198,salary,False,False,Jaipur,IN,full,1449100800,3317,False,0.8445,2049.94,0.952,0.0569,56696.95,0.3436,486,54572.04,3,0,,,0,1
199,ACC000199,freelancer,False,False,Pune,IN,full,1665619200,811,False,0.5581,3990.46,1.32,0.0717,357339.33,2.7617,-1,0.0,0,0,,,0,0
200,ACC000200,salary,False,False,Chennai,IN,min,1421280000,3639,False,0.8149,2756.64,1.162,0.0448,206732.7,0.8944,145,162158.4,2,0,,,0,1
201,ACC000201,student,False,False,Kolkata,IN,full,1534636800,2327,False,0.6289,648.18,0.886,0.1835,15423.17,0.2524,-1,0.0,0,0,,,0,0
202,ACC000202,small_business,True,True,Mumbai,IN,full,1461456000,3174,False,2.5056,12749.21,1.358,0.0374,508205.83,6.558,-1,0.0,0,1,collector|destination|source,circular_flow|fan_in|layering_chain|rapid_pass_through,4,1
203,ACC000203,salary,False,False,Mumbai,IN,full,1458604800,3207,False,0.1609,2723.92,1.107,0.0312,50531.37,2.5278,701,42016.81,5,0,,,0,1
204,ACC000204,student,False,False,Mumbai,IN,full,1663113600,840,False,0.1142,174.06,0.931,0.0858,15837.25,0.6431,-1,0.0,0,0,,,0,1
205,ACC000205,salary,False,False,Jaipur,IN,min,1525651200,2431,False,0.6806,781.8,0.873,0.0579,107166.69,1.1613,714,86635.23,5,0,,,0,0
206,ACC000206,student,False,False,Chennai,IN,full,1550620800,2142,False,0.3633,712.41,0.816,0.1023,15618.33,0.9305,-1,0.0,0,0,,,0,1
207,ACC000207,small_business,True,True,Mumbai,IN,full,1538611200,2281,False,0.8265,5661.32,1.322,0.0533,1433227.18,5.16,-1,0.0,0,0,,,0,0
208,ACC000208,freelancer,False,False,Kolkata,IN,full,1582243200,1776,False,0.5445,1539.11,1.28,0.1736,275879.89,3.2055,-1,0.0,0,0,,,0,1
209,ACC000209,salary,False,False,Kochi,IN,full,1595548800,1622,False,0.2432,1730.28,1.108,0.0536,144413.2,0.3975,383,110239.12,7,0,,,0,1
210,ACC000210,household,False,False,Mumbai,IN,full,1589068800,1697,False,0.5374,2577.42,0.896,0.0241,166652.12,1.1337,-1,0.0,0,0,,,0,0
211,ACC000211,salary,False,False,Chennai,IN,full,1721692800,162,False,0.2299,1044.61,0.931,0.0359,168523.73,0.5151,514,163406.71,6,0,,,0,0
212,ACC000212,small_business,True,True,Bengaluru,IN,min,1712188800,272,False,2.1635,17119.52,1.312,0.0541,3975134.82,2.3345,-1,0.0,0,0,,,0,0
213,ACC000213,student,False,False,Ahmedabad,IN,full,1516060800,2542,False,0.242,400.5,0.856,0.1833,8678.48,0.6897,-1,0.0,0,0,,,0,0
214,ACC000214,freelancer,False,False,Ahmedabad,IN,full,1536883200,2301,False,0.1755,3890.94,1.333,0.174,238710.4,6.3636,-1,0.0,0,0,,,0,1
215,ACC000215,salary,False,False,Kolkata,IN,full,1566691200,1956,False,0.242,2953.32,0.865,0.0433,71406.98,0.7311,933,62100.63,5,1,mule,fan_in|fan_out,5,0
216,ACC000216,salary,False,False,Ahmedabad,IN,full,1535068800,2322,False,0.4686,1649.43,1.125,0.0365,121706.02,3.2187,667,106195.69,7,0,,,0,1
217,ACC000217,student,False,False,Mumbai,IN,full,1668902400,773,False,0.1722,134.58,0.874,0.2186,6628.53,0.568,-1,0.0,0,0,,,0,1
218,ACC000218,salary,False,False,Kochi,IN,full,1519344000,2504,False,0.1066,1477.91,1.068,0.0724,43807.94,0.5119,118,43263.53,6,0,,,0,1
219,ACC000219,salary,False,False,Kolkata,IN,full,1573689600,1875,False,0.3111,825.41,1.168,0.0779,172133.96,0.9648,1418,163841.0,4,0,,,0,1
220,ACC000220,salary,False,False,Delhi,IN,min,1479168000,2969,False,0.3166,728.02,1.141,0.086,99009.29,1.8374,1300,97756.86,7,0,,,0,1
221,ACC000221,salary,False,False,Delhi,IN,full,1434326400,3488,False,0.7305,3059.36,1.006,0.0588,73981.95,1.6016,958,67505.83,5,0,,,0,1
222,ACC000222,small_business,True,True,Mumbai,IN,full,1424649600,3600,False,1.2334,4091.89,1.071,0.0695,934069.47,2.3856,-1,0.0,0,0,,,0,1
223,ACC000223,merchant,True,True,Kochi,IN,full,1504569600,2675,False,3.5529,744.57,0.849,0.0915,2412015.29,11.3852,-1,0.0,0,0,,,0,0
224,ACC000224,merchant,True,True,Delhi,IN,full,1663718400,833,False,1.6544,1832.23,1.083,0.1243,7705175.94,39.0505,-1,0.0,0,0,,,0,0
225,ACC000225,salary,False,False,Kochi,IN,min,1471305600,3060,True,0.0079,3134.51,0.886,0.0796,124824.49,0.9857,338,110052.17,3,0,,,0,1
226,ACC000226,merchant,True,True,Delhi,IN,min,1399075200,3896,False,2.7664,2369.55,0.788,0.0938,4177030.1,29.8986,-1,0.0,0,0,,,0,0
227,ACC000227,freelancer,False,False,Delhi,IN,min,1563580800,1992,True,0.0129,1150.85,1.362,0.1798,223342.44,3.4807,-1,0.0,0,0,,,0,1
228,ACC000228,salary,False,False,Kolkata,IN,full,1404518400,3833,True,0.0161,2949.72,1.187,0.064,81966.39,0.7089,546,64195.92,7,1,mule,fan_in|fan_out,2,1
229,ACC000229,salary,False,False,Kolkata,IN,full,1471824000,3054,False,0.0976,1465.73,0.869,0.0687,240994.0,0.6406,314,195088.64,2,0,,,0,1
230,ACC000230,small_business,True,True,Delhi,IN,full,1561593600,2015,False,2.5562,9967.97,1.432,0.0221,2972352.84,6.6075,-1,0.0,0,0,,,0,1
231,ACC000231,salary,False,False,Bengaluru,IN,full,1398211200,3906,False,0.379,2511.83,1.004,0.0713,165247.4,3.0819,454,134545.47,5,0,,,0,1
232,ACC000232,small_business,True,True,Mumbai,IN,full,1510963200,2601,False,1.1375,2275.45,0.996,0.047,2046410.38,4.7712,-1,0.0,0,0,,,0,0
233,ACC000233,salary,False,False,Pune,IN,full,1630540800,1217,False,0.4552,1388.81,1.195,0.0625,75381.95,1.1418,941,65808.41,3,0,,,0,1
234,ACC000234,salary,False,False,Delhi,IN,full,1613520000,1414,False,0.3414,3044.16,1.24,0.0554,98920.44,1.1813,150,88771.86,6,0,,,0,0
235,ACC000235,investment,True,True,Ahmedabad,IN,min,1477094400,2993,False,0.0673,266952.13,1.387,0.0433,5109947.76,5.2004,-1,0.0,0,0,,,0,0
236,ACC000236,merchant,True,True,Hyderabad,IN,full,1527120000,2414,False,0.7182,3129.53,0.805,0.1349,5849604.76,25.0338,-1,0.0,0,0,,,0,0
237,ACC000237,salary,False,False,Delhi,IN,min,1731283200,51,False,0.5726,1389.63,0.947,0.0809,169165.54,0.583,714,131994.69,6,0,,,0,1
238,ACC000238,student,False,False,Ahmedabad,IN,min,1577318400,1833,False,0.3009,402.86,1.007,0.123,20495.49,0.6545,-1,0.0,0,0,,,0,0
239,ACC000239,merchant,True,True,Chennai,IN,min,1490486400,2838,False,3.559,2965.79,0.918,0.1388,8673671.69,83.7108,-1,0.0,0,0,,,0,0
240,ACC000240,salary,False,False,Jaipur,IN,full,1675209600,700,False,0.9619,2684.74,0.964,0.0723,124329.77,1.4679,794,100498.21,1,0,,,0,1
241,ACC000241,freelancer,False,False,Delhi,IN,full,1537920000,2289,False,0.3867,2792.08,1.149,0.1025,116107.39,2.7584,-1,0.0,0,0,,,0,1
242,ACC000242,salary,False,False,Kolkata,IN,full,1438819200,3436,False,0.9964,2564.88,0.865,0.0808,68833.02,0.3633,1466,57086.32,6,0,,,0,1
243,ACC000243,investment,True,True,Kolkata,IN,full,1622419200,1311,False,0.2471,1197145.01,1.256,0.0104,17029023.06,8.4282,-1,0.0,0,0,,,0,0
244,ACC000244,large_business,True,True,Mumbai,IN,full,1448755200,3321,False,3.3168,217488.31,1.291,0.0193,106538194.84,13.0855,-1,0.0,0,0,,,0,1
245,ACC000245,salary,False,False,Ahmedabad,IN,min,1489968000,2844,False,0.6355,2967.53,1.231,0.0489,145523.16,0.3866,8,131571.28,1,0,,,0,1
246,ACC000246,large_business,True,True,Kochi,IN,full,1445644800,3357,False,15.3931,308399.65,1.537,0.047,172852933.83,35.5923,-1,0.0,0,1,source,layering_chain|rapid_pass_through,2,0
247,ACC000247,small_business,True,True,Jaipur,IN,min,1636848000,1144,False,2.2176,16107.86,1.391,0.0634,3291703.91,2.5827,-1,0.0,0,0,,,0,0
248,ACC000248,household,False,False,Pune,IN,full,1433635200,3496,False,0.3828,450.03,1.148,0.0491,113433.13,2.7193,-1,0.0,0,0,,,0,1
249,ACC000249,large_business,True,True,Kolkata,IN,full,1636329600,1150,False,11.6584,172000.48,1.584,0.0312,37532462.85,10.8226,-1,0.0,0,0,,,0,0
250,ACC000250,salary,False,False,Jaipur,IN,full,1396742400,3923,False,0.3674,2357.55,1.204,0.0997,193505.24,1.4027,602,184454.08,4,0,,,0,1
251,ACC000251,small_business,True,True,Hyderabad,IN,full,1553644800,2107,False,1.9991,22109.11,1.401,0.0702,2183956.91,2.3274,-1,0.0,0,0,,,0,0
252,ACC000252,salary,False,False,Kolkata,IN,min,1711411200,281,False,0.1259,1841.96,1.085,0.0803,92245.16,0.5662,546,70238.33,4,0,,,0,0
253,ACC000253,small_business,True,True,Bengaluru,IN,min,1640044800,1107,False,1.0293,9390.89,1.424,0.0502,1514091.36,1.1769,-1,0.0,0,0,,,0,0
254,ACC000254,salary,False,False,Hyderabad,IN,min,1644537600,1055,False,0.2664,2391.55,0.871,0.091,121043.19,1.0647,36,113545.12,5,1,mule,fan_in|fan_out|mule_network,3,1
255,ACC000255,salary,False,False,Jaipur,IN,min,1569715200,1921,False,0.2719,2446.56,1.121,0.0691,169997.14,3.0798,264,169392.13,5,0,,,0,1
256,ACC000256,student,False,False,Pune,IN,min,1712707200,266,False,0.4234,592.49,0.78,0.0689,24221.11,0.7372,-1,0.0,0,0,,,0,1
257,ACC000257,salary,False,False,Ahmedabad,SG,full,1598486400,1588,False,0.1686,1645.73,1.204,0.0353,168726.43,1.2727,659,148121.26,5,0,,,0,0
258,ACC000258,student,False,False,Mumbai,IN,full,1514073600,2565,False,0.2655,250.48,0.869,0.2125,15747.58,1.8463,-1,0.0,0,0,,,0,0
259,ACC000259,freelancer,False,False,Bengaluru,IN,full,1583280000,1764,False,0.8685,2918.12,1.556,0.1079,395807.27,3.2783,-1,0.0,0,0,,,0,1
260,ACC000260,freelancer,False,False,Kochi,IN,full,1503705600,2685,False,0.4716,2506.42,1.27,0.101,66185.66,3.2582,-1,0.0,0,0,,,0,1
261,ACC000261,student,False,False,Kochi,IN,min,1491091200,2831,False,0.4885,773.26,1.041,0.0857,17060.03,0.3195,-1,0.0,0,0,,,0,1
262,ACC000262,salary,False,False,Kochi,IN,full,1487030400,2878,False,0.3424,1167.92,0.935,0.0941,153971.91,1.0059,270,145845.51,3,0,,,0,0
263,ACC000263,household,False,False,Bengaluru,IN,min,1700870400,403,False,0.2357,3110.85,0.876,0.0831,171755.97,1.4607,-1,0.0,0,0,,,0,0
264,ACC000264,small_business,True,True,Mumbai,IN,full,1618617600,1355,False,3.7959,21197.88,1.079,0.0647,3086276.91,11.3334,-1,0.0,0,0,,,0,0
265,ACC000265,small_business,True,True,Kochi,IN,full,1570924800,1907,False,2.4031,9479.92,1.437,0.0647,2589915.91,11.6612,-1,0.0,0,1,collector|intermediary,circular_flow|smurfing,2,0
266,ACC000266,household,False,False,Chennai,IN,full,1675296000,699,False,0.1942,2247.59,0.869,0.0516,188433.66,2.3589,-1,0.0,0,0,,,0,0
267,ACC000267,student,False,False,Hyderabad,IN,min,1624838400,1283,False,0.6136,619.32,1.016,0.069,9248.2,0.6055,-1,0.0,0,0,,,0,1
268,ACC000268,merchant,True,True,Mumbai,IN,full,1401753600,3865,False,5.9116,2680.76,1.002,0.0634,4190344.17,54.1817,-1,0.0,0,0,,,0,1
269,ACC000269,merchant,True,True,Hyderabad,IN,full,1442188800,3397,False,3.6538,409.63,0.98,0.0418,8552461.17,100.8982,-1,0.0,0,0,,,0,0
270,ACC000270,small_business,True,True,Pune,IN,min,1503014400,2693,False,1.5591,18291.03,1.283,0.0288,410422.78,6.9008,-1,0.0,0,0,,,0,0
271,ACC000271,salary,False,False,Kolkata,IN,min,1491696000,2824,False,0.4483,1836.17,1.075,0.0425,54284.56,0.6884,1292,54122.06,6,0,,,0,0
272,ACC000272,salary,False,False,Pune,IN,full,1497225600,2760,False,0.2317,3102.31,1.096,0.0203,235134.43,0.4728,339,230625.48,3,0,,,0,1
273,ACC000273,freelancer,False,False,Hyderabad,IN,full,1632441600,1195,False,0.3618,872.42,1.537,0.1326,305419.59,8.0757,-1,0.0,0,0,,,0,1
274,ACC000274,student,False,False,Kolkata,IN,full,1403654400,3843,False,0.1762,472.7,0.958,0.1505,8529.25,0.9025,-1,0.0,0,0,,,0,0
275,ACC000275,freelancer,False,False,Ahmedabad,IN,min,1655856000,924,True,0.0036,5509.91,1.215,0.1612,124248.57,2.4329,-1,0.0,0,0,,,0,1
276,ACC000276,student,False,False,Delhi,IN,full,1679011200,656,False,0.2838,764.07,0.855,0.1452,11802.68,1.5943,-1,0.0,0,0,,,0,1
277,ACC000277,salary,False,False,Mumbai,IN,full,1666915200,796,False,1.4625,2666.26,0.852,0.0349,155159.9,2.437,691,148184.29,3,0,,,0,0
278,ACC000278,salary,False,False,Hyderabad,IN,full,1599696000,1574,False,0.202,2337.0,0.926,0.0832,167246.5,1.1616,723,125488.84,6,0,,,0,1
279,ACC000279,freelancer,False,False,Ahmedabad,IN,min,1539734400,2268,True,0.0135,5450.92,1.177,0.0773,377565.93,1.6995,-1,0.0,0,0,,,0,1
280,ACC000280,small_business,True,True,Jaipur,IN,full,1445385600,3360,False,6.6097,12645.46,1.132,0.0214,3735072.46,2.4711,-1,0.0,0,0,,,0,0
281,ACC000281,freelancer,False,False,Kolkata,IN,full,1437782400,3448,False,0.2443,1504.69,1.438,0.0706,310963.35,1.0509,-1,0.0,0,0,,,0,0
282,ACC000282,salary,False,False,Delhi,IN,full,1595808000,1619,False,0.3798,3011.81,1.15,0.0325,99392.84,1.0791,714,91911.68,1,0,,,0,1
283,ACC000283,small_business,True,True,Chennai,IN,full,1407542400,3798,False,1.4393,23863.48,1.083,0.0409,2000587.57,2.6433,-1,0.0,0,0,,,0,0
284,ACC000284,merchant,True,True,Delhi,IN,full,1419465600,3660,False,1.8062,1871.88,0.977,0.1156,7271230.3,85.26,-1,0.0,0,0,,,0,0
285,ACC000285,household,False,False,Hyderabad,IN,full,1640822400,1098,False,0.3888,3540.37,1.122,0.0728,167331.23,1.2232,-1,0.0,0,0,,,0,1
286,ACC000286,freelancer,False,False,Pune,IN,min,1510185600,2610,False,0.077,827.25,1.575,0.1377,208006.28,3.8301,-1,0.0,0,0,,,0,0
287,ACC000287,household,False,False,Mumbai,IN,full,1627948800,1247,False,0.5377,1219.66,0.981,0.0639,167676.93,0.8181,-1,0.0,0,0,,,0,0
288,ACC000288,salary,False,False,Hyderabad,IN,min,1547683200,2176,False,0.308,610.4,1.043,0.0675,85129.58,0.6946,597,75960.96,1,0,,,0,1
289,ACC000289,salary,False,False,Pune,IN,full,1673740800,717,False,0.6287,3189.44,1.159,0.0558,244503.35,1.3385,90,238241.77,1,0,,,0,1
290,ACC000290,large_business,True,True,Ahmedabad,IN,full,1644883200,1051,False,5.1139,41353.67,1.559,0.0492,30461945.5,10.6458,-1,0.0,0,0,,,0,1
291,ACC000291,merchant,True,True,Jaipur,IN,full,1446163200,3351,False,5.2148,468.19,1.09,0.0505,1303084.52,88.557,-1,0.0,0,0,,,0,0
292,ACC000292,household,False,False,Delhi,IN,min,1613433600,1415,False,0.5526,2042.72,0.911,0.0595,161213.37,1.7322,-1,0.0,0,0,,,0,0
293,ACC000293,small_business,True,True,Kochi,IN,full,1520380800,2492,False,2.1038,2051.31,1.075,0.0761,1137609.55,2.3134,-1,0.0,0,0,,,0,1
294,ACC000294,salary,False,False,Pune,IN,full,1653264000,954,False,0.6079,879.2,1.176,0.0552,243194.85,3.2578,873,219682.78,6,0,,,0,1
295,ACC000295,salary,False,False,Delhi,IN,full,1556496000,2074,False,0.4581,2333.45,0.921,0.0829,197024.65,1.1151,226,180899.69,6,0,,,0,1
296,ACC000296,salary,False,False,Mumbai,IN,full,1488758400,2858,False,1.3675,3137.77,0.986,0.0348,216632.47,2.2706,42,203560.55,6,0,,,0,1
297,ACC000297,small_business,True,True,Kochi,IN,min,1558137600,2055,False,1.5736,14656.42,1.011,0.0785,1988463.23,6.88,-1,0.0,0,0,,,0,0
298,ACC000298,salary,False,False,Kolkata,IN,full,1440115200,3421,False,0.7377,1782.75,1.17,0.0221,35665.64,1.4337,763,27632.56,6,0,,,0,1
299,ACC000299,salary,False,False,Pune,IN,min,1673827200,716,False,0.3886,1104.42,1.092,0.0892,72014.93,2.4834,47,55188.35,5,0,,,0,1
300,ACC000300,student,False,False,Mumbai,IN,full,1689724800,532,False,0.2559,252.78,1.095,0.1536,22166.21,0.617,-1,0.0,0,0,,,0,1
301,ACC000301,student,False,False,Jaipur,IN,full,1503273600,2690,False,0.2288,369.47,0.878,0.0767,17173.08,0.4416,-1,0.0,0,1,mule,fan_in|fan_out|mule_network,5,1
302,ACC000302,salary,False,False,Chennai,IN,full,1721088000,169,False,0.172,3096.44,0.972,0.0699,193995.0,0.6793,1233,177717.4,5,0,,,0,1
303,ACC000303,household,False,False,Bengaluru,IN,min,1665619200,811,True,0.0265,1870.89,1.174,0.0634,87198.35,0.7695,-1,0.0,0,0,,,0,1
304,ACC000304,freelancer,False,False,Delhi,IN,min,1620691200,1331,False,0.5859,3711.72,1.265,0.141,138282.05,2.351,-1,0.0,0,0,,,0,1
305,ACC000305,small_business,True,True,Bengaluru,IN,full,1627344000,1254,False,0.5451,18637.0,1.205,0.0623,2736480.63,4.1765,-1,0.0,0,0,,,0,0
306,ACC000306,salary,False,False,Kochi,IN,full,1473206400,3038,False,0.4727,2376.58,1.165,0.0421,221665.33,1.1346,782,166476.49,2,0,,,0,1
307,ACC000307,household,False,False,Chennai,IN,min,1390867200,3991,False,0.281,750.7,0.907,0.0816,69768.09,0.4633,-1,0.0,0,0,,,0,1
308,ACC000308,salary,False,False,Delhi,IN,min,1652054400,968,False,0.647,1335.71,1.026,0.0756,81752.61,2.2619,656,71575.49,6,0,,,0,1
309,ACC000309,freelancer,False,False,Pune,IN,min,1401494400,3868,False,0.5245,561.44,1.555,0.1191,285138.31,1.5808,-1,0.0,0,1,intermediary,circular_flow,1,1
310,ACC000310,freelancer,False,False,Hyderabad,IN,min,1428364800,3557,False,0.4311,4311.51,1.581,0.0649,232085.81,2.0754,-1,0.0,0,0,,,0,0
311,ACC000311,small_business,True,True,Jaipur,IN,full,1495065600,2785,False,0.7513,22304.42,1.243,0.0389,3694806.0,3.0597,-1,0.0,0,0,,,0,0
312,ACC000312,salary,False,False,Kochi,IN,full,1599264000,1579,False,0.7066,2392.66,0.93,0.023,181897.42,1.4747,454,165410.32,7,0,,,0,0
313,ACC000313,salary,False,False,Delhi,IN,full,1528761600,2395,False,0.7887,2954.38,0.972,0.0832,56527.52,1.3358,1286,50325.94,7,0,,,0,1
314,ACC000314,small_business,True,True,Jaipur,IN,min,1475884800,3007,False,1.0025,23375.9,0.969,0.0588,2203884.04,3.2865,-1,0.0,0,0,,,0,0
315,ACC000315,salary,False,False,Chennai,IN,full,1499126400,2738,False,1.0978,2388.78,1.131,0.0355,65307.0,0.7514,1320,58226.06,7,0,,,0,0
316,ACC000316,salary,False,False,Bengaluru,IN,full,1429056000,3549,False,0.6445,1504.44,0.93,0.0478,74841.66,1.0628,762,65560.96,3,0,,,0,1
317,ACC000317,small_business,True,True,Ahmedabad,IN,full,1629504000,1229,False,1.1093,10783.21,1.307,0.0318,2801756.49,7.8628,-1,0.0,0,0,,,0,1
318,ACC000318,salary,False,False,Bengaluru,IN,full,1513728000,2569,False,0.0973,1119.66,1.064,0.0856,128047.31,1.1997,196,122445.05,4,0,,,0,1
319,ACC000319,student,False,False,Delhi,IN,full,1683072000,609,False,0.2282,481.87,0.891,0.095,9019.81,0.8309,-1,0.0,0,0,,,0,0
320,ACC000320,salary,False,False,Jaipur,IN,full,1498089600,2750,False,0.6835,1093.21,1.203,0.0526,58885.61,0.9108,232,45014.9,5,0,,,0,1
321,ACC000321,investment,True,True,Jaipur,IN,full,1585958400,1733,False,0.2867,699384.76,1.046,0.0416,23906129.0,6.8298,-1,0.0,0,0,,,0,0
322,ACC000322,freelancer,False,False,Jaipur,IN,min,1658620800,892,False,0.4365,5291.15,1.135,0.1103,210802.49,2.9784,-1,0.0,0,1,beneficiary|collector|destination|intermediary,circular_flow|fan_in|layering_chain|mule_network|rapid_pass_through,5,1
323,ACC000323,small_business,True,True,Kolkata,IN,full,1728172800,87,False,3.0133,20083.08,1.244,0.0572,961121.42,4.2899,-1,0.0,0,0,,,0,1
324,ACC000324,household,False,False,Pune,IN,min,1532476800,2352,False,0.4867,1336.81,0.923,0.0249,26374.58,1.1365,-1,0.0,0,0,,,0,1
325,ACC000325,small_business,True,True,Kolkata,IN,full,1459209600,3200,False,1.0983,14978.64,1.219,0.0455,1654234.64,2.4527,-1,0.0,0,0,,,0,0
326,ACC000326,small_business,True,True,Mumbai,IN,full,1520640000,2489,False,1.5335,17241.1,1.134,0.0442,3971173.13,6.0348,-1,0.0,0,0,,,0,0
327,ACC000327,freelancer,False,False,Mumbai,IN,full,1419638400,3658,False,0.4543,3633.92,1.496,0.1183,276652.66,1.8237,-1,0.0,0,0,,,0,1
328,ACC000328,student,False,False,Kochi,IN,full,1732579200,36,False,0.5727,591.72,1.089,0.1079,14983.2,0.911,-1,0.0,0,0,,,0,1
329,ACC000329,small_business,True,True,Delhi,IN,min,1519257600,2505,False,3.5293,16266.55,1.232,0.0333,726442.4,7.391,-1,0.0,0,0,,,0,0
330,ACC000330,salary,False,False,Ahmedabad,IN,min,1550016000,2149,False,0.1369,748.06,1.111,0.0688,137726.15,0.466,433,114732.7,3,0,,,0,1
331,ACC000331,student,False,False,Kolkata,IN,full,1722988800,147,False,0.4,668.05,1.093,0.1067,18152.91,0.8014,-1,0.0,0,1,mule,fan_in|fan_out,3,1
332,ACC000332,merchant,True,True,Hyderabad,IN,full,1552348800,2122,False,3.3268,2175.4,1.035,0.0797,6738218.77,45.5612,-1,0.0,0,0,,,0,0
333,ACC000333,merchant,True,True,Mumbai,IN,full,1539734400,2268,False,10.1101,3800.08,0.899,0.0416,8625511.8,51.7913,-1,0.0,0,0,,,0,1
334,ACC000334,salary,False,False,Mumbai,IN,full,1482969600,2925,False,0.4672,2606.16,1.153,0.0759,239697.33,1.4602,958,233962.34,2,0,,,0,1
335,ACC000335,salary,False,False,Jaipur,IN,full,1545350400,2203,False,0.6392,1657.03,1.01,0.0457,56485.83,1.139,1202,55618.46,3,0,,,0,1
336,ACC000336,salary,False,False,Kolkata,IN,full,1469750400,3078,False,0.3394,1903.46,1.172,0.0858,206732.88,0.5476,671,157002.35,5,0,,,0,1
337,ACC000337,salary,False,False,Hyderabad,IN,min,1514937600,2555,False,0.2833,2562.79,1.096,0.0821,239453.75,0.6002,656,192389.74,6,0,,,0,1
338,ACC000338,large_business,True,True,Chennai,IN,full,1643846400,1063,False,10.9352,304604.28,1.525,0.0535,116735497.29,15.7029,-1,0.0,0,0,,,0,0
339,ACC000339,merchant,True,True,Ahmedabad,IN,full,1526083200,2426,False,1.6992,3883.53,1.02,0.046,7847474.43,67.8992,-1,0.0,0,0,,,0,0
340,ACC000340,freelancer,False,False,Pune,IN,full,1461196800,3177,False,0.7954,1413.7,1.475,0.1263,315435.25,2.6872,-1,0.0,0,0,,,0,1
341,ACC000341,small_business,True,True,Kochi,IN,min,1614902400,1398,False,0.9815,11850.37,1.051,0.0671,1391249.41,11.591,-1,0.0,0,0,,,0,1
342,ACC000342,small_business,True,True,Kochi,IN,full,1422057600,3630,False,2.7591,3907.4,1.276,0.0321,3933378.37,5.6946,-1,0.0,0,0,,,0,1
343,ACC000343,freelancer,False,False,Chennai,IN,min,1674950400,703,False,0.1671,4964.87,1.085,0.1026,282467.39,5.2055,-1,0.0,0,0,,,0,1
344,ACC000344,small_business,True,True,Jaipur,IN,full,1606348800,1497,False,3.2822,8938.37,1.37,0.0257,1894966.16,11.058,-1,0.0,0,0,,,0,1
345,ACC000345,salary,False,False,Chennai,IN,full,1527120000,2414,False,1.2967,1488.48,1.044,0.0424,222073.58,0.9525,290,167134.37,7,0,,,0,1
346,ACC000346,merchant,True,True,Hyderabad,IN,min,1547337600,2180,False,1.5812,806.34,0.96,0.0337,8621166.39,54.1225,-1,0.0,0,0,,,0,0
347,ACC000347,salary,False,False,Ahmedabad,IN,full,1393459200,3961,False,0.21,2421.53,0.868,0.073,44640.57,1.0864,1253,43586.48,2,0,,,0,1
348,ACC000348,small_business,True,True,Mumbai,IN,min,1670630400,753,False,0.8262,21081.25,1.318,0.0208,2917569.77,7.6267,-1,0.0,0,0,,,0,0
349,ACC000349,salary,False,False,Bengaluru,IN,full,1588032000,1709,False,1.0954,1506.5,0.865,0.0808,79070.26,1.7781,434,59818.1,3,0,,,0,0
350,ACC000350,household,False,False,Bengaluru,IN,full,1503187200,2691,False,0.7111,3973.72,0.824,0.0577,121453.74,1.0023,-1,0.0,0,0,,,0,1
351,ACC000351,salary,False,False,Delhi,IN,full,1531699200,2361,False,0.457,2211.0,0.902,0.076,249618.97,0.4628,1164,245333.16,1,1,mule,fan_in|fan_out,7,1
352,ACC000352,small_business,True,True,Pune,IN,min,1412985600,3735,False,0.8949,4039.52,0.973,0.0606,1085751.09,12.0339,-1,0.0,0,0,,,0,0
353,ACC000353,student,False,False,Jaipur,IN,full,1503187200,2691,False,0.2405,139.34,1.051,0.1198,16694.05,0.7484,-1,0.0,0,0,,,0,0
354,ACC000354,student,False,False,Mumbai,IN,min,1729555200,71,False,0.4324,217.47,0.757,0.2023,10168.02,0.6972,-1,0.0,0,1,mule,fan_in|fan_out,7,1
355,ACC000355,student,False,False,Mumbai,IN,full,1521763200,2476,False,0.6157,647.99,1.002,0.1329,6424.88,0.7524,-1,0.0,0,0,,,0,1
356,ACC000356,small_business,True,True,Kolkata,IN,full,1645401600,1045,False,1.3318,24325.8,1.361,0.045,1217026.24,12.3464,-1,0.0,0,1,destination|intermediary,circular_flow|dormant_activation|layering_chain,4,0
357,ACC000357,salary,False,False,Hyderabad,IN,full,1642550400,1078,False,0.487,1350.23,1.202,0.0912,64949.22,1.3171,84,50975.63,1,0,,,0,0
358,ACC000358,freelancer,False,False,Chennai,IN,full,1704672000,359,False,0.0939,2449.31,1.16,0.059,239756.83,1.6468,-1,0.0,0,1,mule,fan_in|fan_out|smurfing,4,1
359,ACC000359,household,False,False,Delhi,IN,full,1697932800,437,False,0.747,3265.75,1.0,0.0471,71101.14,3.6439,-1,0.0,0,1,mule,fan_in|fan_out|mule_network,6,1
360,ACC000360,salary,False,False,Jaipur,IN,full,1407542400,3798,False,0.3844,668.3,1.248,0.0531,217292.97,0.4496,137,199428.86,4,0,,,0,1
361,ACC000361,student,False,False,Jaipur,IN,full,1637971200,1131,False,0.1051,623.44,0.87,0.098,14838.74,0.4881,-1,0.0,0,0,,,0,1
362,ACC000362,small_business,True,True,Kolkata,IN,full,1571097600,1905,False,0.7364,6547.78,1.354,0.0503,3071852.49,5.3615,-1,0.0,0,1,beneficiary|destination,mule_network|rapid_pass_through,2,0
363,ACC000363,salary,False,False,Kolkata,IN,full,1441670400,3403,False,0.3157,2839.81,1.111,0.0849,56875.78,0.8803,1397,45730.68,5,0,,,0,1
364,ACC000364,salary,False,False,Jaipur,IN,min,1455408000,3244,False,0.6045,894.16,0.858,0.0544,154696.38,2.0237,1093,120069.95,7,0,,,0,1
365,ACC000365,salary,False,False,Chennai,IN,full,1687392000,559,False,1.1145,1893.3,1.129,0.0846,159193.15,1.2724,758,133073.55,1,0,,,0,1
366,ACC000366,small_business,True,True,Jaipur,IN,full,1469577600,3080,False,1.1365,21153.82,1.164,0.0761,2457566.24,2.3755,-1,0.0,0,0,,,0,0
367,ACC000367,small_business,True,True,Kochi,IN,min,1486252800,2887,False,0.3843,18069.23,1.224,0.0793,1917018.04,10.1564,-1,0.0,0,0,,,0,0
368,ACC000368,small_business,True,True,Pune,IN,min,1669507200,766,False,2.3796,5044.16,1.111,0.0338,1568336.86,5.3417,-1,0.0,0,0,,,0,0
369,ACC000369,salary,False,False,Ahmedabad,IN,full,1623888000,1294,False,0.2679,1991.58,1.182,0.0365,222881.5,1.0295,607,186251.86,6,0,,,0,1
370,ACC000370,large_business,True,True,Ahmedabad,IN,full,1715299200,236,False,3.7867,261889.39,1.654,0.0438,192234527.58,2.3197,-1,0.0,0,1,source,rapid_pass_through,2,0
371,ACC000371,salary,False,False,Pune,IN,full,1649808000,994,False,1.2702,3079.94,1.015,0.0592,117228.55,0.903,1430,116882.14,3,1,mule,fan_in|fan_out,2,1
372,ACC000372,salary,False,False,Pune,IN,full,1639958400,1108,False,0.2872,1670.87,1.13,0.0682,54191.33,1.0544,611,41312.28,3,0,,,0,0
373,ACC000373,salary,False,False,Mumbai,IN,full,1422316800,3627,False,0.2465,2648.93,1.13,0.0778,63266.21,1.5635,924,61713.33,3,0,,,0,1
374,ACC000374,student,False,False,Ahmedabad,IN,full,1562371200,2006,True,0.003,139.64,1.073,0.0746,15756.87,0.8713,-1,0.0,0,0,,,0,0
375,ACC000375,student,False,False,Bengaluru,IN,full,1444089600,3375,False,0.3983,166.21,1.037,0.1872,7943.77,0.2454,-1,0.0,0,0,,,0,1
376,ACC000376,salary,False,False,Pune,HK,full,1495929600,2775,False,0.6933,2748.21,1.132,0.0449,52556.76,1.6053,399,48416.69,1,1,mule,fan_in|fan_out|mule_network|smurfing,7,1
377,ACC000377,salary,False,False,Pune,IN,full,1731110400,53,False,0.4974,1502.4,1.142,0.0734,238822.09,0.9157,145,211190.9,6,0,,,0,1
378,ACC000378,salary,False,False,Delhi,IN,full,1701475200,396,False,0.147,2513.72,1.051,0.022,119831.62,0.4142,779,106084.53,1,0,,,0,1
379,ACC000379,salary,False,False,Chennai,IN,full,1675555200,696,False,0.6102,2991.65,0.876,0.0741,218574.01,4.1808,754,172258.59,1,0,,,0,1
380,ACC000380,salary,False,False,Hyderabad,IN,full,1490572800,2837,False,0.3197,987.1,0.889,0.0491,107064.3,1.7476,796,100651.59,7,0,,,0,1
381,ACC000381,student,False,False,Pune,IN,min,1515542400,2548,True,0.0082,224.96,0.789,0.0623,6394.59,0.224,-1,0.0,0,0,,,0,1
382,ACC000382,freelancer,False,False,Bengaluru,IN,min,1613433600,1415,False,0.5228,3162.27,1.199,0.179,243702.85,2.8468,-1,0.0,0,0,,,0,1
383,ACC000383,small_business,True,True,Mumbai,IN,full,1485820800,2892,False,0.837,3442.79,0.996,0.0584,3345961.89,2.8794,-1,0.0,0,0,,,0,1
384,ACC000384,merchant,True,True,Kochi,IN,full,1498348800,2747,False,3.7117,701.71,0.776,0.1063,7040836.04,58.5041,-1,0.0,0,0,,,0,0
385,ACC000385,salary,False,False,Delhi,IN,full,1435795200,3471,False,0.787,1325.13,0.968,0.0557,205912.8,0.7892,1363,161172.37,1,0,,,0,0
386,ACC000386,salary,False,False,Hyderabad,IN,full,1447286400,3338,False,0.4955,2497.93,0.893,0.0664,153925.76,0.6858,1198,137978.24,2,0,,,0,1
387,ACC000387,household,False,False,Chennai,IN,full,1516752000,2534,False,0.7719,1260.51,1.083,0.0273,131436.71,2.3474,-1,0.0,0,0,,,0,0
388,ACC000388,student,False,False,Jaipur,IN,min,1461628800,3172,False,0.1606,569.01,1.017,0.1868,10652.13,0.3258,-1,0.0,0,0,,,0,1
389,ACC000389,salary,False,False,Kochi,IN,full,1441756800,3402,False,0.6353,2881.88,1.009,0.063,76400.05,0.6372,1127,58851.79,7,0,,,0,1
390,ACC000390,salary,False,False,Bengaluru,MY,full,1670025600,760,False,0.1751,2066.54,1.05,0.0624,168591.7,2.1902,80,145103.03,4,1,intermediary|mule,fan_in|fan_out|layering_chain|mule_network,6,1
391,ACC000391,large_business,True,True,Jaipur,IN,min,1465948800,3122,False,4.8915,121462.58,1.146,0.048,93216338.52,43.5298,-1,0.0,0,0,,,0,0
392,ACC000392,salary,False,False,Mumbai,IN,min,1444953600,3365,False,0.1592,977.53,0.907,0.0415,113145.38,1.6025,424,98625.8,7,0,,,0,1
393,ACC000393,salary,False,False,Delhi,IN,full,1642291200,1081,False,0.5415,2899.23,1.178,0.0255,61943.54,2.1847,329,52152.28,1,0,,,0,1
394,ACC000394,salary,False,False,Kochi,IN,min,1525392000,2434,False,0.4002,3473.39,1.079,0.0506,142130.97,0.1481,1023,121337.95,6,0,,,0,1
395,ACC000395,freelancer,False,False,Jaipur,IN,full,1623974400,1293,False,0.1226,5770.01,1.415,0.1478,110847.99,5.6539,-1,0.0,0,0,,,0,0
396,ACC000396,salary,False,False,Delhi,IN,min,1595808000,1619,False,0.6964,1111.54,0.863,0.0451,104405.33,1.0771,75,82584.35,1,0,,,0,1
397,ACC000397,merchant,True,True,Kochi,IN,min,1627948800,1247,False,4.4442,3666.35,1.044,0.0546,4859269.55,42.9161,-1,0.0,0,0,,,0,0
398,ACC000398,salary,False,False,Kochi,IN,full,1688342400,548,False,0.4517,657.47,0.885,0.0836,53910.33,0.7503,290,45014.72,5,0,,,0,1
399,ACC000399,large_business,True,True,Kolkata,IN,min,1549324800,2157,False,8.2732,338150.28,1.183,0.042,99274609.23,11.4607,-1,0.0,0,0,,,0,1
400,ACC000400,salary,False,False,Delhi,IN,full,1655078400,933,False,0.2577,1434.7,0.881,0.0379,185070.95,1.4287,251,171664.57,7,0,,,0,1
401,ACC000401,salary,False,False,Hyderabad,IN,full,1731024000,54,False,0.8808,1644.12,1.047,0.0433,66557.38,1.0779,995,53512.95,1,0,,,0,1
402,ACC000402,salary,False,False,Jaipur,IN,full,1429228800,3547,False,0.4131,1098.7,1.044,0.0485,101699.71,0.8415,182,81766.79,4,0,,,0,1
403,ACC000403,student,False,False,Kochi,IN,full,1632096000,1199,False,0.4843,327.69,0.768,0.104,8825.5,1.0627,-1,0.0,0,0,,,0,0
404,ACC000404,student,False,False,Kochi,IN,full,1719014400,193,True,0.0072,178.99,0.824,0.1941,20495.29,0.7072,-1,0.0,0,0,,,0,1
405,ACC000405,salary,False,False,Pune,IN,full,1529798400,2383,False,0.4794,1043.51,1.129,0.0873,139647.19,0.7051,564,130624.65,4,0,,,0,1
406,ACC000406,student,False,False,Pune,IN,full,1715299200,236,False,0.5361,194.8,0.908,0.1863,18028.05,0.4614,-1,0.0,0,0,,,0,1
407,ACC000407,small_business,True,True,Ahmedabad,IN,full,1578787200,1816,False,0.7276,7776.56,1.299,0.0535,2738996.78,26.6901,-1,0.0,0,0,,,0,0
408,ACC000408,salary,False,False,Hyderabad,IN,full,1439164800,3432,False,0.6248,2690.3,1.142,0.0973,171650.27,0.151,338,147194.8,7,0,,,0,1
409,ACC000409,salary,False,False,Delhi,IN,min,1466467200,3116,True,0.023,3436.5,1.203,0.0725,35229.97,0.8319,1023,27504.09,6,0,,,0,1
410,ACC000410,salary,False,False,Ahmedabad,IN,full,1599955200,1571,False,0.2383,2499.21,1.047,0.049,50877.88,1.3629,33,43204.84,7,0,,,0,1
411,ACC000411,small_business,True,True,Kolkata,IN,full,1426291200,3581,False,2.6439,20352.81,1.317,0.0563,704782.47,3.58,-1,0.0,0,0,,,0,1
412,ACC000412,salary,False,False,Kolkata,IN,full,1515369600,2550,False,0.3746,2027.1,1.134,0.0953,165298.78,0.6015,367,149262.71,2,0,,,0,1
413,ACC000413,salary,False,False,Jaipur,IN,full,1606608000,1494,False,0.722,2488.66,0.923,0.0497,68866.74,0.4581,604,68398.28,7,0,,,0,1
414,ACC000414,salary,False,False,Ahmedabad,IN,full,1711411200,281,False,0.8513,2940.83,1.069,0.0595,43208.97,1.5731,642,33117.83,2,0,,,0,1
415,ACC000415,salary,False,False,Kochi,IN,full,1619568000,1344,False,0.8547,1562.75,0.892,0.0458,55127.57,1.5443,143,41587.57,3,0,,,0,1
416,ACC000416,salary,False,False,Kochi,IN,full,1721520000,164,False,0.4323,2323.25,0.921,0.0854,91836.31,1.3633,342,75656.5,7,0,,,0,1
417,ACC000417,salary,False,False,Jaipur,IN,full,1682380800,617,False,0.6845,3216.56,1.017,0.081,175833.79,1.0623,1226,141006.65,1,0,,,0,1
418,ACC000418,salary,False,False,Mumbai,IN,full,1670630400,753,False,0.2558,2215.1,0.859,0.0364,50679.1,1.0424,78,45091.21,6,0,,,0,1
419,ACC000419,student,False,False,Jaipur,IN,min,1641945600,1085,False,0.6237,276.01,1.025,0.0903,15943.53,1.1831,-1,0.0,0,0,,,0,1
420,ACC000420,salary,False,False,Hyderabad,IN,full,1414195200,3721,False,0.253,1612.98,1.037,0.0552,201417.41,0.7247,1171,170734.08,2,0,,,0,1
421,ACC000421,small_business,True,True,Pune,IN,full,1478390400,2978,False,1.0061,15795.44,1.29,0.0704,3118996.6,6.1835,-1,0.0,0,0,,,0,0
422,ACC000422,student,False,False,Kochi,IN,full,1417219200,3686,False,0.3912,798.65,0.958,0.1951,18549.49,2.1796,-1,0.0,0,0,,,0,0
423,ACC000423,salary,False,False,Chennai,IN,full,1719360000,189,False,0.6571,3341.27,0.957,0.0823,49991.98,1.5772,548,48926.91,1,0,,,0,1
424,ACC000424,large_business,True,True,Delhi,IN,full,1438128000,3444,False,10.5001,224423.03,1.347,0.0571,219776163.96,13.9392,-1,0.0,0,0,,,0,1
425,ACC000425,salary,False,False,Bengaluru,IN,min,1694044800,482,False,0.7561,2660.32,1.047,0.0885,113652.22,0.9574,781,102095.23,3,0,,,0,1
426,ACC000426,merchant,True,True,Kolkata,IN,full,1519862400,2498,False,4.0788,1325.75,0.953,0.1325,4054199.5,100.8782,-1,0.0,0,0,,,0,0
427,ACC000427,student,False,False,Ahmedabad,IN,full,1667779200,786,False,0.2976,232.59,0.878,0.1295,6829.59,0.3238,-1,0.0,0,0,,,0,1
428,ACC000428,student,False,False,Ahmedabad,IN,full,1440115200,3421,False,0.3682,873.61,0.832,0.1759,8773.41,0.6341,-1,0.0,0,0,,,0,1
429,ACC000429,salary,False,False,Delhi,IN,full,1461715200,3171,False,0.5232,1976.14,0.973,0.0214,152829.32,0.2179,76,127916.9,2,0,,,0,1
430,ACC000430,small_business,True,True,Bengaluru,IN,full,1538092800,2287,False,1.8904,18325.13,1.134,0.023,2148187.59,12.8592,-1,0.0,0,0,,,0,0
431,ACC000431,salary,False,False,Kochi,IN,full,1563321600,1995,False,0.9366,632.33,0.971,0.0967,76298.1,1.1469,399,68861.76,1,0,,,0,0
432,ACC000432,small_business,True,True,Ahmedabad,IN,full,1451952000,3284,False,1.7738,7200.22,1.292,0.0795,1137508.42,6.504,-1,0.0,0,0,,,0,0
433,ACC000433,small_business,True,True,Bengaluru,IN,full,1569888000,1919,False,1.1379,13278.85,1.39,0.0626,1522524.71,2.3561,-1,0.0,0,0,,,0,0
434,ACC000434,small_business,True,True,Jaipur,IN,min,1410480000,3764,True,0.0854,2376.7,1.169,0.0232,2272495.29,2.244,-1,0.0,0,0,,,0,0
435,ACC000435,household,False,False,Chennai,IN,full,1652486400,963,False,0.3559,632.56,0.97,0.0513,157457.2,0.8792,-1,0.0,0,0,,,0,1
436,ACC000436,merchant,True,True,Chennai,IN,min,1393459200,3961,False,5.929,1058.08,1.03,0.1027,1859344.17,55.336,-1,0.0,0,0,,,0,0
437,ACC000437,salary,False,False,Kolkata,IN,min,1609372800,1462,False,0.239,1584.88,0.975,0.0558,177220.1,0.6174,486,149340.36,2,0,,,0,1
438,ACC000438,household,False,False,Ahmedabad,IN,min,1608422400,1473,True,0.0166,3324.41,0.907,0.0722,40249.8,1.3507,-1,0.0,0,0,,,0,0
439,ACC000439,salary,False,False,Jaipur,IN,full,1520467200,2491,False,0.3818,883.74,0.984,0.0558,101075.02,0.9721,1023,90323.19,6,1,mule,fan_out,1,1
440,ACC000440,salary,False,False,Kochi,IN,min,1634601600,1170,False,1.2311,2728.49,0.968,0.0817,178547.2,0.3251,436,157306.41,2,0,,,0,1
441,ACC000441,small_business,True,True,Ahmedabad,IN,min,1470614400,3068,False,2.4013,21766.79,1.218,0.0495,948684.61,9.0674,-1,0.0,0,0,,,0,0
442,ACC000442,small_business,True,True,Mumbai,IN,min,1399161600,3895,False,1.1794,4202.29,1.311,0.0568,3847893.99,12.5878,-1,0.0,0,0,,,0,0
443,ACC000443,salary,False,False,Chennai,IN,full,1512950400,2578,False,0.8386,2395.23,1.203,0.0773,127220.72,1.351,96,118184.47,1,0,,,0,0
444,ACC000444,household,False,False,Kochi,IN,full,1474502400,3023,False,0.5117,826.41,1.052,0.0893,184029.79,1.3587,-1,0.0,0,0,,,0,1
445,ACC000445,salary,False,False,Chennai,IN,min,1545177600,2205,False,0.5573,1967.7,1.126,0.0815,230135.35,0.251,366,200097.48,5,0,,,0,1
446,ACC000446,salary,False,False,Kochi,IN,full,1582848000,1769,False,0.4751,2071.24,1.116,0.0375,188784.94,1.3922,244,185600.09,3,1,mule,fan_in|fan_out,3,0
447,ACC000447,freelancer,False,False,Mumbai,IN,min,1584316800,1752,False,1.0128,4491.96,1.476,0.1052,29029.94,2.86,-1,0.0,0,0,,,0,1
448,ACC000448,salary,False,False,Mumbai,IN,min,1391904000,3979,False,0.2946,3439.25,1.023,0.0218,73995.14,1.5876,284,71733.37,7,0,,,0,1
449,ACC000449,salary,False,False,Ahmedabad,IN,full,1421539200,3636,False,0.7331,1983.41,1.121,0.0878,193082.4,0.8973,861,155836.97,3,0,,,0,1
450,ACC000450,student,False,False,Pune,IN,min,1586822400,1723,False,0.2678,524.25,1.044,0.0806,5031.75,0.3729,-1,0.0,0,1,mule,fan_in|fan_out,5,0
451,ACC000451,salary,False,False,Chennai,IN,full,1489536000,2849,False,0.1269,1447.14,1.177,0.0267,96553.26,1.7414,290,88859.92,4,0,,,0,0
452,ACC000452,salary,False,False,Pune,IN,full,1731628800,47,False,0.3629,1280.76,0.887,0.0207,245580.05,0.5065,424,200618.15,2,0,,,0,1
453,ACC000453,salary,False,False,Jaipur,IN,full,1469664000,3079,False,0.1588,1894.2,1.191,0.0441,200411.02,0.9852,789,152315.47,1,0,,,0,1
454,ACC000454,large_business,True,True,Kolkata,IN,full,1488585600,2860,False,2.1002,127368.78,1.1,0.0183,127479973.24,21.1739,-1,0.0,0,1,source,fan_out|layering_chain,2,1
455,ACC000455,small_business,True,True,Pune,IN,min,1498521600,2745,False,1.5058,22389.29,1.411,0.0695,2320904.48,6.9147,-1,0.0,0,0,,,0,0
456,ACC000456,salary,False,False,Bengaluru,IN,min,1391472000,3984,True,0.0051,1092.98,1.049,0.0509,233416.66,0.1989,699,227674.02,6,0,,,0,1
457,ACC000457,student,False,False,Kolkata,IN,full,1680134400,643,False,0.2963,766.19,1.091,0.1534,23478.95,0.6634,-1,0.0,0,0,,,0,0
458,ACC000458,small_business,True,True,Ahmedabad,IN,full,1620518400,1333,False,3.3217,4978.94,1.394,0.0363,703974.25,5.3412,-1,0.0,0,0,,,0,0
459,ACC000459,salary,False,False,Pune,IN,full,1688688000,544,False,0.1687,2212.09,1.076,0.022,173065.33,0.467,1389,165797.61,7,0,,,0,1
460,ACC000460,salary,False,False,Chennai,IN,full,1537747200,2291,False,0.7296,2108.97,0.934,0.096,202696.38,1.4657,1325,169544.14,6,0,,,0,1
461,ACC000461,salary,False,False,Mumbai,IN,full,1402617600,3855,False,1.0263,2894.2,0.99,0.0635,236527.11,0.4196,1191,212111.08,3,0,,,0,1
462,ACC000462,salary,False,False,Kolkata,IN,full,1665273600,815,False,0.857,2901.22,1.154,0.0395,95074.26,0.7057,951,71901.79,5,0,,,0,1
463,ACC000463,small_business,True,True,Pune,IN,full,1714262400,248,False,1.9679,16345.84,1.143,0.056,1511517.32,2.7835,-1,0.0,0,0,,,0,0
464,ACC000464,salary,False,False,Chennai,IN,min,1430956800,3527,False,0.7314,1323.56,0.996,0.0744,130774.27,1.8342,67,125047.85,4,0,,,0,1
465,ACC000465,household,False,False,Jaipur,IN,full,1608163200,1476,False,0.3634,424.71,0.941,0.0359,114902.96,1.2783,-1,0.0,0,0,,,0,1
466,ACC000466,salary,False,False,Bengaluru,IN,min,1566086400,1963,False,0.7433,3196.33,0.996,0.0334,167172.17,0.7844,1152,154524.39,3,0,,,0,0
467,ACC000467,salary,False,False,Bengaluru,IN,full,1512345600,2585,False,0.7044,2219.44,0.894,0.0591,155025.86,0.307,906,123615.32,4,0,,,0,0
468,ACC000468,salary,False,False,Kochi,IN,min,1653609600,950,False,0.4634,1387.07,0.895,0.0558,152932.73,1.0658,1239,140960.9,4,0,,,0,1
469,ACC000469,small_business,True,True,Bengaluru,IN,min,1675814400,693,False,2.583,9714.51,1.313,0.0585,3100400.21,5.4326,-1,0.0,0,0,,,0,1
470,ACC000470,small_business,True,True,Ahmedabad,IN,min,1594425600,1635,False,0.7184,6781.33,1.269,0.0742,1532818.67,3.6508,-1,0.0,0,1,intermediary,circular_flow,1,0
471,ACC000471,salary,False,False,Pune,IN,min,1619395200,1346,False,0.292,1397.14,1.043,0.0493,191077.99,1.0934,348,150044.58,7,0,,,0,1
472,ACC000472,small_business,True,True,Kolkata,IN,full,1655164800,932,False,1.1324,2957.1,1.287,0.0652,1427174.53,4.9984,-1,0.0,0,0,,,0,1
473,ACC000473,student,False,False,Mumbai,IN,full,1408579200,3786,False,0.3339,778.31,0.987,0.2059,4345.73,1.2671,-1,0.0,0,0,,,0,0
474,ACC000474,salary,False,False,Mumbai,IN,full,1575072000,1859,False,0.2426,2828.2,1.084,0.0368,173944.02,1.6962,558,142560.66,5,0,,,0,1
475,ACC000475,household,False,False,Ahmedabad,IN,full,1487548800,2872,False,0.219,3472.8,1.035,0.0373,197369.1,1.1253,-1,0.0,0,0,,,0,0
476,ACC000476,student,False,False,Ahmedabad,IN,full,1470355200,3071,False,0.5054,416.52,0.838,0.1476,7308.23,2.6267,-1,0.0,0,0,,,0,0
477,ACC000477,salary,False,False,Chennai,IN,min,1626912000,1259,False,0.6638,1685.62,1.248,0.0804,187406.42,1.3094,1153,140657.17,7,0,,,0,1
478,ACC000478,small_business,True,True,Ahmedabad,IN,full,1723420800,142,False,0.6457,22516.98,1.31,0.0668,1224365.98,5.3061,-1,0.0,0,0,,,0,1
479,ACC000479,freelancer,False,False,Hyderabad,IN,full,1714435200,246,False,0.5617,5095.23,1.059,0.0699,398088.85,2.5304,-1,0.0,0,0,,,0,0
480,ACC000480,salary,False,False,Ahmedabad,IN,full,1656633600,915,False,0.4627,765.58,0.947,0.0487,117039.4,0.535,1208,104902.59,5,0,,,0,1
481,ACC000481,household,False,False,Hyderabad,IN,full,1508457600,2630,False,0.3925,1236.48,0.983,0.0235,95837.02,1.6598,-1,0.0,0,0,,,0,0
482,ACC000482,freelancer,False,False,Jaipur,IN,full,1652486400,963,False,0.2443,2238.67,1.506,0.136,111420.59,1.0718,-1,0.0,0,1,mule,fan_in|fan_out,4,1
483,ACC000483,household,False,False,Mumbai,IN,full,1535414400,2318,False,0.1483,1530.06,0.914,0.0536,69595.63,1.4442,-1,0.0,0,0,,,0,1
484,ACC000484,household,False,False,Hyderabad,IN,full,1408838400,3783,False,0.5488,3256.14,0.849,0.0893,125932.82,3.6492,-1,0.0,0,0,,,0,1
485,ACC000485,household,False,False,Jaipur,IN,full,1530921600,2370,False,0.1852,910.95,1.152,0.0581,198265.33,0.7526,-1,0.0,0,1,mule,mule_network,1,0
486,ACC000486,merchant,True,True,Kolkata,IN,min,1643932800,1062,False,3.5037,661.39,0.824,0.1204,7316963.23,21.4168,-1,0.0,0,0,,,0,0
487,ACC000487,household,False,False,Ahmedabad,IN,full,1458518400,3208,False,0.2971,2604.33,1.152,0.0305,193626.31,6.2331,-1,0.0,0,0,,,0,1
488,ACC000488,student,False,False,Bengaluru,IN,full,1447545600,3335,False,0.1169,242.17,0.892,0.163,19115.71,0.3297,-1,0.0,0,1,mule|transit,fan_in|rapid_pass_through,2,0
489,ACC000489,household,False,False,Jaipur,IN,full,1452988800,3272,False,0.2134,815.27,0.821,0.0514,79801.91,1.5884,-1,0.0,0,0,,,0,0
490,ACC000490,freelancer,False,False,Jaipur,IN,min,1413590400,3728,False,0.2695,1806.43,1.434,0.1663,54976.58,7.5471,-1,0.0,0,0,,,0,1
491,ACC000491,salary,False,False,Ahmedabad,IN,full,1691366400,513,False,1.0195,1580.3,1.055,0.0814,108376.43,0.9506,849,108347.35,1,0,,,0,1
492,ACC000492,salary,False,False,Mumbai,IN,full,1394582400,3948,False,0.6889,2632.31,1.21,0.0941,234543.54,3.8069,223,197303.91,3,0,,,0,1
493,ACC000493,small_business,True,True,Hyderabad,IN,full,1487116800,2877,False,0.6489,10566.83,1.249,0.0464,1666744.28,5.2187,-1,0.0,0,0,,,0,0
494,ACC000494,merchant,True,True,Delhi,IN,full,1613347200,1416,False,8.1217,2705.32,0.856,0.1022,1918680.03,46.1145,-1,0.0,0,0,,,0,0
495,ACC000495,salary,False,False,Chennai,IN,full,1466640000,3114,False,0.8708,1417.83,1.244,0.0326,177498.08,2.5714,779,159680.25,2,0,,,0,0
496,ACC000496,salary,False,False,Chennai,IN,full,1452038400,3283,False,0.2787,1523.41,0.966,0.0833,160047.0,0.4699,681,133700.0,3,0,,,0,1
497,ACC000497,freelancer,False,False,Bengaluru,IN,full,1630800000,1214,False,0.2484,5302.3,1.471,0.0824,311532.17,3.6669,-1,0.0,0,0,,,0,1
498,ACC000498,salary,False,False,Kochi,IN,full,1452643200,3276,False,0.5813,3030.79,1.105,0.0995,138568.8,0.6753,1032,112191.14,4,1,intermediary|mule,fan_in|fan_out|layering_chain,9,1
499,ACC000499,salary,False,False,Ahmedabad,IN,full,1498867200,2741,False,0.1549,1969.63,0.878,0.0909,107943.87,2.0038,1300,95634.07,4,0,,,0,1
500,ACC000500,merchant,True,True,Kolkata,IN,min,1585094400,1743,False,2.8454,1137.18,0.8,0.0738,1886730.46,120.8572,-1,0.0,0,0,,,0,1
501,ACC000501,student,False,False,Ahmedabad,IN,full,1672876800,727,False,0.1266,428.02,1.07,0.0818,9607.42,1.0066,-1,0.0,0,0,,,0,1
502,ACC000502,freelancer,False,False,Chennai,IN,min,1569196800,1927,False,0.3418,2755.21,1.397,0.0871,388958.78,2.5782,-1,0.0,0,0,,,0,0
503,ACC000503,salary,False,False,Ahmedabad,IN,min,1587340800,1717,False,0.1554,668.85,0.975,0.0915,50878.06,0.5452,1153,38354.14,5,0,,,0,0
504,ACC000504,student,False,False,Bengaluru,IN,full,1393286400,3963,False,0.0733,187.7,1.082,0.1482,10819.71,1.308,-1,0.0,0,0,,,0,0
505,ACC000505,salary,False,False,Pune,IN,full,1497916800,2752,False,0.2417,3190.54,1.235,0.0468,84464.23,0.7766,1247,83191.62,7,0,,,0,0
506,ACC000506,student,False,False,Pune,IN,full,1502668800,2697,False,0.2996,638.85,0.868,0.1477,15058.69,0.7568,-1,0.0,0,0,,,0,0
507,ACC000507,student,False,False,Jaipur,IN,full,1431907200,3516,False,0.3813,413.41,0.92,0.1236,14167.14,0.5282,-1,0.0,0,0,,,0,1
508,ACC000508,small_business,True,True,Delhi,IN,full,1504828800,2672,False,2.8826,2498.35,1.374,0.0567,222598.42,5.1219,-1,0.0,0,0,,,0,0
509,ACC000509,small_business,True,True,Mumbai,IN,full,1677801600,670,False,1.3717,5727.24,1.05,0.042,370794.39,8.9405,-1,0.0,0,0,,,0,0
510,ACC000510,household,False,False,Delhi,IN,full,1402012800,3862,False,0.268,727.79,0.902,0.0254,72501.84,2.3595,-1,0.0,0,0,,,0,0
511,ACC000511,household,False,False,Jaipur,IN,full,1621728000,1319,False,0.4661,1321.32,1.161,0.0376,68057.2,3.6073,-1,0.0,0,1,mule,fan_out|smurfing,2,0
512,ACC000512,merchant,True,True,Kolkata,IN,full,1694131200,481,False,8.2082,449.74,0.823,0.0451,7117982.63,106.7622,-1,0.0,0,0,,,0,0
513,ACC000513,student,False,False,Hyderabad,IN,full,1574208000,1869,False,0.2207,204.35,0.988,0.1139,19060.94,0.6585,-1,0.0,0,0,,,0,0
514,ACC000514,small_business,True,True,Mumbai,IN,min,1689552000,534,True,0.039,7869.24,1.017,0.0353,2924694.1,7.7115,-1,0.0,0,0,,,0,0
515,ACC000515,salary,False,False,Kolkata,IN,full,1435449600,3475,False,0.854,1898.85,1.207,0.0802,221614.58,0.7596,156,193724.62,1,0,,,0,1
516,ACC000516,salary,False,False,Bengaluru,IN,full,1563235200,1996,False,0.3738,2120.36,0.884,0.1,102563.02,0.7018,165,89315.39,5,0,,,0,1
517,ACC000517,salary,False,False,Hyderabad,IN,full,1612569600,1425,False,0.5225,3383.29,1.162,0.0659,101115.27,0.6246,526,86034.12,7,0,,,0,1
518,ACC000518,merchant,True,True,Ahmedabad,IN,min,1623628800,1297,False,0.865,1066.46,1.009,0.0544,6603195.91,46.4635,-1,0.0,0,0,,,0,0
519,ACC000519,student,False,False,Bengaluru,IN,full,1462492800,3162,False,0.0957,769.53,1.047,0.1891,22075.3,1.343,-1,0.0,0,1,mule,fan_in|fan_out,4,1
520,ACC000520,household,False,False,Mumbai,IN,min,1445731200,3356,False,0.3061,3278.38,0.805,0.0846,96433.64,0.9202,-1,0.0,0,0,,,0,0
521,ACC000521,student,False,False,Jaipur,IN,full,1480550400,2953,False,0.0755,892.19,1.095,0.153,11639.69,0.3656,-1,0.0,0,0,,,0,1
522,ACC000522,salary,False,False,Kochi,IN,full,1530489600,2375,False,0.3847,2079.66,0.976,0.0562,194393.64,0.6865,82,159480.06,5,0,,,0,1
523,ACC000523,merchant,True,True,Kochi,IN,full,1575417600,1855,False,1.3346,3133.93,0.82,0.0598,7863466.75,99.3908,-1,0.0,0,0,,,0,0
524,ACC000524,salary,False,False,Bengaluru,IN,full,1635724800,1157,False,0.9092,2865.93,0.96,0.0204,58724.48,1.9107,1197,46468.79,7,0,,,0,1
525,ACC000525,salary,False,False,Kochi,IN,full,1527465600,2410,False,0.1743,979.79,1.069,0.0767,98035.05,0.4049,849,93121.31,6,1,intermediary|mule,fan_in|layering_chain|mule_network|smurfing,4,1
526,ACC000526,small_business,True,True,Delhi,IN,full,1641340800,1092,False,2.5769,8955.8,1.054,0.0571,2797833.43,2.324,-1,0.0,0,0,,,0,0
527,ACC000527,salary,False,False,Pune,IN,min,1691971200,506,False,0.5512,2412.63,1.22,0.0949,211967.36,0.6211,164,166272.16,1,0,,,0,0
528,ACC000528,salary,False,False,Bengaluru,IN,full,1523836800,2452,False,0.1472,823.25,1.193,0.0985,114914.33,0.982,861,112795.88,1,0,,,0,1
529,ACC000529,household,False,False,Kochi,IN,full,1450742400,3298,False,0.5653,923.91,1.119,0.0402,83896.14,0.9689,-1,0.0,0,0,,,0,1
530,ACC000530,salary,False,False,Kochi,IN,full,1683676800,602,False,0.347,2478.41,1.028,0.0894,208388.11,1.2403,604,192082.74,2,0,,,0,1
531,ACC000531,salary,False,False,Pune,IN,full,1551225600,2135,False,0.2788,3111.57,1.236,0.0834,122709.74,3.6098,701,118926.84,4,0,,,0,1
532,ACC000532,salary,False,False,Jaipur,IN,full,1653436800,952,False,0.3785,1713.99,1.05,0.0712,69526.86,1.4004,671,65041.56,7,0,,,0,1
533,ACC000533,small_business,True,True,Hyderabad,IN,min,1419379200,3661,False,3.5273,22398.67,1.11,0.0552,2724589.44,4.1071,-1,0.0,0,0,,,0,0
534,ACC000534,salary,False,False,Delhi,IN,min,1713398400,258,False,0.4902,1605.32,1.171,0.0251,235989.02,3.101,671,220835.95,2,1,mule,fan_in|mule_network,2,1
535,ACC000535,freelancer,False,False,Hyderabad,IN,min,1553558400,2108,False,0.2864,1208.42,1.281,0.0932,132636.99,5.3941,-1,0.0,0,0,,,0,1
536,ACC000536,student,False,False,Chennai,IN,min,1606348800,1497,False,0.2224,430.21,0.859,0.1112,24923.35,0.4276,-1,0.0,0,0,,,0,1
537,ACC000537,salary,False,False,Hyderabad,IN,full,1579046400,1813,False,0.464,3469.05,1.002,0.0693,220147.55,1.3891,399,189844.94,3,0,,,0,1
538,ACC000538,salary,False,False,Bengaluru,IN,full,1535068800,2322,False,0.4652,1584.75,1.178,0.0409,93458.07,0.2114,611,79132.45,1,0,,,0,1
539,ACC000539,merchant,True,True,Jaipur,IN,full,1584662400,1748,False,4.5363,2071.13,0.742,0.0775,999306.02,49.6936,-1,0.0,0,0,,,0,0
540,ACC000540,salary,False,False,Kochi,IN,min,1425254400,3593,True,0.0084,2909.33,1.047,0.0863,125846.12,0.7684,564,118436.67,6,0,,,0,1
541,ACC000541,salary,False,False,Jaipur,IN,full,1655337600,930,False,0.944,3018.2,1.084,0.0253,67112.56,0.5919,1083,50511.23,2,0,,,0,1
542,ACC000542,small_business,True,True,Chennai,IN,full,1554422400,2098,False,0.5527,2037.96,1.292,0.0764,422809.13,2.5644,-1,0.0,0,0,,,0,0
543,ACC000543,small_business,True,True,Pune,CY,full,1552089600,2125,False,2.6958,20865.87,1.096,0.0428,2594569.83,6.0799,-1,0.0,0,0,,,0,0
544,ACC000544,freelancer,False,False,Chennai,IN,full,1614556800,1402,False,0.146,5566.9,1.13,0.0729,94622.85,3.8561,-1,0.0,0,0,,,0,1
545,ACC000545,salary,False,False,Bengaluru,IN,full,1632700800,1192,False,0.4809,1715.1,0.884,0.0359,75726.95,0.4812,1354,68582.87,2,0,,,0,1
546,ACC000546,small_business,True,True,Chennai,IN,full,1661299200,861,False,2.9724,3686.34,1.339,0.0615,3098418.73,2.9078,-1,0.0,0,0,,,0,1
547,ACC000547,salary,False,False,Mumbai,IN,full,1577577600,1830,False,0.417,3469.05,1.228,0.0861,241952.44,0.784,985,215702.05,6,0,,,0,1
548,ACC000548,merchant,True,True,Pune,IN,full,1665705600,810,False,1.9808,2675.49,0.811,0.0912,2153325.93,61.1331,-1,0.0,0,0,,,0,0
549,ACC000549,salary,False,False,Hyderabad,IN,min,1588377600,1705,False,0.4603,3245.04,1.001,0.0256,165296.71,0.4439,1027,127513.34,3,0,,,0,0
550,ACC000550,salary,False,False,Pune,IN,full,1550448000,2144,False,0.5748,2925.79,1.229,0.0646,228609.03,0.8202,933,211645.85,5,0,,,0,0
551,ACC000551,salary,False,False,Kolkata,IN,full,1547769600,2175,False,0.2864,3438.53,0.856,0.0985,205255.58,1.0733,187,177463.73,4,0,,,0,0
552,ACC000552,small_business,True,True,Bengaluru,AE,full,1499558400,2733,False,0.5969,8684.07,1.287,0.0572,3788583.95,17.4334,-1,0.0,0,0,,,0,0
553,ACC000553,salary,False,False,Delhi,IN,full,1481155200,2946,False,0.6481,1890.24,1.052,0.0856,78361.86,1.8712,708,64639.4,7,0,,,0,1
554,ACC000554,salary,False,False,Bengaluru,IN,full,1427328000,3569,False,0.5353,2605.3,1.076,0.0764,234720.95,0.569,78,234259.36,2,0,,,0,0
555,ACC000555,student,False,False,Bengaluru,IN,full,1702857600,380,False,0.0977,639.14,1.027,0.2133,4343.49,0.3152,-1,0.0,0,0,,,0,1
556,ACC000556,freelancer,False,False,Pune,IN,full,1521158400,2483,False,0.3239,3457.16,1.285,0.1292,178272.54,4.8625,-1,0.0,0,0,,,0,1
557,ACC000557,small_business,True,True,Delhi,IN,full,1462752000,3159,False,0.9385,7198.26,1.115,0.0731,1573652.09,11.5707,-1,0.0,0,0,,,0,0
558,ACC000558,small_business,True,True,Ahmedabad,IN,full,1615852800,1387,False,0.925,13035.12,0.985,0.0697,2745648.45,8.1162,-1,0.0,0,0,,,0,0
559,ACC000559,student,False,False,Pune,IN,full,1532131200,2356,False,0.2966,852.49,0.895,0.1702,18994.45,1.623,-1,0.0,0,1,mule,fan_in|fan_out|mule_network,3,1
560,ACC000560,small_business,True,True,Chennai,IN,full,1697241600,445,False,0.8073,6094.12,1.434,0.0708,3504682.78,3.7631,-1,0.0,0,0,,,0,0
561,ACC000561,salary,False,False,Chennai,IN,full,1677542400,673,False,0.478,2247.21,1.109,0.0465,224841.97,1.0154,1421,212639.89,4,0,,,0,0
562,ACC000562,salary,False,False,Kochi,IN,full,1679529600,650,False,0.872,2589.42,1.231,0.0753,187476.71,1.3169,1300,144605.37,7,0,,,0,1
563,ACC000563,household,False,False,Chennai,IN,full,1682467200,616,False,0.4751,2375.12,1.046,0.0721,36150.72,0.6622,-1,0.0,0,0,,,0,0
564,ACC000564,large_business,True,True,Chennai,IN,min,1707955200,321,False,3.9905,47326.91,1.57,0.0291,53812023.44,31.8155,-1,0.0,0,0,,,0,0
565,ACC000565,salary,False,False,Kolkata,IN,min,1718928000,194,False,0.2303,3323.49,1.225,0.082,106161.33,1.3137,143,104275.26,3,0,,,0,1
566,ACC000566,salary,False,False,Kochi,IN,full,1607558400,1483,False,0.4557,2445.06,0.859,0.0411,169115.61,1.0184,1300,135739.06,2,0,,,0,1
567,ACC000567,student,False,False,Kolkata,IN,full,1700870400,403,False,0.0793,642.16,1.033,0.1999,11866.66,0.2787,-1,0.0,0,0,,,0,0
568,ACC000568,small_business,True,True,Bengaluru,IN,full,1555113600,2090,False,1.9685,16065.38,1.33,0.0333,3486886.44,7.7096,-1,0.0,0,0,,,0,0
569,ACC000569,student,False,False,Bengaluru,IN,min,1732233600,40,False,0.6973,790.92,0.946,0.1234,24482.1,0.8534,-1,0.0,0,0,,,0,1
570,ACC000570,salary,False,False,Hyderabad,HK,full,1513468800,2572,False,0.2307,3405.59,0.929,0.0856,111056.39,1.3795,1486,88396.77,7,0,,,0,1
571,ACC000571,small_business,True,True,Ahmedabad,IN,full,1475884800,3007,True,0.0805,2075.15,1.061,0.0202,628019.32,19.6577,-1,0.0,0,0,,,0,0
572,ACC000572,household,False,False,Kochi,IN,full,1723420800,142,False,0.3487,2532.15,0.856,0.0246,93378.78,0.5889,-1,0.0,0,0,,,0,0
573,ACC000573,salary,False,False,Hyderabad,IN,full,1463270400,3153,False,0.2461,3318.11,1.248,0.0393,244116.71,0.3933,182,226162.31,1,0,,,0,1
574,ACC000574,salary,False,False,Kochi,IN,full,1599782400,1573,False,0.3865,3217.83,1.191,0.048,215831.24,1.1264,1247,200027.1,4,0,,,0,1
575,ACC000575,small_business,True,True,Delhi,IN,full,1570233600,1915,False,4.2326,5638.33,1.36,0.0646,3704378.28,5.2515,-1,0.0,0,0,,,0,0
576,ACC000576,salary,False,False,Delhi,IN,full,1610755200,1446,False,0.4492,3306.56,0.869,0.0283,65319.81,1.1714,933,60298.94,2,0,,,0,1
577,ACC000577,salary,False,False,Delhi,IN,full,1494633600,2790,False,0.243,1624.15,1.196,0.043,224836.47,0.6576,656,191913.55,7,0,,,0,0
578,ACC000578,salary,False,False,Hyderabad,IN,full,1649635200,996,False,0.6429,3225.4,0.977,0.0218,208421.04,2.0199,76,165472.13,1,0,,,0,1
579,ACC000579,household,False,False,Kolkata,IN,full,1718409600,200,False,0.6442,889.43,1.182,0.0477,58304.19,0.7439,-1,0.0,0,0,,,0,1
580,ACC000580,household,False,False,Jaipur,IN,full,1440633600,3415,False,0.1901,2276.1,1.184,0.0264,33499.43,0.8262,-1,0.0,0,0,,,0,1
581,ACC000581,household,False,False,Mumbai,IN,full,1702771200,381,False,0.1876,659.63,1.145,0.0735,146280.16,0.7395,-1,0.0,0,0,,,0,1
582,ACC000582,student,False,False,Kolkata,IN,full,1469145600,3085,False,0.2794,612.7,1.095,0.2093,23172.58,0.2231,-1,0.0,0,0,,,0,1
583,ACC000583,salary,False,False,Ahmedabad,HK,full,1659312000,884,True,0.0188,1046.87,0.994,0.0721,196768.89,0.8213,434,177308.49,5,0,,,0,1
584,ACC000584,household,False,False,Mumbai,IN,full,1460678400,3183,False,0.8913,3944.68,1.091,0.0666,128917.48,2.1904,-1,0.0,0,0,,,0,1
585,ACC000585,student,False,False,Pune,IN,full,1665273600,815,False,0.081,817.88,1.092,0.0707,24057.25,0.5834,-1,0.0,0,0,,,0,1
586,ACC000586,household,False,False,Mumbai,IN,full,1566432000,1959,False,0.4024,1330.84,0.881,0.0656,179013.91,0.8615,-1,0.0,0,0,,,0,1
587,ACC000587,household,False,False,Hyderabad,IN,full,1390953600,3990,True,0.0049,1766.64,0.945,0.0736,106503.86,2.1425,-1,0.0,0,0,,,0,0
588,ACC000588,salary,False,False,Chennai,IN,min,1705190400,353,False,0.1648,2488.36,1.006,0.0497,98907.82,0.7318,370,90865.77,7,0,,,0,1
589,ACC000589,small_business,True,True,Hyderabad,IN,full,1448841600,3320,False,0.6399,10754.66,0.971,0.0728,2120022.16,12.6163,-1,0.0,0,0,,,0,1
590,ACC000590,salary,False,False,Bengaluru,IN,full,1625961600,1270,False,0.8477,1263.91,1.072,0.0941,64026.22,0.7352,1121,58132.58,4,0,,,0,1
591,ACC000591,salary,False,False,Jaipur,IN,full,1653868800,947,False,0.8911,861.82,1.107,0.0425,197019.08,0.3398,424,150648.52,5,0,,,0,0
592,ACC000592,student,False,False,Mumbai,IN,full,1637020800,1142,False,0.0695,492.32,0.823,0.1501,22440.7,2.0221,-1,0.0,0,0,,,0,0
593,ACC000593,salary,False,False,Pune,IN,full,1444176000,3374,False,0.582,1209.24,1.096,0.0788,76469.83,0.7375,463,63999.25,2,0,,,0,1
594,ACC000594,household,False,False,Kolkata,IN,min,1488153600,2865,False,0.1915,2245.4,1.154,0.0404,28006.94,1.6059,-1,0.0,0,0,,,0,0
595,ACC000595,merchant,True,True,Ahmedabad,IN,full,1704240000,364,True,0.075,3925.23,1.045,0.0884,511324.75,23.4999,-1,0.0,0,0,,,0,0
596,ACC000596,small_business,True,True,Mumbai,IN,full,1514160000,2564,False,2.7192,7255.07,1.349,0.0269,1443750.28,6.9094,-1,0.0,0,0,,,0,1
597,ACC000597,small_business,True,True,Bengaluru,IN,full,1398124800,3907,False,3.0466,6902.38,1.128,0.0381,3897866.48,4.7035,-1,0.0,0,0,,,0,1
598,ACC000598,salary,False,False,Jaipur,IN,min,1632441600,1195,True,0.0141,1251.05,1.038,0.0759,179540.09,1.2364,782,168255.05,3,0,,,0,1
599,ACC000599,salary,False,False,Ahmedabad,MU,full,1393718400,3958,False,0.0829,1274.48,1.243,0.0957,88071.28,1.6097,861,70080.94,2,0,,,0,1
600,ACC000600,small_business,True,True,Chennai,IN,full,1411862400,3748,False,1.2276,15613.26,1.005,0.0462,231245.73,2.5446,-1,0.0,0,0,,,0,0
601,ACC000601,freelancer,False,False,Pune,IN,full,1700092800,412,False,0.377,4650.71,1.228,0.1778,226246.8,3.6791,-1,0.0,0,0,,,0,1
602,ACC000602,small_business,True,True,Mumbai,IN,full,1666137600,805,False,1.6682,17841.85,1.102,0.0232,2618256.67,7.1385,-1,0.0,0,0,,,0,0
603,ACC000603,student,False,False,Delhi,IN,full,1587427200,1716,False,0.3819,682.07,0.854,0.0783,8498.8,0.6747,-1,0.0,0,0,,,0,1
604,ACC000604,large_business,True,True,Mumbai,IN,full,1682640000,614,False,7.1748,207507.23,1.563,0.0166,194425663.15,22.2302,-1,0.0,0,0,,,0,0
605,ACC000605,salary,False,False,Mumbai,IN,full,1566000000,1964,False,0.2441,2774.28,1.016,0.044,79906.67,0.9764,1495,60325.45,7,0,,,0,1
606,ACC000606,student,False,False,Jaipur,IN,min,1405209600,3825,False,0.9497,488.08,0.842,0.0892,20786.35,1.0697,-1,0.0,0,0,,,0,0
607,ACC000607,small_business,True,True,Hyderabad,IN,full,1604534400,1518,False,3.5187,4447.12,1.22,0.0631,990079.48,5.2813,-1,0.0,0,0,,,0,0
608,ACC000608,household,False,False,Kolkata,IN,min,1538956800,2277,False,0.1847,2621.69,0.862,0.0228,168738.03,1.5182,-1,0.0,0,0,,,0,1
609,ACC000609,salary,False,False,Kochi,IN,full,1708214400,318,True,0.0161,1566.56,0.856,0.0863,196554.43,0.8457,426,152833.3,6,0,,,0,1
610,ACC000610,small_business,True,True,Bengaluru,IN,full,1507852800,2637,False,3.1659,20529.26,1.298,0.0714,630534.13,6.187,-1,0.0,0,0,,,0,1
611,ACC000611,large_business,True,True,Ahmedabad,IN,full,1684368000,594,False,7.3569,211699.89,1.566,0.034,219472879.36,17.0716,-1,0.0,0,1,source,dormant_activation|rapid_pass_through,3,1
612,ACC000612,salary,False,False,Jaipur,IN,min,1587081600,1720,False,0.5991,1541.77,0.945,0.032,52361.46,1.7746,701,45189.68,5,0,,,0,1
613,ACC000613,student,False,False,Kochi,IN,full,1442880000,3389,False,0.2447,353.51,0.836,0.2155,10194.43,1.4551,-1,0.0,0,0,,,0,1
614,ACC000614,small_business,True,True,Pune,IN,min,1442534400,3393,False,1.4892,20673.82,1.118,0.0528,1451857.72,3.0128,-1,0.0,0,0,,,0,0
615,ACC000615,freelancer,False,False,Kolkata,IN,full,1425340800,3592,False,0.543,2158.77,1.053,0.0618,66483.15,2.3069,-1,0.0,0,1,destination,layering_chain,1,0
616,ACC000616,freelancer,False,False,Kolkata,IN,min,1526256000,2424,False,0.3009,706.76,1.365,0.1521,376707.75,1.601,-1,0.0,0,0,,,0,1
617,ACC000617,student,False,False,Kolkata,IN,full,1631923200,1201,False,0.1273,244.58,0.778,0.1947,11008.25,1.1768,-1,0.0,0,0,,,0,1
618,ACC000618,freelancer,False,False,Kolkata,IN,min,1716768000,219,False,0.3973,510.41,1.205,0.0637,77147.22,2.2173,-1,0.0,0,1,intermediary|mule,fan_in|layering_chain|mule_network,5,1
619,ACC000619,salary,False,False,Pune,IN,full,1531785600,2360,False,0.1724,2899.87,1.147,0.0321,86956.91,1.5515,1153,78888.54,1,0,,,0,1
620,ACC000620,household,False,False,Kolkata,IN,full,1562371200,2006,False,0.3219,3865.58,0.919,0.0767,140676.42,1.2669,-1,0.0,0,0,,,0,1
621,ACC000621,household,False,False,Kolkata,IN,full,1624233600,1290,False,0.3256,884.79,1.08,0.0299,67611.77,3.0816,-1,0.0,0,1,intermediary|mule,fan_in|fan_out|layering_chain,4,1
622,ACC000622,small_business,True,True,Ahmedabad,IN,full,1609286400,1463,False,0.6871,18775.74,1.297,0.055,1610230.99,2.6317,-1,0.0,0,0,,,0,0
623,ACC000623,freelancer,False,False,Hyderabad,IN,full,1417046400,3688,False,1.049,4368.51,1.415,0.1082,337377.54,1.8174,-1,0.0,0,0,,,0,1
624,ACC000624,household,False,False,Chennai,IN,full,1593648000,1644,False,0.2846,3909.63,1.174,0.0434,108463.53,1.5731,-1,0.0,0,0,,,0,1
625,ACC000625,student,False,False,Ahmedabad,IN,min,1417737600,3680,False,0.4932,784.13,0.887,0.1274,21056.97,0.2078,-1,0.0,0,0,,,0,0
626,ACC000626,salary,False,False,Mumbai,IN,full,1433548800,3497,False,0.5262,2521.67,0.95,0.0645,241503.63,1.0254,1228,235958.89,4,0,,,0,1
627,ACC000627,small_business,True,True,Hyderabad,IN,full,1582329600,1775,False,1.7656,6480.85,1.178,0.0559,2579838.73,7.4794,-1,0.0,0,0,,,0,0
628,ACC000628,salary,False,False,Pune,IN,full,1559088000,2044,False,0.8828,2874.03,1.022,0.0592,45526.06,0.7895,454,37055.42,7,0,,,0,1
629,ACC000629,freelancer,False,False,Kochi,IN,full,1488585600,2860,False,0.1736,4637.61,1.207,0.152,198413.79,1.8804,-1,0.0,0,1,intermediary|mule,fan_in|fan_out|layering_chain,3,1
630,ACC000630,small_business,True,True,Mumbai,IN,full,1411862400,3748,False,1.9743,16420.0,1.31,0.0797,3136719.94,9.8384,-1,0.0,0,0,,,0,0
631,ACC000631,student,False,False,Pune,IN,full,1625616000,1274,False,0.3227,807.88,0.949,0.1421,5743.91,0.9383,-1,0.0,0,0,,,0,1
632,ACC000632,salary,False,False,Hyderabad,IN,full,1541203200,2251,False,0.635,1598.92,0.902,0.0325,83856.43,0.1985,407,65692.16,5,0,,,0,1
633,ACC000633,small_business,True,True,Bengaluru,IN,min,1473724800,3032,False,0.6922,15597.57,0.983,0.0753,1856840.09,5.8046,-1,0.0,0,0,,,0,0
634,ACC000634,salary,False,False,Mumbai,IN,min,1392768000,3969,True,0.0044,3408.4,1.053,0.0206,61149.01,0.5295,1121,47873.24,2,0,,,0,1
635,ACC000635,salary,False,False,Mumbai,IN,min,1505865600,2660,False,0.4005,2007.61,1.092,0.0573,43731.17,0.5908,1153,41229.14,6,1,mule,fan_out,2,0
636,ACC000636,merchant,True,True,Chennai,IN,full,1409011200,3781,False,5.195,1222.54,1.085,0.1371,3532218.59,24.182,-1,0.0,0,0,,,0,0
637,ACC000637,merchant,True,True,Mumbai,IN,full,1543190400,2228,False,4.2747,843.48,0.98,0.045,5927115.07,36.0623,-1,0.0,0,0,,,0,0
638,ACC000638,investment,True,True,Kochi,IN,min,1440201600,3420,False,0.5344,820142.14,1.11,0.0117,35328500.34,3.584,-1,0.0,0,0,,,0,0
639,ACC000639,student,False,False,Ahmedabad,IN,full,1717372800,212,False,0.0776,338.19,0.801,0.1308,10511.3,0.3492,-1,0.0,0,0,,,0,1
640,ACC000640,salary,False,False,Bengaluru,IN,full,1568332800,1937,False,0.57,1024.29,0.904,0.0828,108580.16,1.1679,1023,82398.57,4,0,,,0,1
641,ACC000641,household,False,False,Kochi,IN,full,1697068800,447,False,0.3878,2331.87,0.827,0.046,105547.67,0.7478,-1,0.0,0,0,,,0,1
642,ACC000642,small_business,True,True,Ahmedabad,IN,min,1485129600,2900,True,0.058,9882.0,1.246,0.0544,2259854.12,5.847,-1,0.0,0,1,collector|intermediary,circular_flow|smurfing,2,0
643,ACC000643,small_business,True,True,Kochi,IN,min,1556668800,2072,False,1.759,9663.09,1.349,0.0216,1188924.07,5.5878,-1,0.0,0,0,,,0,0
644,ACC000644,freelancer,False,False,Ahmedabad,IN,full,1524700800,2442,False,0.2018,791.51,1.341,0.0885,345828.82,0.6006,-1,0.0,0,0,,,0,1
645,ACC000645,small_business,True,True,Kochi,IN,full,1592870400,1653,False,0.8939,8476.38,0.983,0.0606,1356510.0,6.8164,-1,0.0,0,0,,,0,1
646,ACC000646,freelancer,False,False,Pune,IN,full,1644796800,1052,False,0.3121,4573.59,1.112,0.0962,224757.18,4.2339,-1,0.0,0,0,,,0,1
647,ACC000647,salary,False,False,Kochi,IN,full,1504656000,2674,False,0.726,1611.44,1.045,0.0936,131752.89,1.4658,1083,101101.75,1,0,,,0,1
648,ACC000648,small_business,True,True,Ahmedabad,IN,min,1694736000,474,False,1.2522,18300.12,1.3,0.0275,3703705.86,23.1882,-1,0.0,0,0,,,0,1
649,ACC000649,small_business,True,True,Chennai,IN,full,1546128000,2194,False,1.3883,21936.86,1.397,0.0297,2566735.64,6.2199,-1,0.0,0,0,,,0,1
650,ACC000650,household,False,False,Jaipur,IN,full,1717459200,211,False,0.3789,3496.47,0.828,0.0267,89064.9,2.1134,-1,0.0,0,0,,,0,1
651,ACC000651,salary,False,False,Hyderabad,IN,full,1664323200,826,False,0.188,1782.18,1.058,0.038,193328.33,0.508,673,152777.39,5,0,,,0,1
652,ACC000652,household,False,False,Chennai,IN,min,1604448000,1519,False,0.4028,3509.41,1.018,0.0564,29249.18,1.5832,-1,0.0,0,0,,,0,0
653,ACC000653,household,False,False,Delhi,IN,min,1650844800,982,False,0.2828,2888.23,1.117,0.0575,168219.17,0.6873,-1,0.0,0,0,,,0,1
654,ACC000654,household,False,False,Jaipur,IN,full,1524787200,2441,False,0.5434,1019.31,0.905,0.0752,71313.87,1.6746,-1,0.0,0,0,,,0,0
655,ACC000655,freelancer,False,False,Ahmedabad,MY,full,1540771200,2256,False,0.5267,2550.45,1.445,0.0651,370787.78,1.7442,-1,0.0,0,0,,,0,1
656,ACC000656,large_business,True,True,Kochi,IN,full,1551657600,2130,False,4.2345,269522.22,1.63,0.0383,86774836.7,12.3562,-1,0.0,0,0,,,0,1
657,ACC000657,salary,False,False,Kolkata,IN,full,1501632000,2709,False,0.6329,2427.83,1.246,0.0945,127047.92,1.2912,67,100008.09,4,1,mule,mule_network,1,1
658,ACC000658,freelancer,False,False,Pune,IN,full,1471219200,3061,False,0.2158,869.79,1.588,0.1159,319226.63,2.5736,-1,0.0,0,0,,,0,1
659,ACC000659,small_business,True,True,Kochi,IN,full,1508112000,2634,False,3.1695,23600.18,1.072,0.0311,3184331.26,3.3612,-1,0.0,0,0,,,0,1
660,ACC000660,salary,False,False,Chennai,IN,full,1471651200,3056,False,1.246,760.43,1.071,0.0846,70735.91,1.1849,1395,67346.48,3,0,,,0,1
661,ACC000661,student,False,False,Jaipur,IN,full,1714867200,241,False,0.1748,541.35,0.964,0.1072,19930.79,2.2621,-1,0.0,0,0,,,0,1
662,ACC000662,salary,False,False,Mumbai,IN,full,1668297600,780,False,0.2616,2668.14,1.078,0.0224,237190.7,0.8852,1127,229053.9,6,0,,,0,1
663,ACC000663,household,False,False,Hyderabad,IN,min,1470355200,3071,False,0.2661,1602.59,0.98,0.0254,33440.31,0.416,-1,0.0,0,1,mule,fan_in|fan_out,4,1
664,ACC000664,household,False,False,Chennai,IN,full,1524096000,2449,False,0.6904,3429.01,1.038,0.0299,120430.45,1.083,-1,0.0,0,0,,,0,1
665,ACC000665,salary,False,False,Delhi,IN,full,1401321600,3870,False,0.3859,2780.27,1.23,0.0552,237433.2,0.8506,426,198899.98,7,0,,,0,1
666,ACC000666,salary,False,False,Delhi,IN,min,1555113600,2090,False,0.426,2337.62,1.145,0.0281,248905.68,1.6406,673,198857.88,6,0,,,0,1
667,ACC000667,small_business,True,True,Kolkata,IN,full,1596931200,1606,False,3.9106,18763.09,1.372,0.0451,1174459.98,18.2381,-1,0.0,0,0,,,0,0
668,ACC000668,small_business,True,True,Jaipur,HK,min,1552089600,2125,False,1.6908,21971.95,1.393,0.03,2088784.44,4.4428,-1,0.0,0,0,,,0,0
669,ACC000669,household,False,False,Delhi,IN,full,1677196800,677,False,0.2562,3944.31,1.14,0.0406,61144.26,3.122,-1,0.0,0,0,,,0,0
670,ACC000670,salary,False,False,Bengaluru,IN,full,1581206400,1788,False,0.3672,3275.58,0.851,0.0965,51932.19,3.0279,1122,45061.4,1,0,,,0,1
671,ACC000671,large_business,True,True,Kochi,IN,min,1421971200,3631,False,3.7139,256958.95,1.237,0.0129,128109028.42,9.0886,-1,0.0,0,1,source,dormant_activation|layering_chain|rapid_pass_through,4,1
672,ACC000672,household,False,False,Kolkata,IN,full,1465257600,3130,False,0.4354,3268.45,0.848,0.0661,71541.64,1.0699,-1,0.0,0,0,,,0,1
673,ACC000673,large_business,True,True,Pune,CY,full,1426377600,3580,False,9.4477,327945.34,1.56,0.0501,244852708.67,52.3377,-1,0.0,0,0,,,0,1
674,ACC000674,small_business,True,True,Pune,IN,min,1636761600,1145,False,0.5975,9516.08,1.44,0.0585,795169.17,8.6132,-1,0.0,0,0,,,0,0
675,ACC000675,salary,False,False,Bengaluru,IN,full,1561507200,2016,False,0.223,655.37,1.03,0.0251,185781.82,0.6971,766,176067.25,3,0,,,0,0
676,ACC000676,salary,False,False,Mumbai,IN,full,1428969600,3550,False,0.2821,1373.79,1.054,0.0469,157737.29,1.2076,127,135389.44,6,0,,,0,1
677,ACC000677,salary,False,False,Hyderabad,IN,full,1404864000,3829,False,0.4764,1685.22,1.144,0.0593,190702.67,1.0874,1341,185531.82,6,1,intermediary|mule,fan_in|layering_chain,2,1
678,ACC000678,salary,False,False,Jaipur,IN,full,1503360000,2689,False,0.5957,1276.0,1.005,0.0475,67568.33,0.7733,557,60430.1,4,0,,,0,1
679,ACC000679,student,False,False,Chennai,IN,min,1658793600,890,False,0.2872,500.33,0.946,0.2157,8879.88,0.6985,-1,0.0,0,0,,,0,1
680,ACC000680,salary,False,False,Bengaluru,IN,full,1497744000,2754,False,0.3193,2825.42,1.011,0.0902,43794.08,0.4537,701,36903.1,7,0,,,0,1
681,ACC000681,large_business,True,True,Jaipur,IN,full,1585094400,1743,False,3.5334,187801.61,1.224,0.0463,235731058.98,34.9614,-1,0.0,0,0,,,0,1
682,ACC000682,salary,False,False,Pune,IN,full,1410739200,3761,False,0.3808,2116.97,0.92,0.0872,152071.62,1.2964,454,125115.91,7,0,,,0,0
683,ACC000683,salary,False,False,Pune,IN,min,1416355200,3696,False,0.485,3256.13,1.163,0.0369,191333.23,1.0996,701,154489.28,7,0,,,0,1
684,ACC000684,salary,False,False,Kochi,IN,full,1541376000,2249,False,0.2201,2276.74,1.202,0.081,78670.11,0.3306,67,72476.86,3,0,,,0,1
685,ACC000685,salary,False,False,Chennai,IN,full,1629072000,1234,False,0.2747,945.2,1.247,0.0429,203713.6,3.2845,1268,183969.12,7,0,,,0,1
686,ACC000686,merchant,True,True,Kolkata,IN,full,1664582400,823,False,4.1852,3153.34,0.791,0.0947,1988316.61,49.2455,-1,0.0,0,0,,,0,0
687,ACC000687,salary,False,False,Chennai,IN,min,1638921600,1120,False,0.3652,1307.36,1.105,0.0717,194673.95,1.1439,782,149810.22,4,0,,,0,0
688,ACC000688,salary,False,False,Pune,IN,full,1595980800,1617,False,0.4851,1669.22,1.001,0.0698,142125.22,1.1033,695,139835.21,3,0,,,0,0
689,ACC000689,salary,False,False,Hyderabad,IN,full,1560384000,2029,False,0.3009,3162.13,1.187,0.0533,150297.72,0.8497,391,122252.05,4,0,,,0,1
690,ACC000690,small_business,True,True,Chennai,IN,full,1415318400,3708,False,3.3268,18450.85,1.02,0.0233,1408578.55,3.9338,-1,0.0,0,0,,,0,1
691,ACC000691,merchant,True,True,Hyderabad,IN,min,1454025600,3260,False,2.9783,880.37,0.801,0.0551,7405120.25,72.719,-1,0.0,0,0,,,0,0
692,ACC000692,salary,False,False,Mumbai,IN,full,1623888000,1294,False,0.7153,3005.27,1.007,0.0938,98845.21,0.4506,564,87972.58,1,1,mule,fan_in|fan_out|mule_network,3,1
693,ACC000693,salary,False,False,Pune,IN,full,1470528000,3069,False,0.2025,1444.61,1.163,0.0529,194915.35,2.2982,723,159181.8,7,0,,,0,1
694,ACC000694,freelancer,False,False,Mumbai,IN,full,1517961600,2520,False,0.3289,5421.59,1.063,0.0815,368107.48,4.1551,-1,0.0,0,0,,,0,0
695,ACC000695,small_business,True,True,Ahmedabad,IN,full,1712880000,264,False,1.0749,6248.56,1.252,0.0714,2928129.61,9.5098,-1,0.0,0,0,,,0,0
696,ACC000696,household,False,False,Kolkata,IN,min,1720483200,176,False,1.3583,816.63,1.049,0.0835,43671.24,1.8272,-1,0.0,0,0,,,0,1
697,ACC000697,small_business,True,True,Delhi,IN,full,1635552000,1159,False,0.7579,15121.82,1.32,0.0703,2677918.58,13.1813,-1,0.0,0,0,,,0,0
698,ACC000698,freelancer,False,False,Jaipur,IN,min,1521676800,2477,False,0.7796,5738.1,1.253,0.1057,203594.53,2.0612,-1,0.0,0,0,,,0,1
699,ACC000699,merchant,True,True,Kolkata,IN,full,1582502400,1773,False,4.774,2829.42,0.722,0.0934,2648789.83,42.903,-1,0.0,0,0,,,0,0
700,ACC000700,salary,False,False,Kochi,IN,min,1549584000,2154,False,0.1767,3156.91,1.202,0.0398,162777.13,0.7636,810,141637.71,6,0,,,0,1
701,ACC000701,large_business,True,True,Delhi,IN,full,1420761600,3645,False,2.9468,114302.24,1.194,0.044,172696130.45,6.7413,-1,0.0,0,0,,,0,0
702,ACC000702,student,False,False,Kolkata,IN,min,1406073600,3815,False,0.1709,733.57,0.857,0.1931,24638.61,2.72,-1,0.0,0,1,mule,fan_in|fan_out,4,0
703,ACC000703,household,False,False,Ahmedabad,IN,full,1689465600,535,False,0.5089,3289.87,0.87,0.0584,180966.04,0.8561,-1,0.0,0,0,,,0,1
704,ACC000704,salary,False,False,Chennai,IN,min,1404777600,3830,False,0.3458,3468.43,1.026,0.0523,212807.64,0.7736,1387,183364.78,2,0,,,0,1
705,ACC000705,small_business,True,True,Jaipur,IN,full,1530748800,2372,False,0.6124,8409.77,1.062,0.0563,2337359.99,15.7531,-1,0.0,0,0,,,0,1
706,ACC000706,salary,False,False,Chennai,IN,full,1683676800,602,False,0.1566,1075.98,1.029,0.0529,234928.25,0.2518,1226,200438.17,6,1,mule,fan_in|fan_out,4,0
707,ACC000707,merchant,True,True,Pune,IN,full,1471478400,3058,False,1.3187,1934.05,0.813,0.1179,333747.14,20.2058,-1,0.0,0,0,,,0,0
708,ACC000708,small_business,True,True,Bengaluru,IN,full,1731456000,49,False,1.7466,21245.07,1.355,0.0289,2555745.3,7.3419,-1,0.0,0,0,,,0,0
709,ACC000709,salary,False,False,Jaipur,IN,full,1670544000,754,False,0.3071,1806.74,1.112,0.0815,35554.34,0.7499,64,33156.9,7,0,,,0,1
710,ACC000710,salary,False,False,Mumbai,IN,full,1619568000,1344,False,0.5906,2577.85,1.054,0.0626,174545.33,0.3105,1148,170514.24,5,0,,,0,1
711,ACC000711,salary,False,False,Mumbai,IN,full,1694476800,477,False,0.5383,2453.69,1.193,0.0387,126762.73,0.6031,434,109537.39,4,0,,,0,1
712,ACC000712,merchant,True,True,Hyderabad,IN,full,1513296000,2574,False,1.7442,2573.88,0.756,0.0413,7135058.28,55.2014,-1,0.0,0,0,,,0,1
713,ACC000713,merchant,True,True,Hyderabad,IN,full,1539302400,2273,False,3.4479,2461.03,0.839,0.0845,2613383.18,76.9115,-1,0.0,0,0,,,0,0
714,ACC000714,large_business,True,True,Bengaluru,IN,full,1722556800,152,False,8.6499,306695.24,1.383,0.0441,224644101.54,19.9837,-1,0.0,0,0,,,0,1
715,ACC000715,student,False,False,Ahmedabad,IN,full,1486252800,2887,False,0.2127,713.96,1.056,0.1285,9159.9,0.5022,-1,0.0,0,1,intermediary|mule,fan_in|fan_out|layering_chain,3,0
716,ACC000716,merchant,True,True,Kochi,IN,full,1524182400,2448,False,1.3985,1999.15,1.016,0.0477,5161283.9,55.7565,-1,0.0,0,0,,,0,0
717,ACC000717,freelancer,False,False,Ahmedabad,IN,full,1409443200,3776,False,0.3923,1164.75,1.537,0.106,168341.43,2.5323,-1,0.0,0,0,,,0,1
718,ACC000718,small_business,True,True,Kolkata,IN,full,1482105600,2935,False,2.1454,18054.95,1.24,0.0656,3920976.8,10.4289,-1,0.0,0,0,,,0,0
719,ACC000719,small_business,True,True,Bengaluru,IN,full,1627776000,1249,False,3.2887,7499.8,1.221,0.0493,1470405.84,4.4291,-1,0.0,0,0,,,0,0
720,ACC000720,student,False,False,Ahmedabad,IN,min,1487548800,2872,False,0.3651,235.39,0.753,0.1622,8929.7,1.0044,-1,0.0,0,0,,,0,0
721,ACC000721,salary,False,False,Mumbai,IN,full,1694131200,481,False,0.3131,677.18,1.21,0.0762,237123.53,2.2753,469,184533.15,4,0,,,0,1
722,ACC000722,merchant,True,True,Mumbai,IN,min,1674604800,707,False,0.7314,3148.86,0.868,0.1035,5442565.26,20.3906,-1,0.0,0,0,,,0,0
723,ACC000723,small_business,True,True,Chennai,IN,full,1541721600,2245,False,1.8878,13844.62,1.356,0.0573,3108303.62,4.3383,-1,0.0,0,0,,,0,0
724,ACC000724,salary,False,False,Chennai,IN,min,1409270400,3778,False,0.2841,1562.03,1.042,0.0509,134468.48,0.557,1114,132339.2,6,0,,,0,0
725,ACC000725,salary,False,False,Hyderabad,IN,full,1644105600,1060,False,0.2632,1769.54,0.894,0.0417,69787.42,1.3456,430,60820.83,7,0,,,0,0
726,ACC000726,merchant,True,True,Mumbai,IN,full,1499990400,2728,False,4.5032,2671.78,1.049,0.1107,515687.41,21.9143,-1,0.0,0,0,,,0,0
727,ACC000727,salary,False,False,Jaipur,IN,full,1575676800,1852,False,0.2707,1750.95,0.969,0.0482,66424.31,0.7847,848,60248.55,5,0,,,0,1
728,ACC000728,student,False,False,Chennai,IN,full,1505692800,2662,False,0.5095,192.75,0.783,0.0849,18113.43,0.8946,-1,0.0,0,0,,,0,1
729,ACC000729,salary,False,False,Bengaluru,IN,min,1656460800,917,False,0.1156,3337.98,0.989,0.0738,209393.91,0.8544,50,163449.11,7,0,,,0,1
730,ACC000730,student,False,False,Chennai,IN,full,1709424000,304,False,0.4604,383.51,1.09,0.209,20732.17,0.3438,-1,0.0,0,0,,,0,1
731,ACC000731,student,False,False,Kochi,IN,full,1457049600,3225,False,0.6906,841.56,0.975,0.0698,22159.92,0.4467,-1,0.0,0,0,,,0,0
732,ACC000732,investment,True,True,Ahmedabad,IN,full,1597708800,1597,False,0.1834,902281.03,1.111,0.0428,66462692.89,6.0381,-1,0.0,0,0,,,0,0
733,ACC000733,small_business,True,True,Delhi,IN,full,1666396800,802,False,0.9453,11088.06,1.083,0.0618,1625616.33,8.6827,-1,0.0,0,0,,,0,0
734,ACC000734,salary,False,False,Mumbai,IN,full,1394409600,3950,False,0.8086,2206.41,0.865,0.0982,76746.99,0.2952,656,66498.75,7,0,,,0,0
735,ACC000735,salary,False,False,Kolkata,IN,min,1444003200,3376,False,0.5671,2069.08,1.211,0.0246,99151.34,0.5729,76,77624.65,5,0,,,0,1
736,ACC000736,investment,True,True,Jaipur,IN,full,1605744000,1504,False,0.267,701175.35,1.339,0.0164,37905958.12,7.7679,-1,0.0,0,0,,,0,0
737,ACC000737,salary,False,False,Bengaluru,IN,full,1715472000,234,False,0.3878,1680.11,0.975,0.0404,198863.32,0.314,958,176102.24,7,0,,,0,1
738,ACC000738,merchant,True,True,Hyderabad,IN,full,1659916800,877,False,6.1279,2787.63,0.924,0.1077,8842176.27,37.7708,-1,0.0,0,0,,,0,0
739,ACC000739,investment,True,True,Delhi,IN,full,1428710400,3553,False,0.3078,2167663.49,1.404,0.031,53723922.89,9.7204,-1,0.0,0,0,,,0,0
740,ACC000740,salary,False,False,Chennai,IN,min,1540771200,2256,True,0.0183,3358.91,0.886,0.0645,99934.6,0.4259,595,87762.74,6,1,intermediary,layering_chain,1,1
741,ACC000741,investment,True,True,Ahmedabad,IN,full,1622678400,1308,False,0.151,1311430.45,1.091,0.0167,77127396.32,7.3795,-1,0.0,0,0,,,0,0
742,ACC000742,salary,False,False,Kolkata,IN,full,1499385600,2735,False,0.3745,3173.39,1.073,0.0656,203260.52,1.5474,1137,154306.71,5,0,,,0,1
743,ACC000743,household,False,False,Kochi,IN,full,1728345600,85,True,0.0138,1220.24,0.83,0.0653,147781.46,1.0048,-1,0.0,0,1,intermediary|mule|transit,dormant_activation|fan_in|fan_out|layering_chain|mule_network,6,0
744,ACC000744,salary,False,False,Kolkata,IN,full,1591228800,1672,False,0.1652,2458.68,0.857,0.0388,97187.12,0.7583,597,83448.39,3,0,,,0,1
745,ACC000745,salary,False,False,Chennai,IN,min,1642809600,1075,False,0.2619,2556.6,1.124,0.0483,205740.79,0.356,138,160886.62,2,0,,,0,1
746,ACC000746,salary,False,False,Chennai,IN,full,1626048000,1269,False,1.2131,2755.6,0.932,0.0418,232769.84,0.82,167,217136.71,7,0,,,0,0
747,ACC000747,salary,False,False,Kochi,IN,full,1662336000,849,False,0.3282,2310.2,0.984,0.0475,119748.44,1.8663,67,107201.06,2,0,,,0,0
748,ACC000748,salary,False,False,Hyderabad,IN,full,1579132800,1812,False,0.6591,2580.63,1.248,0.0743,44125.64,1.7304,85,36524.36,2,0,,,0,1
749,ACC000749,salary,False,False,Delhi,IN,full,1466035200,3121,False,0.1913,3000.24,1.151,0.0598,105015.14,3.8315,1155,84364.2,4,1,mule,fan_in|fan_out|smurfing,3,1
750,ACC000750,salary,False,False,Mumbai,IN,full,1434931200,3481,False,0.2793,838.79,1.015,0.0668,146239.82,3.249,430,136284.82,1,0,,,0,1
751,ACC000751,salary,False,False,Bengaluru,IN,full,1606521600,1495,False,0.9736,2171.67,0.867,0.0436,217846.49,0.4962,78,186029.21,3,1,mule,fan_in|fan_out|mule_network,5,1
752,ACC000752,salary,False,False,Kolkata,IN,full,1506297600,2655,False,0.3097,2493.96,0.97,0.0849,183994.89,0.9151,1185,156650.23,5,0,,,0,1
753,ACC000753,student,False,False,Chennai,IN,full,1622160000,1314,False,0.2489,551.24,0.958,0.2007,20822.39,0.1685,-1,0.0,0,0,,,0,1
754,ACC000754,small_business,True,True,Jaipur,IN,full,1491696000,2824,False,0.9758,18711.58,1.157,0.0475,2161077.8,1.9733,-1,0.0,0,1,beneficiary|collector|destination,fan_in|mule_network|rapid_pass_through,4,0
755,ACC000755,freelancer,False,False,Ahmedabad,IN,full,1611878400,1433,False,0.3185,1213.18,1.328,0.063,322150.59,1.8559,-1,0.0,0,0,,,0,0
756,ACC000756,salary,False,False,Jaipur,IN,min,1704672000,359,False,0.4739,2405.63,0.851,0.0639,194220.92,0.467,366,164721.27,5,1,intermediary|mule,fan_in|fan_out|layering_chain,5,1
757,ACC000757,salary,False,False,Pune,IN,full,1425081600,3595,False,0.4356,3488.9,1.196,0.0896,154537.14,2.1452,637,146615.51,7,0,,,0,1
758,ACC000758,merchant,True,True,Kochi,IN,full,1646092800,1037,False,6.3737,3952.82,0.706,0.1123,3115062.88,29.7939,-1,0.0,0,0,,,0,1
759,ACC000759,salary,False,False,Delhi,IN,full,1432339200,3511,False,0.4618,1993.32,0.87,0.0278,137873.9,0.5561,442,115836.18,4,1,mule,fan_in|fan_out,4,1
760,ACC000760,merchant,True,True,Jaipur,IN,full,1495843200,2776,False,2.6997,2981.4,0.888,0.0484,8349722.18,75.9381,-1,0.0,0,0,,,0,0
761,ACC000761,salary,False,False,Mumbai,IN,full,1630886400,1213,True,0.0054,764.05,1.238,0.0347,136884.42,1.4318,1259,131549.53,3,0,,,0,1
762,ACC000762,merchant,True,True,Jaipur,IN,full,1604361600,1520,False,2.2717,3275.98,0.966,0.1208,3061574.88,58.66,-1,0.0,0,0,,,0,0
763,ACC000763,small_business,True,True,Delhi,IN,min,1405641600,3820,False,2.1885,15767.51,1.188,0.0768,923795.87,5.5874,-1,0.0,0,0,,,0,1
764,ACC000764,salary,False,False,Kochi,IN,full,1459641600,3195,False,0.4365,707.68,1.173,0.0479,213457.45,0.7006,1114,189042.21,7,0,,,0,0
765,ACC000765,salary,False,False,Bengaluru,IN,min,1589241600,1695,False,0.5612,3065.51,1.092,0.097,112349.31,0.7003,249,90144.62,6,0,,,0,1
766,ACC000766,large_business,True,True,Ahmedabad,IN,full,1661212800,862,False,5.4766,350563.82,1.624,0.0208,27075575.03,43.7926,-1,0.0,0,0,,,0,0
767,ACC000767,student,False,False,Ahmedabad,IN,full,1728691200,81,False,0.2678,688.87,0.884,0.1286,6072.23,0.6074,-1,0.0,0,0,,,0,0
768,ACC000768,student,False,False,Delhi,IN,full,1637193600,1140,False,0.5081,434.69,1.092,0.1552,4477.27,0.8742,-1,0.0,0,0,,,0,1
769,ACC000769,freelancer,False,False,Kochi,IN,full,1609545600,1460,False,0.3555,5026.14,1.209,0.1337,204325.51,4.6727,-1,0.0,0,0,,,0,0
770,ACC000770,household,False,False,Chennai,IN,full,1651622400,973,False,1.0431,3436.08,1.154,0.0829,60496.88,0.6664,-1,0.0,0,0,,,0,1
771,ACC000771,merchant,True,True,Delhi,IN,full,1509235200,2621,False,4.6947,2664.82,0.908,0.1261,3474692.27,30.6389,-1,0.0,0,0,,,0,0
772,ACC000772,student,False,False,Jaipur,IN,full,1461024000,3179,False,0.0617,211.91,1.034,0.207,18354.72,0.3907,-1,0.0,0,0,,,0,0
773,ACC000773,salary,False,False,Kolkata,IN,full,1521676800,2477,False,0.3494,2045.04,1.134,0.0229,63441.48,2.1135,246,48244.21,5,0,,,0,1
774,ACC000774,salary,False,False,Kolkata,IN,full,1623628800,1297,True,0.0188,656.43,0.99,0.0331,60503.94,2.5584,1018,60142.41,1,1,intermediary|mule,fan_in|fan_out|layering_chain|mule_network,5,1
775,ACC000775,small_business,True,True,Hyderabad,IN,full,1669766400,763,False,3.346,14825.97,1.386,0.0564,204843.36,5.268,-1,0.0,0,0,,,0,0
776,ACC000776,salary,False,False,Kochi,IN,min,1595203200,1626,False,0.3842,3375.6,0.966,0.0941,216923.87,1.8493,1023,176450.67,5,0,,,0,1
777,ACC000777,salary,False,False,Jaipur,IN,full,1416182400,3698,False,0.4764,926.24,1.229,0.0601,104111.2,0.7478,46,85586.3,3,0,,,0,1
778,ACC000778,salary,False,False,Jaipur,IN,min,1401321600,3870,False,0.3631,1643.6,0.921,0.0476,141105.93,0.7465,90,134827.01,4,0,,,0,1
779,ACC000779,small_business,True,True,Hyderabad,IN,min,1668124800,782,False,2.1657,2823.94,1.393,0.0753,578391.57,6.6785,-1,0.0,0,0,,,0,1
780,ACC000780,student,False,False,Chennai,IN,full,1464652800,3137,False,0.2105,438.59,1.029,0.1173,12218.43,1.1096,-1,0.0,0,0,,,0,1
781,ACC000781,small_business,True,True,Pune,IN,min,1405123200,3826,False,2.1045,23372.96,1.334,0.0332,3264795.97,4.1609,-1,0.0,0,0,,,0,0
782,ACC000782,large_business,True,True,Hyderabad,IN,full,1543968000,2219,False,8.0061,189345.98,1.607,0.0468,57826927.34,3.8018,-1,0.0,0,1,source,fan_out,1,1
783,ACC000783,small_business,True,True,Kochi,IN,full,1396828800,3922,False,1.1528,23937.27,1.07,0.0664,3182508.92,5.6186,-1,0.0,0,0,,,0,0
784,ACC000784,small_business,True,True,Kolkata,IN,full,1664236800,827,False,0.406,14248.8,0.958,0.0275,1095344.99,5.3502,-1,0.0,0,0,,,0,1
785,ACC000785,salary,False,False,Ahmedabad,IN,min,1429401600,3545,True,0.0173,875.97,1.081,0.059,134506.98,1.3729,597,126507.22,4,0,,,0,1
786,ACC000786,student,False,False,Kochi,IN,min,1725321600,120,False,0.2805,602.58,1.06,0.1392,15428.49,0.8376,-1,0.0,0,0,,,0,1
787,ACC000787,salary,False,False,Pune,IN,min,1565395200,1971,False,0.2328,2082.34,0.863,0.0971,141176.58,2.0649,432,139505.31,3,0,,,0,1
788,ACC000788,salary,False,False,Kolkata,IN,min,1452816000,3274,False,0.5974,2623.99,0.915,0.0933,230546.59,2.0895,25,197821.18,2,0,,,0,1
789,ACC000789,small_business,True,True,Delhi,IN,min,1615680000,1389,False,3.065,5900.86,1.019,0.0625,1644859.75,11.2887,-1,0.0,0,0,,,0,1
790,ACC000790,salary,False,False,Bengaluru,IN,full,1696291200,456,False,0.1918,1151.85,1.015,0.0771,209529.27,1.6352,1098,207949.15,5,0,,,0,1
791,ACC000791,investment,True,True,Bengaluru,CY,full,1643414400,1068,False,0.236,1780175.38,1.449,0.0225,8545853.16,5.548,-1,0.0,0,0,,,0,0
792,ACC000792,freelancer,False,False,Ahmedabad,IN,min,1642377600,1080,True,0.0038,4734.58,1.427,0.1065,47434.27,1.3643,-1,0.0,0,0,,,0,1
793,ACC000793,small_business,True,True,Bengaluru,IN,full,1586995200,1721,False,1.4081,4882.65,1.046,0.0227,3316501.1,7.6266,-1,0.0,0,0,,,0,0
794,ACC000794,small_business,True,True,Ahmedabad,IN,full,1563580800,1992,False,1.2633,10690.95,1.052,0.061,1591665.68,13.9059,-1,0.0,0,1,destination,dormant_activation|rapid_pass_through,2,1
795,ACC000795,household,False,False,Kochi,IN,full,1558137600,2055,False,0.8112,1006.39,1.068,0.0829,25046.95,3.1785,-1,0.0,0,1,mule|transit,fan_in|fan_out|mule_network|rapid_pass_through,6,0
796,ACC000796,merchant,True,True,Bengaluru,IN,min,1556236800,2077,False,1.3693,2342.91,0.829,0.0569,4305530.32,47.0517,-1,0.0,0,0,,,0,0
797,ACC000797,student,False,False,Hyderabad,IN,full,1661990400,853,False,0.0839,604.02,0.976,0.1988,10795.89,0.5313,-1,0.0,0,0,,,0,1
798,ACC000798,freelancer,False,False,Hyderabad,IN,min,1497225600,2760,False,0.4146,5973.8,1.479,0.0853,250397.0,3.3,-1,0.0,0,0,,,0,1
799,ACC000799,salary,False,False,Delhi,IN,full,1615507200,1391,False,0.2912,3208.91,1.103,0.0833,82144.6,2.0761,1257,63469.18,3,0,,,0,0
800,ACC000800,student,False,False,Jaipur,IN,min,1657756800,902,True,0.005,670.6,0.902,0.2048,4890.76,1.4758,-1,0.0,0,1,mule|transit,fan_in|fan_out|rapid_pass_through|smurfing,6,1
801,ACC000801,salary,False,False,Delhi,IN,full,1621296000,1324,False,0.383,697.21,1.138,0.0256,220358.98,0.8217,411,196719.13,1,0,,,0,1
802,ACC000802,salary,False,False,Kochi,IN,full,1470096000,3074,False,0.3211,2730.23,1.004,0.0613,166545.39,1.3354,145,143673.28,3,0,,,0,1
803,ACC000803,salary,False,False,Jaipur,SG,full,1471651200,3056,False,0.5197,2761.1,1.102,0.0375,213764.82,0.8508,1232,187638.4,5,0,,,0,1
804,ACC000804,household,False,False,Mumbai,IN,min,1399852800,3887,False,0.5554,2677.2,1.106,0.0509,52432.77,2.3326,-1,0.0,0,0,,,0,1
805,ACC000805,salary,False,False,Pune,IN,full,1489104000,2854,False,0.3369,1627.64,1.051,0.0947,206315.36,2.2358,782,166702.58,7,0,,,0,1
806,ACC000806,student,False,False,Bengaluru,IN,full,1399766400,3888,False,0.351,466.63,1.071,0.2166,13044.13,0.8309,-1,0.0,0,0,,,0,0
807,ACC000807,small_business,True,True,Jaipur,IN,full,1587254400,1718,False,2.6381,8633.24,1.07,0.0465,2224857.48,7.7007,-1,0.0,0,0,,,0,0
808,ACC000808,salary,False,False,Pune,IN,full,1650758400,983,False,0.4296,797.99,1.182,0.0533,134627.84,0.4556,223,121744.62,2,0,,,0,1
809,ACC000809,salary,False,False,Kochi,IN,full,1656460800,917,False,0.4769,879.77,0.996,0.0586,201829.69,2.4352,1080,167062.23,4,0,,,0,1
810,ACC000810,merchant,True,True,Jaipur,IN,full,1432857600,3505,False,10.5507,1551.91,0.758,0.1135,2770631.58,27.1875,-1,0.0,0,0,,,0,0
811,ACC000811,household,False,False,Delhi,IN,min,1546819200,2186,False,0.1391,1723.42,0.908,0.024,35766.29,0.7773,-1,0.0,0,1,intermediary|mule,fan_out|layering_chain|mule_network,5,1
812,ACC000812,salary,False,False,Chennai,IN,full,1707004800,332,False,0.3661,1888.13,0.884,0.0694,183292.36,0.3339,1217,180680.97,4,0,,,0,1
813,ACC000813,salary,False,False,Chennai,IN,full,1694995200,471,False,0.3573,1199.71,1.064,0.0495,87883.7,1.4525,636,73751.83,1,0,,,0,1
814,ACC000814,salary,False,False,Delhi,IN,min,1683417600,605,False,0.7093,3342.43,1.132,0.0492,225379.72,0.6675,1197,202126.88,3,0,,,0,0
815,ACC000815,salary,False,False,Delhi,IN,full,1619136000,1349,False,0.4526,674.1,0.854,0.0571,223098.28,5.6074,67,177543.6,2,0,,,0,0
816,ACC000816,salary,False,False,Delhi,IN,full,1696550400,453,False,0.4115,1051.59,0.884,0.0375,215861.35,0.4264,1228,187368.28,6,0,,,0,1
817,ACC000817,small_business,True,True,Kochi,IN,full,1573862400,1873,False,1.9072,2387.65,1.357,0.0289,2157607.07,2.4292,-1,0.0,0,0,,,0,0
818,ACC000818,student,False,False,Kochi,IN,full,1727827200,91,False,0.2191,539.41,0.876,0.0969,20212.84,0.4004,-1,0.0,0,0,,,0,1
819,ACC000819,small_business,True,True,Kochi,IN,full,1640304000,1104,False,0.6331,4209.41,0.954,0.0463,1231856.19,5.4369,-1,0.0,0,0,,,0,0
820,ACC000820,household,False,False,Ahmedabad,IN,min,1518480000,2514,False,0.6725,799.33,1.105,0.084,33340.59,2.6166,-1,0.0,0,0,,,0,1
821,ACC000821,student,False,False,Pune,IN,full,1401062400,3873,False,0.164,348.71,0.795,0.1337,20715.91,0.8108,-1,0.0,0,0,,,0,1
822,ACC000822,salary,False,False,Chennai,IN,full,1695513600,465,False,0.5079,3320.75,1.231,0.0935,232565.03,5.0903,611,203932.07,3,0,,,0,1
823,ACC000823,household,False,False,Hyderabad,IN,full,1435104000,3479,False,0.472,3826.83,0.823,0.0592,145078.37,2.7874,-1,0.0,0,0,,,0,0
824,ACC000824,small_business,True,True,Mumbai,IN,full,1670371200,756,False,2.8021,13857.22,0.962,0.0248,3818273.96,3.945,-1,0.0,0,0,,,0,1
825,ACC000825,salary,False,False,Chennai,IN,min,1436918400,3458,False,0.3124,2870.69,0.896,0.0953,248091.75,0.5749,1229,239292.36,5,0,,,0,0
826,ACC000826,salary,False,False,Pune,IN,full,1568246400,1938,False,0.1428,2716.01,0.857,0.0349,211751.42,0.5108,695,166988.84,7,0,,,0,1
827,ACC000827,household,False,False,Chennai,IN,full,1578009600,1825,False,0.4019,3055.19,1.189,0.086,96559.85,2.5316,-1,0.0,0,0,,,0,1
828,ACC000828,small_business,True,True,Pune,IN,full,1638662400,1123,False,1.1572,15823.62,1.437,0.0494,504132.12,2.4136,-1,0.0,0,0,,,0,1
829,ACC000829,salary,False,False,Hyderabad,SG,min,1730678400,58,False,0.2386,3009.21,0.951,0.0518,165364.48,1.0243,1148,137194.01,7,0,,,0,1
830,ACC000830,salary,False,False,Chennai,IN,full,1519084800,2507,False,0.2586,2503.67,1.135,0.0999,225303.02,1.445,114,220290.4,5,0,,,0,1
831,ACC000831,salary,False,False,Kochi,IN,full,1673136000,724,False,0.7987,1158.07,1.177,0.0448,79053.12,1.3446,141,68750.95,2,1,mule,fan_in|fan_out|smurfing,4,1
832,ACC000832,salary,False,False,Hyderabad,IN,full,1582416000,1774,False,0.9807,2111.5,0.96,0.087,104749.83,2.3037,143,82711.43,5,0,,,0,0
833,ACC000833,salary,False,False,Kolkata,IN,min,1444089600,3375,False,0.4655,1434.45,1.221,0.0787,93969.27,1.8478,1197,77200.95,2,0,,,0,1
834,ACC000834,salary,False,False,Bengaluru,IN,full,1506297600,2655,False,0.2395,2906.53,0.899,0.0544,119393.23,0.7849,600,116585.43,2,0,,,0,1
835,ACC000835,household,False,False,Mumbai,IN,full,1403740800,3842,False,0.4276,1230.31,1.067,0.0501,116017.05,0.8648,-1,0.0,0,0,,,0,0
836,ACC000836,salary,False,False,Chennai,IN,full,1642723200,1076,False,0.9382,1161.03,1.188,0.0447,134954.37,0.4563,782,121910.56,7,0,,,0,1
837,ACC000837,household,False,False,Jaipur,IN,full,1603843200,1526,False,0.4726,2879.86,1.034,0.0615,138314.04,1.2822,-1,0.0,0,0,,,0,1
838,ACC000838,household,False,False,Pune,IN,full,1589414400,1693,False,0.33,2521.09,1.185,0.0343,83207.36,0.804,-1,0.0,0,1,mule,fan_in,1,0
839,ACC000839,salary,False,False,Jaipur,IN,full,1547683200,2176,True,0.0067,1108.4,0.952,0.0999,148014.2,3.1621,1241,124873.51,6,0,,,0,1
840,ACC000840,small_business,True,True,Delhi,IN,full,1711238400,283,False,2.344,17616.81,1.225,0.0413,1809912.79,4.0456,-1,0.0,0,0,,,0,1
841,ACC000841,student,False,False,Chennai,IN,full,1582070400,1778,False,0.2588,371.47,0.984,0.1764,12655.18,1.3143,-1,0.0,0,0,,,0,1
842,ACC000842,household,False,False,Hyderabad,IN,full,1636588800,1147,False,0.6996,1980.23,0.968,0.0418,102206.94,0.756,-1,0.0,0,0,,,0,0
843,ACC000843,salary,False,False,Bengaluru,IN,full,1698105600,435,False,0.3754,2820.71,1.243,0.0711,133100.04,0.3978,1148,123695.88,7,0,,,0,1
844,ACC000844,salary,False,False,Delhi,IN,min,1533513600,2340,False,0.2836,1503.3,1.202,0.0335,108718.4,0.3742,1286,83303.1,3,0,,,0,1
845,ACC000845,student,False,False,Mumbai,IN,full,1643241600,1070,False,0.3136,329.79,0.827,0.1832,11561.82,0.5648,-1,0.0,0,0,,,0,1
846,ACC000846,salary,False,False,Hyderabad,IN,full,1623888000,1294,False,1.046,2531.07,1.079,0.0291,153187.72,0.2797,793,116652.35,7,0,,,0,1
847,ACC000847,small_business,True,True,Hyderabad,IN,full,1506988800,2647,False,2.1236,6744.58,1.443,0.0719,2904778.8,2.6723,-1,0.0,0,0,,,0,0
848,ACC000848,merchant,True,True,Ahmedabad,IN,full,1424563200,3601,False,7.9182,1063.67,0.805,0.052,3270159.2,29.3066,-1,0.0,0,0,,,0,0
849,ACC000849,large_business,True,True,Bengaluru,IN,full,1426291200,3581,False,8.1787,80984.34,1.608,0.0125,55340865.97,16.2812,-1,0.0,0,0,,,0,0
850,ACC000850,salary,False,False,Pune,IN,full,1638921600,1120,False,0.9169,1811.19,0.865,0.0455,84516.77,1.2009,1339,75838.98,5,0,,,0,1
851,ACC000851,salary,False,False,Bengaluru,IN,min,1575849600,1850,False,0.1312,1242.06,1.199,0.0951,200752.79,1.0864,1027,168297.83,2,0,,,0,1
852,ACC000852,investment,True,True,Ahmedabad,IN,full,1650844800,982,False,0.2048,1729866.36,1.532,0.0487,39804382.3,5.011,-1,0.0,0,0,,,0,0
853,ACC000853,salary,False,False,Delhi,IN,full,1715299200,236,False,0.6477,1954.81,0.958,0.0983,116236.98,1.2138,146,107020.14,4,1,mule,fan_in|fan_out,5,0
854,ACC000854,salary,False,False,Mumbai,IN,full,1598832000,1584,False,0.7027,2085.68,1.16,0.0847,41465.17,0.6665,118,38576.25,1,0,,,0,1
855,ACC000855,household,False,False,Delhi,IN,min,1439510400,3428,False,0.4608,2724.06,1.179,0.0273,184158.64,1.792,-1,0.0,0,0,,,0,0
856,ACC000856,household,False,False,Delhi,IN,full,1444780800,3367,False,0.3608,3021.99,0.989,0.0757,169418.59,1.3395,-1,0.0,0,0,,,0,1
857,ACC000857,salary,False,False,Hyderabad,IN,full,1567382400,1948,False,0.1373,3358.88,0.926,0.0625,41263.79,2.7964,1247,39621.75,7,0,,,0,1
858,ACC000858,salary,False,False,Kochi,IN,full,1490054400,2843,False,0.9648,1204.06,0.908,0.0916,100681.93,2.5993,391,97189.48,4,0,,,0,0
859,ACC000859,merchant,True,True,Bengaluru,IN,full,1539043200,2276,False,2.7976,2477.67,0.912,0.1067,7314547.85,28.3405,-1,0.0,0,0,,,0,0
860,ACC000860,student,False,False,Mumbai,IN,min,1673827200,716,False,0.0971,197.24,1.077,0.0766,12504.39,0.4529,-1,0.0,0,0,,,0,1
861,ACC000861,large_business,True,True,Chennai,IN,full,1546300800,2192,False,9.2502,314211.2,1.364,0.0129,238482939.57,9.996,-1,0.0,0,1,source,mule_network|rapid_pass_through,2,1
862,ACC000862,salary,False,False,Mumbai,IN,full,1605744000,1504,False,0.5802,1020.87,0.884,0.0833,66992.02,0.5941,138,66759.48,6,0,,,0,1
863,ACC000863,freelancer,False,False,Jaipur,IN,full,1547596800,2177,True,0.026,5351.02,1.499,0.16,249907.9,2.8631,-1,0.0,0,0,,,0,1
864,ACC000864,small_business,True,True,Jaipur,IN,full,1600214400,1568,False,1.1771,14221.83,1.285,0.0309,2167725.79,8.2633,-1,0.0,0,0,,,0,0
865,ACC000865,small_business,True,True,Chennai,IN,full,1577145600,1835,False,1.33,10200.31,1.447,0.0605,930795.37,12.8836,-1,0.0,0,0,,,0,0
866,ACC000866,salary,False,False,Kochi,IN,min,1449964800,3307,False,0.4266,2021.5,0.984,0.0819,61675.66,1.3413,251,59823.48,5,0,,,0,1
867,ACC000867,freelancer,False,False,Kochi,IN,full,1515196800,2552,True,0.0181,853.14,1.101,0.1106,390711.56,3.3011,-1,0.0,0,0,,,0,1
868,ACC000868,salary,False,False,Chennai,IN,full,1444953600,3365,False,0.169,3380.58,0.922,0.0371,64998.09,1.9989,1148,49807.73,4,0,,,0,1
869,ACC000869,household,False,False,Jaipur,IN,min,1663372800,837,False,0.7959,3069.98,0.971,0.0779,146357.25,0.4546,-1,0.0,0,0,,,0,0
870,ACC000870,salary,False,False,Bengaluru,IN,full,1720915200,171,False,0.3556,2077.55,1.106,0.0529,242604.08,1.9702,958,228699.72,1,0,,,0,1
871,ACC000871,investment,True,True,Kolkata,IN,full,1477094400,2993,False,0.3584,740807.98,1.44,0.0304,24620090.26,4.0527,-1,0.0,0,0,,,0,0
872,ACC000872,salary,False,False,Jaipur,IN,full,1631836800,1202,False,0.5498,1177.3,1.15,0.0661,205168.76,2.6615,181,193948.46,7,0,,,0,1
873,ACC000873,large_business,True,True,Mumbai,IN,full,1694736000,474,False,15.0009,381758.96,1.339,0.0533,223170428.63,15.5382,-1,0.0,0,0,,,0,0
874,ACC000874,salary,False,False,Kochi,IN,min,1467676800,3102,False,0.1828,2838.86,0.951,0.0549,195468.02,1.3966,1114,180184.26,4,0,,,0,1
875,ACC000875,household,False,False,Kochi,IN,full,1646352000,1034,False,0.5319,2052.4,1.163,0.027,60508.87,2.2421,-1,0.0,0,0,,,0,1
876,ACC000876,salary,False,False,Chennai,IN,full,1635292800,1162,False,0.7706,955.94,1.055,0.0507,112641.04,1.1572,1228,90224.09,4,0,,,0,1
877,ACC000877,small_business,True,True,Pune,IN,full,1512604800,2582,False,2.1035,5805.66,1.205,0.0586,2893405.9,8.0248,-1,0.0,0,0,,,0,1
878,ACC000878,household,False,False,Chennai,IN,full,1680912000,634,False,0.1916,3827.91,1.148,0.0882,162725.58,0.7925,-1,0.0,0,0,,,0,1
879,ACC000879,salary,False,False,Hyderabad,IN,min,1600214400,1568,False,0.2502,3030.49,1.152,0.0505,244354.46,0.433,141,209368.37,4,0,,,0,1
880,ACC000880,salary,False,False,Jaipur,IN,min,1673222400,723,False,0.35,2212.8,1.158,0.0424,199775.32,1.4032,1226,176049.63,3,0,,,0,0
881,ACC000881,household,False,False,Ahmedabad,IN,min,1671148800,747,False,0.168,1365.8,1.085,0.0557,162826.43,1.0801,-1,0.0,0,0,,,0,0
882,ACC000882,freelancer,False,False,Bengaluru,IN,full,1646784000,1029,False,0.2212,1819.06,1.327,0.1384,355193.59,7.0832,-1,0.0,0,0,,,0,1
883,ACC000883,student,False,False,Delhi,IN,full,1532044800,2357,False,0.5123,476.88,1.064,0.1155,22945.48,0.5473,-1,0.0,0,0,,,0,1
884,ACC000884,household,False,False,Mumbai,IN,min,1480723200,2951,False,0.361,1752.38,0.829,0.0298,28948.46,0.9195,-1,0.0,0,0,,,0,1
885,ACC000885,salary,False,False,Jaipur,IN,full,1430784000,3529,False,0.3539,2387.05,1.113,0.0857,76582.08,0.4687,518,65317.24,6,0,,,0,1
886,ACC000886,salary,False,False,Delhi,IN,min,1515888000,2544,False,0.6223,2890.3,1.092,0.0644,53286.0,0.3333,1148,43067.84,2,1,intermediary|mule,fan_in|fan_out|layering_chain,4,0
887,ACC000887,salary,False,False,Bengaluru,IN,full,1537574400,2293,False,0.6483,797.66,1.15,0.0495,109167.1,0.5858,1448,95965.58,5,1,mule,fan_in|fan_out|mule_network,6,1
888,ACC000888,salary,False,False,Jaipur,IN,full,1533686400,2338,False,0.3716,1038.52,0.901,0.0357,201839.57,1.5447,442,166822.05,5,0,,,0,1
889,ACC000889,salary,False,False,Hyderabad,IN,full,1567468800,1947,False,0.8009,1971.71,0.891,0.082,245994.41,1.3934,76,212414.8,2,0,,,0,1
890,ACC000890,student,False,False,Ahmedabad,IN,full,1475107200,3016,False,0.3781,805.84,0.881,0.191,10000.83,0.8038,-1,0.0,0,0,,,0,0
891,ACC000891,salary,False,False,Kolkata,IN,min,1622678400,1308,False,0.4467,2423.51,1.119,0.0509,127798.91,2.8012,819,105560.24,5,0,,,0,1
892,ACC000892,salary,False,False,Chennai,IN,full,1624060800,1292,False,0.4358,2055.27,1.223,0.0305,35547.58,1.2488,1276,28549.27,2,0,,,0,1
893,ACC000893,salary,False,False,Pune,IN,full,1658534400,893,False,0.2681,1547.45,1.186,0.0818,231045.29,0.5744,611,194650.75,3,0,,,0,0
894,ACC000894,salary,False,False,Jaipur,IN,full,1575504000,1854,False,0.5497,2370.41,0.947,0.066,55950.94,0.8924,861,50435.62,3,0,,,0,1
895,ACC000895,salary,False,False,Hyderabad,IN,full,1726099200,111,False,0.1967,2282.27,0.892,0.0238,121054.11,0.9112,1354,120194.29,3,0,,,0,1
896,ACC000896,student,False,False,Jaipur,IN,min,1588982400,1698,False,0.2854,626.12,0.91,0.1006,6379.63,0.8227,-1,0.0,0,0,,,0,0
897,ACC000897,household,False,False,Mumbai,IN,full,1597536000,1599,False,0.5797,3188.18,0.817,0.0736,139842.76,0.7082,-1,0.0,0,0,,,0,1
898,ACC000898,salary,False,False,Pune,IN,full,1425081600,3595,False,0.3972,1449.34,1.004,0.0938,35188.26,1.5674,76,34199.6,1,0,,,0,1
899,ACC000899,freelancer,False,False,Ahmedabad,IN,full,1414281600,3720,False,0.1407,4553.14,1.559,0.0682,160638.01,2.1442,-1,0.0,0,0,,,0,0
900,ACC000900,small_business,True,True,Jaipur,IN,full,1398211200,3906,False,1.3156,4262.89,1.397,0.0708,3306907.07,7.3583,-1,0.0,0,0,,,0,1
901,ACC000901,student,False,False,Chennai,SG,full,1461715200,3171,False,0.3211,552.22,0.836,0.2048,13592.66,1.1147,-1,0.0,0,0,,,0,1
902,ACC000902,salary,False,False,Bengaluru,IN,full,1554854400,2093,False,0.7462,2413.65,0.893,0.086,249997.61,1.4808,1198,246631.83,4,0,,,0,1
903,ACC000903,salary,False,False,Kolkata,IN,min,1643846400,1063,False,0.4346,2063.98,0.943,0.0251,129006.49,1.0872,701,116135.8,2,0,,,0,1
904,ACC000904,salary,False,False,Jaipur,IN,min,1455926400,3238,False,0.4024,741.0,1.12,0.0517,174313.61,0.7163,557,134242.98,3,0,,,0,1
905,ACC000905,small_business,True,True,Pune,IN,full,1636416000,1149,True,0.0213,23005.54,1.155,0.0716,1535910.02,8.7811,-1,0.0,0,0,,,0,0
906,ACC000906,small_business,True,True,Mumbai,IN,full,1462233600,3165,False,2.2552,13819.06,1.285,0.0481,1147756.59,7.8853,-1,0.0,0,0,,,0,0
907,ACC000907,salary,False,False,Mumbai,IN,min,1639699200,1111,False,0.1643,2034.72,1.227,0.025,188161.49,0.7664,1080,174780.04,4,0,,,0,1
908,ACC000908,salary,False,False,Kolkata,IN,full,1715126400,238,False,0.4713,1759.11,0.969,0.0834,139251.4,1.4977,794,121866.57,4,0,,,0,0
909,ACC000909,student,False,False,Chennai,IN,min,1647216000,1024,False,0.2628,371.65,0.857,0.1288,18004.96,0.3303,-1,0.0,0,0,,,0,1
910,ACC000910,salary,False,False,Chennai,IN,full,1561852800,2012,False,0.327,1056.03,1.099,0.0819,45530.22,0.589,247,35508.08,1,0,,,0,1
911,ACC000911,salary,False,False,Jaipur,IN,full,1703289600,375,False,1.1986,1326.59,1.111,0.0556,135924.0,0.5907,253,116865.73,6,0,,,0,1
912,ACC000912,salary,False,False,Jaipur,IN,full,1390867200,3991,False,0.7792,748.31,1.098,0.0581,49709.96,1.0404,697,42656.88,7,0,,,0,1
913,ACC000913,small_business,True,True,Kolkata,IN,min,1492646400,2813,False,1.2569,7633.75,1.077,0.0447,956718.8,5.6245,-1,0.0,0,0,,,0,0
914,ACC000914,student,False,False,Ahmedabad,IN,full,1614816000,1399,False,0.1655,784.47,1.097,0.0905,16220.01,0.7468,-1,0.0,0,0,,,0,1
915,ACC000915,salary,False,False,Hyderabad,IN,full,1557187200,2066,False,0.8945,2117.71,1.183,0.063,40109.92,1.4385,673,39860.37,7,0,,,0,1
916,ACC000916,salary,False,False,Chennai,IN,full,1449014400,3318,False,0.4926,3484.31,1.006,0.0487,60598.61,0.8645,44,53453.64,4,0,,,0,1
917,ACC000917,salary,False,False,Chennai,IN,full,1646784000,1029,False,0.544,3053.64,1.042,0.0721,74320.59,0.6575,158,57546.29,1,0,,,0,0
918,ACC000918,household,False,False,Chennai,IN,full,1620518400,1333,False,0.5142,1871.19,0.85,0.0307,26706.03,1.5937,-1,0.0,0,0,,,0,1
919,ACC000919,merchant,True,True,Chennai,IN,full,1424217600,3605,False,3.3202,2659.64,0.911,0.1174,435529.95,46.1026,-1,0.0,0,0,,,0,0
920,ACC000920,salary,False,False,Kochi,IN,min,1420156800,3652,False,0.6692,1656.81,1.149,0.0373,177918.6,1.246,958,143606.53,3,0,,,0,1
921,ACC000921,freelancer,False,False,Kolkata,IN,min,1625875200,1271,False,0.4619,2340.84,1.21,0.0704,197977.54,3.0672,-1,0.0,0,0,,,0,0
922,ACC000922,small_business,True,True,Pune,IN,full,1585785600,1735,False,1.374,21951.46,1.301,0.0484,1156232.24,2.8887,-1,0.0,0,0,,,0,0
923,ACC000923,salary,False,False,Bengaluru,IN,min,1525651200,2431,False,0.5799,1770.87,1.046,0.061,214174.68,1.5989,500,183994.01,4,0,,,0,1
924,ACC000924,small_business,True,True,Mumbai,IN,full,1707523200,326,False,3.2963,2042.49,1.294,0.0324,3584906.42,6.8586,-1,0.0,0,0,,,0,0
925,ACC000925,salary,False,False,Bengaluru,IN,full,1583625600,1760,False,0.8452,760.08,0.866,0.0685,209091.59,1.5654,165,192409.76,1,0,,,0,1
926,ACC000926,small_business,True,True,Hyderabad,IN,full,1394236800,3952,False,3.0197,21704.61,1.054,0.065,967423.38,28.407,-1,0.0,0,0,,,0,0
927,ACC000927,household,False,False,Bengaluru,IN,full,1499126400,2738,False,0.7146,3341.09,1.052,0.0683,62116.71,4.4726,-1,0.0,0,0,,,0,1
928,ACC000928,salary,False,False,Jaipur,IN,full,1688860800,542,False,0.7576,2169.58,1.124,0.0384,98103.83,1.2943,1228,78270.04,7,0,,,0,1
929,ACC000929,salary,False,False,Chennai,IN,full,1680393600,640,True,0.0098,3227.75,1.242,0.0809,122879.4,1.6057,766,119066.63,2,0,,,0,1
930,ACC000930,salary,False,False,Jaipur,IN,full,1653782400,948,False,0.5893,1609.16,1.095,0.0487,107186.39,3.6325,249,95054.3,1,0,,,0,0
931,ACC000931,household,False,False,Bengaluru,IN,full,1394582400,3948,False,0.3064,861.9,1.153,0.0373,89274.58,2.4039,-1,0.0,0,0,,,0,1
932,ACC000932,small_business,True,True,Kochi,IN,full,1576800000,1839,False,0.5539,14396.46,1.271,0.0543,517873.95,5.0462,-1,0.0,0,0,,,0,0
933,ACC000933,large_business,True,True,Bengaluru,IN,full,1690329600,525,False,2.176,85689.27,1.512,0.0476,150858840.05,6.9782,-1,0.0,0,0,,,0,0
934,ACC000934,salary,False,False,Jaipur,IN,full,1695168000,469,False,0.3254,2443.42,1.18,0.0568,154130.76,0.3941,933,150321.35,7,1,mule,fan_in|mule_network|smurfing,3,1
935,ACC000935,small_business,True,True,Delhi,IN,full,1517961600,2520,False,1.6851,22388.54,0.962,0.0728,2077938.71,5.0087,-1,0.0,0,0,,,0,0
936,ACC000936,student,False,False,Mumbai,IN,min,1697328000,444,False,0.3033,331.64,1.01,0.1059,12377.08,1.439,-1,0.0,0,0,,,0,0
937,ACC000937,household,False,False,Jaipur,IN,full,1545091200,2206,False,0.486,3851.67,0.805,0.0485,134313.94,2.3413,-1,0.0,0,0,,,0,1
938,ACC000938,salary,False,False,Mumbai,IN,min,1470614400,3068,False,0.5757,3386.44,1.047,0.0465,54967.11,1.3026,246,41796.47,7,0,,,0,1
939,ACC000939,salary,False,False,Ahmedabad,IN,full,1550016000,2149,False,0.6722,2038.14,1.109,0.0308,92697.75,1.6521,1153,88997.15,7,0,,,0,1
940,ACC000940,small_business,True,True,Kochi,IN,full,1701302400,398,False,0.5725,6572.64,1.202,0.0604,1102500.72,14.7384,-1,0.0,0,0,,,0,0
941,ACC000941,small_business,True,True,Mumbai,IN,full,1468368000,3094,False,1.1533,15018.55,1.251,0.0613,2316333.04,3.1542,-1,0.0,0,0,,,0,0
942,ACC000942,investment,True,True,Bengaluru,IN,full,1603584000,1529,False,0.1134,493879.27,1.142,0.0318,23065638.35,16.8689,-1,0.0,0,0,,,0,0
943,ACC000943,salary,False,False,Kolkata,IN,full,1499990400,2728,False,0.2601,3045.01,1.204,0.0586,83629.65,1.8388,78,74164.32,6,0,,,0,1
944,ACC000944,freelancer,False,False,Chennai,IN,min,1623196800,1302,False,0.3924,5059.31,1.375,0.0898,144436.95,8.3078,-1,0.0,0,1,destination|intermediary,circular_flow|layering_chain,2,1
945,ACC000945,salary,False,False,Bengaluru,IN,full,1671408000,744,False,0.5482,2103.59,1.078,0.0813,142301.24,1.0177,137,108744.96,3,0,,,0,1
946,ACC000946,freelancer,False,False,Kolkata,IN,full,1426291200,3581,False,0.1241,2454.97,1.563,0.1599,193143.43,8.7453,-1,0.0,0,0,,,0,1
947,ACC000947,salary,False,False,Kolkata,IN,min,1459987200,3191,False,0.1779,1188.86,1.092,0.0653,242597.79,1.7854,89,200399.44,5,1,mule,fan_in|fan_out|mule_network,5,1
948,ACC000948,salary,False,False,Jaipur,IN,min,1477785600,2985,False,0.1794,2315.29,0.991,0.0888,47440.67,3.095,244,44552.18,7,0,,,0,1
949,ACC000949,student,False,False,Chennai,IN,full,1656547200,916,False,0.2972,836.94,0.805,0.0928,15282.32,0.5443,-1,0.0,0,0,,,0,1
950,ACC000950,salary,False,False,Jaipur,IN,full,1515801600,2545,False,0.524,2070.73,1.101,0.0871,105386.58,0.9236,68,103781.38,5,0,,,0,0
951,ACC000951,merchant,True,True,Delhi,IN,full,1409702400,3773,False,3.041,1315.85,0.869,0.1356,8221350.76,47.6936,-1,0.0,0,0,,,0,0
952,ACC000952,small_business,True,True,Delhi,IN,full,1674518400,708,False,1.2682,20193.11,1.36,0.0649,2793818.27,7.8048,-1,0.0,0,0,,,0,0
953,ACC000953,household,False,False,Pune,IN,full,1624838400,1283,False,0.5554,2597.81,1.135,0.0691,132827.22,1.5863,-1,0.0,0,1,mule,fan_in|fan_out|mule_network,4,1
954,ACC000954,salary,False,False,Kochi,IN,full,1473811200,3031,False,0.5356,2894.39,0.897,0.0772,150291.18,1.1629,1268,148391.94,6,0,,,0,1
955,ACC000955,household,False,False,Mumbai,IN,full,1525478400,2433,False,1.078,2684.73,1.173,0.0274,75215.16,1.7765,-1,0.0,0,0,,,0,1
956,ACC000956,small_business,True,True,Chennai,IN,full,1709942400,298,False,0.9144,3432.97,0.956,0.0356,1349151.7,1.9217,-1,0.0,0,0,,,0,1
957,ACC000957,salary,False,False,Chennai,IN,min,1649721600,995,False,0.6425,3297.65,0.901,0.0949,214185.62,0.7771,333,188758.99,1,0,,,0,1
958,ACC000958,large_business,True,True,Delhi,IN,full,1485907200,2891,False,6.0825,365743.34,1.147,0.0405,118862637.6,12.1439,-1,0.0,0,0,,,0,1
959,ACC000959,freelancer,False,False,Kolkata,IN,min,1605744000,1504,False,0.5285,3155.48,1.117,0.0618,252943.4,3.443,-1,0.0,0,0,,,0,1
960,ACC000960,salary,False,False,Kolkata,IN,full,1452816000,3274,False,0.3742,1249.97,1.03,0.0322,112217.89,0.6009,1395,85176.21,5,0,,,0,1
961,ACC000961,freelancer,False,False,Jaipur,IN,full,1590796800,1677,False,0.1311,4807.94,1.298,0.1237,191815.57,1.57,-1,0.0,0,0,,,0,1
962,ACC000962,student,False,False,Ahmedabad,IN,full,1553126400,2113,False,0.0951,840.59,1.039,0.0831,6361.76,0.7683,-1,0.0,0,0,,,0,1
963,ACC000963,merchant,True,True,Ahmedabad,IN,full,1707868800,322,False,2.1506,2956.44,0.771,0.1124,2359610.55,96.5006,-1,0.0,0,0,,,0,0
964,ACC000964,salary,False,False,Jaipur,IN,full,1631923200,1201,False,0.4195,2299.09,0.908,0.0321,90663.89,1.3869,1185,81290.51,7,1,mule,fan_in|fan_out,5,1
965,ACC000965,salary,False,False,Ahmedabad,IN,full,1685145600,585,False,0.397,1381.88,1.056,0.0245,229629.3,1.3065,1114,172960.49,2,0,,,0,1
966,ACC000966,small_business,True,True,Pune,IN,full,1665014400,818,False,3.0632,24048.22,1.22,0.075,609573.38,5.1636,-1,0.0,0,0,,,0,0
967,ACC000967,small_business,True,True,Mumbai,IN,full,1390608000,3994,False,1.9286,13855.23,1.153,0.0379,3246825.12,8.289,-1,0.0,0,0,,,0,0
968,ACC000968,salary,False,False,Ahmedabad,IN,full,1470441600,3070,False,0.2504,3013.75,1.011,0.0548,138006.79,0.6352,705,130355.19,6,0,,,0,0
969,ACC000969,small_business,True,True,Chennai,IN,full,1723075200,146,False,1.1982,8992.85,1.159,0.0233,2413904.11,10.944,-1,0.0,0,0,,,0,0
970,ACC000970,small_business,True,True,Delhi,IN,min,1554940800,2092,False,2.1358,1951.53,1.297,0.0398,466825.82,8.4688,-1,0.0,0,0,,,0,0
971,ACC000971,household,False,False,Kochi,IN,min,1494115200,2796,False,0.4534,2307.44,1.027,0.0366,78063.58,2.0419,-1,0.0,0,0,,,0,1
972,ACC000972,student,False,False,Delhi,IN,full,1717891200,206,False,0.3808,444.63,0.946,0.1086,10137.81,0.7269,-1,0.0,0,0,,,0,0
973,ACC000973,small_business,True,True,Bengaluru,IN,full,1731110400,53,False,1.1665,6154.49,0.989,0.0321,348691.99,20.4028,-1,0.0,0,0,,,0,0
974,ACC000974,salary,False,False,Hyderabad,IN,full,1510012800,2612,False,0.4294,2779.92,1.065,0.0419,77845.98,0.9113,67,76380.42,4,0,,,0,1
975,ACC000975,small_business,True,True,Kochi,IN,full,1529971200,2381,False,0.6542,6648.34,1.009,0.0714,631466.28,10.6058,-1,0.0,0,1,intermediary,circular_flow,1,1
976,ACC000976,salary,False,False,Ahmedabad,IN,min,1455408000,3244,False,0.4184,3399.32,1.027,0.0586,123572.27,0.2821,1249,110077.52,7,0,,,0,1
977,ACC000977,salary,False,False,Pune,IN,full,1699920000,414,False,0.1804,3186.09,0.885,0.0802,169804.61,0.8841,546,128165.27,7,0,,,0,1
978,ACC000978,salary,False,False,Hyderabad,IN,full,1664064000,829,False,0.2797,934.02,0.874,0.0749,238736.42,0.7644,614,199551.65,6,0,,,0,1
979,ACC000979,student,False,False,Ahmedabad,IN,full,1402444800,3857,False,0.2677,781.42,1.05,0.0921,5298.44,0.6943,-1,0.0,0,0,,,0,1
980,ACC000980,salary,False,False,Delhi,IN,full,1646870400,1028,False,0.6058,2817.62,0.941,0.0239,180302.01,1.5278,116,163617.65,6,0,,,0,1
981,ACC000981,salary,False,False,Hyderabad,IN,full,1439337600,3430,False,0.4909,769.17,0.958,0.0882,64514.51,2.0461,368,50603.45,6,0,,,0,1
982,ACC000982,salary,False,False,Jaipur,IN,full,1718668800,197,False,0.5141,2782.63,0.983,0.0842,181615.67,0.6178,656,168958.32,2,0,,,0,1
983,ACC000983,freelancer,False,False,Kochi,IN,full,1696464000,454,False,0.3575,2861.96,1.28,0.1178,257247.92,2.4453,-1,0.0,0,0,,,0,1
984,ACC000984,salary,False,False,Delhi,IN,min,1711929600,275,False,0.329,1673.03,1.114,0.0315,242957.87,1.2822,1169,224459.43,4,0,,,0,1
985,ACC000985,merchant,True,True,Jaipur,IN,full,1709856000,299,False,3.0769,2948.44,0.914,0.0982,5114128.11,35.1092,-1,0.0,0,0,,,0,0
986,ACC000986,freelancer,False,False,Mumbai,IN,full,1618185600,1360,False,0.4281,2885.76,1.458,0.1774,276141.5,3.2104,-1,0.0,0,0,,,0,0
987,ACC000987,freelancer,False,False,Jaipur,IN,full,1520121600,2495,False,0.3188,2872.09,1.169,0.0503,189314.71,4.017,-1,0.0,0,0,,,0,0
988,ACC000988,salary,False,False,Kochi,IN,full,1590364800,1682,False,0.1708,1146.85,1.114,0.0699,49014.78,3.902,1300,42136.86,1,0,,,0,1
989,ACC000989,small_business,True,True,Kolkata,IN,full,1414800000,3714,False,3.7759,2205.96,1.163,0.0332,2229761.02,4.4726,-1,0.0,0,1,collector|destination|intermediary,fan_in|layering_chain,3,0
990,ACC000990,household,False,False,Pune,IN,full,1500336000,2724,False,0.5378,930.13,0.896,0.0744,89523.92,0.6838,-1,0.0,0,0,,,0,0
991,ACC000991,small_business,True,True,Bengaluru,IN,min,1694217600,480,False,0.8445,23582.94,1.298,0.027,2510246.46,4.5716,-1,0.0,0,0,,,0,1
992,ACC000992,salary,False,False,Mumbai,IN,full,1453161600,3270,False,0.3175,2388.77,0.861,0.083,35194.38,1.0907,89,29578.82,4,0,,,0,1
993,ACC000993,student,False,False,Delhi,IN,full,1669248000,769,False,0.1102,305.22,0.924,0.2129,16023.84,0.3534,-1,0.0,0,0,,,0,1
994,ACC000994,salary,False,False,Bengaluru,IN,min,1690675200,521,False,1.1177,2582.78,1.12,0.0201,143163.95,4.4816,861,118479.63,7,0,,,0,1
995,ACC000995,merchant,True,True,Mumbai,IN,full,1507593600,2640,False,2.3748,3734.01,0.769,0.0724,3227391.34,22.5193,-1,0.0,0,0,,,0,0
996,ACC000996,salary,False,False,Kolkata,IN,full,1414281600,3720,False,0.621,2580.37,0.973,0.0313,175539.52,1.4313,323,169495.06,5,0,,,0,1
997,ACC000997,salary,False,False,Chennai,IN,min,1487030400,2878,False,0.8854,1266.88,0.867,0.0952,76856.06,1.6788,1023,75519.39,4,0,,,0,1
998,ACC000998,salary,False,False,Mumbai,AE,full,1462492800,3162,False,0.5769,1036.12,1.235,0.0487,239433.58,0.548,1421,192990.33,1,0,,,0,1
999,ACC000999,large_business,True,True,Jaipur,IN,full,1419206400,3663,False,20.6813,69262.55,1.499,0.0125,222139274.19,8.0977,-1,0.0,0,0,,,0,1
1000,ACC001000,salary,False,False,Mumbai,IN,min,1551225600,2135,False,0.6416,2622.75,1.009,0.0405,119208.34,0.9585,226,101748.97,2,0,,,0,1
1001,ACC001001,household,False,False,Delhi,IN,full,1665014400,818,False,0.0902,2986.46,1.2,0.0715,123876.11,1.2548,-1,0.0,0,0,,,0,1
1002,ACC001002,salary,False,False,Kolkata,IN,min,1439337600,3430,False,0.5939,935.14,1.249,0.0663,73615.12,0.8272,681,58242.09,6,1,intermediary|mule,fan_in|fan_out|layering_chain|mule_network,5,1
1003,ACC001003,salary,False,False,Kolkata,IN,full,1540080000,2264,False,0.3683,3386.81,1.003,0.0357,81654.6,0.6527,82,71551.93,1,0,,,0,1
1004,ACC001004,freelancer,False,False,Kolkata,IN,full,1511913600,2590,False,0.0853,4151.17,1.146,0.0846,380098.95,2.9672,-1,0.0,0,0,,,0,1
1005,ACC001005,investment,True,True,Delhi,IN,min,1522368000,2469,False,0.0747,2478398.76,1.315,0.0407,47999882.42,4.9661,-1,0.0,0,0,,,0,1
1006,ACC001006,student,False,False,Delhi,IN,full,1474502400,3023,False,0.0446,120.21,0.783,0.1542,18701.66,0.7701,-1,0.0,0,1,mule,fan_out,1,1
1007,ACC001007,freelancer,False,False,Kochi,IN,min,1491436800,2827,False,0.3885,5955.81,1.47,0.1544,321999.51,1.9566,-1,0.0,0,0,,,0,0
1008,ACC001008,salary,False,False,Jaipur,IN,full,1499212800,2737,False,0.6857,701.49,1.235,0.0538,230345.71,0.6573,165,199638.28,3,0,,,0,1
1009,ACC001009,freelancer,False,False,Pune,IN,full,1499990400,2728,False,0.0791,4342.75,1.549,0.1323,366340.74,4.5835,-1,0.0,0,0,,,0,1
1010,ACC001010,merchant,True,True,Pune,IN,full,1659052800,887,False,2.0006,2045.44,0.81,0.1119,8571947.37,33.4162,-1,0.0,0,0,,,0,0
1011,ACC001011,household,False,False,Delhi,IN,full,1645833600,1040,False,0.7743,1029.89,0.972,0.0894,184626.52,1.0672,-1,0.0,0,0,,,0,1
1012,ACC001012,small_business,True,True,Mumbai,IN,min,1721865600,160,False,3.3181,18194.38,0.961,0.0355,3457180.31,2.8276,-1,0.0,0,0,,,0,0
1013,ACC001013,student,False,False,Ahmedabad,IN,full,1609718400,1458,False,0.4385,687.45,0.894,0.1086,15131.75,0.2599,-1,0.0,0,0,,,0,1
1014,ACC001014,freelancer,False,False,Kochi,IN,full,1705881600,345,False,0.5961,4132.61,1.46,0.0793,385806.65,2.7661,-1,0.0,0,0,,,0,1
1015,ACC001015,salary,False,False,Bengaluru,IN,full,1570060800,1917,False,0.2579,1682.61,1.101,0.0321,150987.11,0.7893,222,150623.91,5,0,,,0,1
1016,ACC001016,salary,False,False,Chennai,IN,full,1574121600,1870,False,0.6106,3270.63,1.219,0.0909,232854.59,2.1092,671,226691.34,5,0,,,0,0
1017,ACC001017,small_business,True,True,Bengaluru,GB,min,1678579200,661,True,0.0393,7127.74,1.071,0.0581,3040253.32,1.1998,-1,0.0,0,0,,,0,0
1018,ACC001018,merchant,True,True,Delhi,IN,full,1713225600,260,False,2.3906,3931.01,1.007,0.0962,6663280.79,83.7389,-1,0.0,0,0,,,0,0
1019,ACC001019,salary,False,False,Chennai,IN,full,1471564800,3057,False,0.3844,1148.64,1.036,0.0712,160488.51,0.6456,399,147235.15,3,0,,,0,1
1020,ACC001020,household,False,False,Pune,IN,min,1599177600,1580,False,0.5488,1182.94,0.825,0.0378,97658.75,1.017,-1,0.0,0,0,,,0,0
1021,ACC001021,merchant,True,True,Bengaluru,IN,min,1583971200,1756,False,6.4014,2732.94,0.801,0.1346,1596394.95,36.7757,-1,0.0,0,0,,,0,1
1022,ACC001022,household,False,False,Chennai,IN,full,1559520000,2039,False,0.6225,1034.85,0.95,0.0347,83542.76,1.4086,-1,0.0,0,0,,,0,0
1023,ACC001023,large_business,True,True,Ahmedabad,IN,full,1412035200,3746,False,6.0938,186102.61,1.14,0.0128,86390502.73,16.1461,-1,0.0,0,0,,,0,0
1024,ACC001024,salary,False,False,Chennai,IN,min,1466553600,3115,False,1.5923,984.36,1.091,0.0241,125267.1,1.1122,1032,105561.08,2,0,,,0,1
1025,ACC001025,household,False,False,Chennai,IN,full,1502409600,2700,False,0.4986,3855.51,1.088,0.0206,88669.43,1.356,-1,0.0,0,0,,,0,1
1026,ACC001026,investment,True,True,Mumbai,IN,full,1636675200,1146,False,0.2935,2005159.58,1.182,0.0275,6630359.2,10.5086,-1,0.0,0,0,,,0,0
1027,ACC001027,small_business,True,True,Jaipur,IN,full,1661904000,854,False,1.3622,18010.12,1.243,0.0679,3055608.26,4.0436,-1,0.0,0,0,,,0,1
1028,ACC001028,salary,False,False,Delhi,IN,full,1705276800,352,False,0.3489,3079.67,1.155,0.0988,121519.14,0.6185,1167,93818.88,7,0,,,0,1
1029,ACC001029,salary,False,False,Kochi,IN,min,1521244800,2482,False,0.8658,1718.12,0.972,0.0811,70273.03,0.914,36,58211.4,4,0,,,0,1
1030,ACC001030,salary,False,False,Kochi,IN,min,1513468800,2572,False,0.2662,2643.95,0.988,0.0953,206178.35,0.555,1072,193873.38,2,0,,,0,1
1031,ACC001031,household,False,False,Mumbai,IN,full,1599436800,1577,False,0.2601,3594.82,1.072,0.0226,88559.16,2.9485,-1,0.0,0,0,,,0,1
1032,ACC001032,large_business,True,True,Chennai,IN,full,1681862400,623,False,7.5335,189861.08,1.374,0.0349,100568509.84,9.5522,-1,0.0,0,1,source,rapid_pass_through,2,0
1033,ACC001033,salary,False,False,Bengaluru,IN,full,1406332800,3812,False,0.7665,2360.15,0.875,0.0546,238751.66,2.0616,230,194749.57,3,1,mule,fan_in|fan_out,3,1
1034,ACC001034,student,False,False,Chennai,IN,full,1459728000,3194,False,0.3339,803.28,0.873,0.1576,11012.04,0.1629,-1,0.0,0,0,,,0,1
1035,ACC001035,salary,False,False,Delhi,IN,full,1645142400,1048,False,0.2438,1790.74,0.999,0.0892,244177.3,0.9459,341,236277.5,6,0,,,0,1
1036,ACC001036,freelancer,False,False,Jaipur,IN,full,1633046400,1188,False,0.4389,5895.63,1.558,0.1086,256583.18,5.3862,-1,0.0,0,1,destination|intermediary|source,circular_flow|layering_chain,3,1
1037,ACC001037,salary,False,False,Mumbai,IN,min,1609113600,1465,False,0.2923,2169.9,1.163,0.0814,113373.62,0.5149,137,89473.84,3,0,,,0,1
1038,ACC001038,merchant,True,True,Pune,IN,full,1540944000,2254,False,6.3495,3976.68,0.924,0.1311,2328337.06,46.4058,-1,0.0,0,0,,,0,0
1039,ACC001039,small_business,True,True,Kolkata,IN,full,1691625600,510,False,1.3457,2910.55,1.223,0.0232,2743142.87,6.9363,-1,0.0,0,0,,,0,0
1040,ACC001040,salary,False,False,Kolkata,IN,full,1627603200,1251,False,0.2484,885.31,1.055,0.0689,184303.34,1.1392,906,164845.24,6,0,,,0,0
1041,ACC001041,student,False,False,Mumbai,IN,full,1524009600,2450,False,0.6769,512.92,1.04,0.1144,7820.85,2.1917,-1,0.0,0,0,,,0,1
1042,ACC001042,salary,False,False,Hyderabad,IN,min,1492473600,2815,False,0.2087,2988.56,0.906,0.0945,39825.75,0.8843,789,38835.79,1,0,,,0,1
1043,ACC001043,student,False,False,Ahmedabad,IN,full,1724112000,134,False,0.1963,191.07,1.042,0.0695,10379.09,0.6583,-1,0.0,0,0,,,0,1
1044,ACC001044,salary,False,False,Jaipur,IN,full,1450051200,3306,False,1.0542,1748.73,0.942,0.0821,134341.14,1.6557,933,128469.11,7,1,mule,fan_in|fan_out|smurfing,4,1
1045,ACC001045,salary,False,False,Mumbai,IN,full,1687046400,563,False,0.7837,948.41,1.142,0.0709,114026.95,2.3976,1495,95154.28,2,0,,,0,1
1046,ACC001046,household,False,False,Bengaluru,IN,min,1410912000,3759,False,0.1465,1668.78,1.18,0.0344,117093.46,1.3644,-1,0.0,0,0,,,0,0
1047,ACC001047,freelancer,False,False,Jaipur,IN,min,1663632000,834,False,0.4054,1446.85,1.262,0.1464,72239.48,2.807,-1,0.0,0,0,,,0,1
1048,ACC001048,salary,False,False,Kolkata,IN,full,1656374400,918,False,0.7072,1975.75,0.959,0.0407,37283.31,1.1517,341,35379.22,2,0,,,0,1
1049,ACC001049,salary,False,False,Kolkata,IN,full,1415836800,3702,False,0.1409,889.84,1.201,0.0759,220289.65,0.9276,995,202620.4,1,0,,,0,1
1050,ACC001050,student,False,False,Pune,IN,min,1409270400,3778,False,0.3936,148.24,0.885,0.181,10821.73,1.0271,-1,0.0,0,0,,,0,0
1051,ACC001051,salary,False,False,Kolkata,HK,full,1498435200,2746,False,0.5894,1107.45,0.895,0.0843,71615.93,0.5592,421,58371.51,3,0,,,0,1
1052,ACC001052,salary,False,False,Jaipur,IN,min,1547596800,2177,True,0.0078,1286.1,1.086,0.0576,158348.53,1.8964,604,149639.33,2,0,,,0,1
1053,ACC001053,salary,False,False,Mumbai,IN,full,1664928000,819,False,0.5312,2802.93,0.852,0.0696,116860.0,1.0019,370,109912.31,6,0,,,0,1
1054,ACC001054,salary,False,False,Ahmedabad,IN,full,1485820800,2892,False,0.1803,3003.06,1.208,0.0869,35827.04,1.3241,134,30447.87,1,0,,,0,0
1055,ACC001055,salary,False,False,Jaipur,IN,full,1392422400,3973,False,0.3751,3427.75,1.161,0.0495,42607.01,0.2454,1118,42349.07,4,0,,,0,0
1056,ACC001056,freelancer,False,False,Chennai,IN,min,1621641600,1320,False,0.1457,4349.49,1.291,0.1248,70168.48,2.7822,-1,0.0,0,0,,,0,1
1057,ACC001057,salary,False,False,Pune,IN,min,1548115200,2171,False,0.1983,2735.42,0.981,0.0728,113021.71,0.2306,1114,92254.11,2,0,,,0,1
1058,ACC001058,freelancer,False,False,Kochi,IN,full,1507852800,2637,False,0.1996,4314.8,1.295,0.17,205414.86,3.3591,-1,0.0,0,1,destination,layering_chain|rapid_pass_through,2,1
1059,ACC001059,small_business,True,True,Delhi,IN,full,1538784000,2279,False,1.5311,9654.65,1.438,0.0642,1749925.07,6.1859,-1,0.0,0,0,,,0,0
1060,ACC001060,salary,False,False,Delhi,IN,min,1431302400,3523,False,0.2,1826.42,1.161,0.0612,221391.97,0.7309,1259,181474.19,3,0,,,0,1
1061,ACC001061,student,False,False,Kolkata,IN,full,1586390400,1728,False,0.516,880.56,1.073,0.179,10216.84,0.4032,-1,0.0,0,0,,,0,1
1062,ACC001062,small_business,True,True,Kochi,IN,full,1580342400,1798,False,1.8787,20773.48,1.201,0.0615,3200005.37,3.0129,-1,0.0,0,0,,,0,1
1063,ACC001063,salary,False,False,Chennai,IN,min,1709856000,299,False,0.8051,3371.58,1.063,0.0954,135583.87,0.6842,421,114650.36,6,0,,,0,1
1064,ACC001064,salary,False,False,Hyderabad,IN,full,1392249600,3975,False,0.6768,2743.68,0.859,0.0232,212782.04,1.1265,1276,185430.64,5,0,,,0,0
1065,ACC001065,salary,False,False,Jaipur,IN,full,1472774400,3043,False,0.4504,1998.37,0.908,0.0946,188648.67,0.8013,766,187869.33,4,0,,,0,1
1066,ACC001066,student,False,False,Pune,IN,min,1525651200,2431,False,0.168,643.54,1.054,0.123,6302.72,0.3677,-1,0.0,0,0,,,0,0
1067,ACC001067,salary,False,False,Bengaluru,IN,full,1437177600,3455,False,0.4442,3043.15,0.98,0.0671,246115.82,0.4351,1292,213460.86,7,1,intermediary|mule,fan_in|fan_out|layering_chain|mule_network,7,1
1068,ACC001068,salary,False,False,Kolkata,IN,full,1489795200,2846,False,1.0365,2307.03,1.043,0.0963,70125.61,0.388,1233,55347.01,4,0,,,0,1
1069,ACC001069,salary,False,False,Mumbai,IN,full,1441929600,3400,False,0.1587,1631.08,1.116,0.0321,128164.73,0.8966,2,104090.06,5,1,mule|transit,fan_in|fan_out|rapid_pass_through,4,1
1070,ACC001070,salary,False,False,Delhi,IN,full,1420934400,3643,False,0.148,1940.55,0.897,0.0662,166320.79,1.3753,1080,134033.64,2,0,,,0,1
1071,ACC001071,small_business,True,True,Mumbai,IN,full,1434931200,3481,False,1.5923,18258.78,1.342,0.0345,2430338.12,3.117,-1,0.0,0,1,collector,smurfing,1,1
1072,ACC001072,merchant,True,True,Chennai,IN,min,1450569600,3300,False,1.3363,735.82,1.009,0.0448,4511037.72,43.8206,-1,0.0,0,0,,,0,0
1073,ACC001073,small_business,True,True,Hyderabad,IN,full,1482883200,2926,False,0.9589,2223.81,1.197,0.0769,3091331.54,11.2867,-1,0.0,0,0,,,0,0
1074,ACC001074,student,False,False,Delhi,IN,full,1614124800,1407,False,0.3058,807.26,1.001,0.1184,24332.53,1.1543,-1,0.0,0,0,,,0,0
1075,ACC001075,small_business,True,True,Delhi,IN,min,1658102400,898,False,0.6459,24288.03,1.178,0.0493,1049386.09,6.3165,-1,0.0,0,0,,,0,0
1076,ACC001076,salary,False,False,Hyderabad,IN,min,1715904000,229,False,0.3919,1739.31,0.952,0.0831,142263.16,0.9237,1197,110314.62,5,0,,,0,1
1077,ACC001077,student,False,False,Pune,IN,full,1497916800,2752,False,0.416,283.27,0.899,0.1037,24454.28,0.3904,-1,0.0,0,0,,,0,0
1078,ACC001078,small_business,True,True,Chennai,IN,min,1571875200,1896,False,0.6863,24619.23,1.098,0.0371,896706.33,6.1645,-1,0.0,0,0,,,0,1
1079,ACC001079,merchant,True,True,Delhi,IN,min,1706918400,333,False,2.8303,1451.87,1.091,0.0622,5658806.65,34.2129,-1,0.0,0,0,,,0,1
1080,ACC001080,large_business,True,True,Kochi,IN,full,1432512000,3509,False,3.1696,94808.66,1.532,0.0422,103880876.89,49.7893,-1,0.0,0,0,,,0,0
1081,ACC001081,merchant,True,True,Hyderabad,IN,full,1392768000,3969,False,5.4611,2138.95,1.065,0.1312,8837451.85,53.3195,-1,0.0,0,0,,,0,0
1082,ACC001082,student,False,False,Hyderabad,IN,full,1540166400,2263,False,0.1487,464.01,0.876,0.1898,21068.04,1.0691,-1,0.0,0,0,,,0,0
1083,ACC001083,large_business,True,True,Pune,IN,min,1661212800,862,False,6.6436,245437.47,1.36,0.0336,100189690.72,2.8765,-1,0.0,0,0,,,0,0
1084,ACC001084,small_business,True,True,Pune,IN,min,1661904000,854,False,1.2448,13958.22,1.252,0.0784,1494403.46,6.2905,-1,0.0,0,0,,,0,0
1085,ACC001085,salary,False,False,Hyderabad,IN,min,1624665600,1285,False,0.6036,816.52,1.044,0.0311,120137.7,0.7315,758,106147.2,7,0,,,0,1
1086,ACC001086,salary,False,False,Delhi,IN,full,1702684800,382,False,0.3894,1976.39,0.988,0.0291,109726.4,0.7435,958,97276.7,3,0,,,0,1
1087,ACC001087,salary,False,False,Kolkata,IN,full,1723507200,141,False,0.9234,1267.91,0.901,0.0342,132532.24,1.4032,249,117692.62,5,0,,,0,1
1088,ACC001088,small_business,True,True,Kolkata,IN,full,1654992000,934,False,0.366,22412.13,1.066,0.0754,1210937.05,2.2596,-1,0.0,0,0,,,0,0
1089,ACC001089,salary,False,False,Ahmedabad,IN,min,1398643200,3901,False,0.3308,2660.74,0.914,0.0958,43030.06,2.9659,344,34311.92,7,0,,,0,1
1090,ACC001090,small_business,True,True,Pune,IN,full,1561852800,2012,False,0.9657,16130.05,1.253,0.078,2080293.16,2.7168,-1,0.0,0,0,,,0,0
1091,ACC001091,household,False,False,Hyderabad,IN,full,1684627200,591,False,0.1985,576.45,0.884,0.0745,159358.34,1.0502,-1,0.0,0,0,,,0,1
1092,ACC001092,student,False,False,Jaipur,IN,full,1617235200,1371,False,0.4707,514.04,1.083,0.0805,21556.23,0.9247,-1,0.0,0,0,,,0,1
1093,ACC001093,small_business,True,True,Pune,IN,full,1673827200,716,False,0.4733,14916.71,0.953,0.0301,2918058.84,3.563,-1,0.0,0,0,,,0,0
1094,ACC001094,household,False,False,Mumbai,IN,min,1600128000,1569,True,0.0214,3316.37,1.197,0.0726,155069.48,3.4988,-1,0.0,0,0,,,0,1
1095,ACC001095,salary,False,False,Delhi,IN,full,1466812800,3112,False,0.5302,2141.14,1.001,0.0855,219273.72,0.8479,600,217927.01,2,0,,,0,1
1096,ACC001096,small_business,True,True,Delhi,IN,full,1703808000,369,False,0.5474,11315.59,1.37,0.0649,1263577.52,4.6489,-1,0.0,0,0,,,0,0
1097,ACC001097,salary,False,False,Jaipur,IN,full,1424217600,3605,False,0.799,2107.61,1.062,0.048,65985.66,1.5144,82,62089.99,7,0,,,0,0
1098,ACC001098,merchant,True,True,Pune,IN,full,1449792000,3309,False,4.5966,2117.29,0.982,0.1237,7178113.19,41.4892,-1,0.0,0,0,,,0,1
1099,ACC001099,salary,False,False,Pune,IN,full,1503446400,2688,False,1.4725,3374.32,0.864,0.0731,154084.8,2.0159,627,148747.41,5,0,,,0,1
1100,ACC001100,household,False,False,Kochi,IN,full,1454284800,3257,False,0.5076,3910.05,0.972,0.0491,51826.68,1.4375,-1,0.0,0,0,,,0,0
1101,ACC001101,salary,False,False,Kochi,IN,full,1408838400,3783,False,1.3722,3305.68,0.99,0.0912,128776.23,0.7258,230,109805.15,3,0,,,0,1
1102,ACC001102,small_business,True,True,Kochi,IN,min,1582675200,1771,False,0.6502,1609.39,1.369,0.0749,3173903.34,6.0344,-1,0.0,0,0,,,0,0
1103,ACC001103,student,False,False,Chennai,IN,min,1502841600,2695,False,0.3784,459.16,0.915,0.1832,18407.27,0.6035,-1,0.0,0,0,,,0,1
1104,ACC001104,freelancer,False,False,Mumbai,IN,full,1572998400,1883,False,0.3511,3766.28,1.141,0.1264,313348.85,1.3794,-1,0.0,0,0,,,0,1
1105,ACC001105,salary,False,False,Chennai,IN,full,1600992000,1559,False,0.8531,3076.2,1.037,0.049,229358.95,0.5801,293,199593.27,2,0,,,0,1
1106,ACC001106,investment,True,True,Ahmedabad,IN,full,1573430400,1878,False,0.4338,192780.54,1.448,0.011,20766602.68,8.6351,-1,0.0,0,0,,,0,0
1107,ACC001107,investment,True,True,Bengaluru,US,full,1648080000,1014,True,0.0092,1570081.18,1.199,0.0116,30428561.59,13.4119,-1,0.0,0,0,,,0,1
1108,ACC001108,small_business,True,True,Pune,IN,min,1581033600,1790,False,1.7092,7643.81,1.361,0.0336,2003695.53,12.9764,-1,0.0,0,0,,,0,1
1109,ACC001109,salary,False,False,Delhi,IN,full,1682985600,610,False,0.419,1794.42,0.993,0.073,133809.95,4.0669,246,107955.66,7,0,,,0,1
1110,ACC001110,salary,False,False,Ahmedabad,IN,min,1550448000,2144,False,0.4822,2484.31,0.902,0.0614,227865.76,0.6629,333,216116.52,6,0,,,0,1
1111,ACC001111,small_business,True,True,Ahmedabad,IN,full,1511308800,2597,False,0.8833,10306.67,0.964,0.048,214742.75,6.6735,-1,0.0,0,0,,,0,0
1112,ACC001112,small_business,True,True,Ahmedabad,IN,full,1661644800,857,False,0.9035,14292.71,0.982,0.044,1770603.14,4.8968,-1,0.0,0,0,,,0,0
1113,ACC001113,household,False,False,Ahmedabad,IN,min,1663459200,836,False,0.5065,879.24,0.929,0.0899,121791.09,1.6891,-1,0.0,0,0,,,0,1
1114,ACC001114,large_business,True,True,Kolkata,IN,min,1668816000,774,False,6.2494,266783.14,1.34,0.0108,173040604.83,12.2294,-1,0.0,0,1,source,layering_chain,1,0
1115,ACC001115,salary,False,False,Bengaluru,IN,min,1578355200,1821,False,0.6414,3405.0,0.979,0.0858,236211.06,1.3288,1247,226545.63,2,0,,,0,1
1116,ACC001116,salary,False,False,Delhi,IN,full,1446508800,3347,False,0.1764,747.33,1.043,0.0743,242387.18,1.8126,421,239445.87,3,0,,,0,1
1117,ACC001117,salary,False,False,Chennai,IN,full,1606780800,1492,False,0.5361,635.82,1.045,0.0444,139369.37,1.5322,249,125125.27,5,0,,,0,1
1118,ACC001118,small_business,True,True,Hyderabad,IN,min,1648166400,1013,False,2.3422,15066.53,1.154,0.0234,3384174.74,3.2335,-1,0.0,0,0,,,0,0
1119,ACC001119,small_business,True,True,Hyderabad,IN,full,1418342400,3673,False,2.6449,20851.22,0.999,0.0759,2646727.46,3.4712,-1,0.0,0,0,,,0,0
1120,ACC001120,salary,False,False,Kolkata,IN,full,1600992000,1559,False,0.7986,3191.71,0.968,0.0289,99806.7,0.9354,714,78864.46,7,0,,,0,1
1121,ACC001121,merchant,True,True,Ahmedabad,IN,full,1485820800,2892,False,1.4365,3822.77,0.72,0.0949,704532.35,27.1247,-1,0.0,0,0,,,0,0
1122,ACC001122,small_business,True,True,Kochi,IN,min,1430006400,3538,False,1.4641,18619.79,1.409,0.0331,2992951.03,4.0995,-1,0.0,0,0,,,0,0
1123,ACC001123,merchant,True,True,Ahmedabad,IN,min,1450051200,3306,True,0.1835,1495.5,0.76,0.0924,1460950.83,65.7305,-1,0.0,0,0,,,0,0
1124,ACC001124,salary,False,False,Delhi,IN,full,1502928000,2694,False,0.1863,2783.74,1.217,0.0609,57256.48,1.2942,575,47379.89,1,0,,,0,1
1125,ACC001125,student,False,False,Jaipur,IN,full,1560643200,2026,False,0.477,554.81,0.78,0.1734,10003.89,0.4344,-1,0.0,0,0,,,0,0
1126,ACC001126,salary,False,False,Pune,IN,full,1414713600,3715,False,0.5111,1123.29,1.115,0.0321,79872.75,1.351,1259,71315.88,5,0,,,0,1
1127,ACC001127,small_business,True,True,Pune,IN,min,1590710400,1678,False,1.9769,3436.76,1.017,0.0344,3399279.71,6.7538,-1,0.0,0,0,,,0,1
1128,ACC001128,salary,False,False,Kolkata,IN,full,1659657600,880,False,0.6593,3025.73,1.233,0.0924,72916.47,0.9715,1023,62755.0,5,0,,,0,1
1129,ACC001129,small_business,True,True,Chennai,IN,full,1401321600,3870,False,0.3558,7721.37,0.999,0.0241,1089086.39,5.5031,-1,0.0,0,0,,,0,1
1130,ACC001130,small_business,True,True,Mumbai,IN,full,1726099200,111,False,0.7315,17820.21,1.442,0.0544,1187731.58,4.2869,-1,0.0,0,0,,,0,1
1131,ACC001131,household,False,False,Jaipur,IN,full,1650758400,983,False,0.4549,3060.77,1.063,0.0665,60872.24,2.6321,-1,0.0,0,0,,,0,1
1132,ACC001132,salary,False,False,Delhi,IN,full,1733011200,31,False,0.9462,1013.27,1.142,0.048,73557.99,2.5947,1228,62189.31,2,0,,,0,1
1133,ACC001133,salary,False,False,Pune,IN,full,1596585600,1610,False,0.4674,1461.36,1.002,0.0228,119288.49,1.0355,627,107204.04,2,0,,,0,1
1134,ACC001134,small_business,True,True,Kolkata,IN,full,1401148800,3872,False,2.0188,17841.66,1.418,0.0592,3021794.08,5.6724,-1,0.0,0,0,,,0,0
1135,ACC001135,salary,False,False,Chennai,IN,full,1682208000,619,False,0.3115,3424.05,1.24,0.0698,125931.19,0.6354,1229,124921.9,7,0,,,0,1
1136,ACC001136,salary,False,False,Kolkata,IN,min,1679356800,652,False,0.2137,2135.01,1.012,0.0504,241984.3,1.1895,341,224644.65,3,0,,,0,1
1137,ACC001137,small_business,True,True,Delhi,IN,full,1419897600,3655,False,0.9151,5621.02,1.091,0.0201,2334576.41,12.4145,-1,0.0,0,0,,,0,0
1138,ACC001138,freelancer,False,False,Mumbai,IN,full,1693526400,488,False,0.3064,2933.98,1.478,0.126,364009.55,1.9881,-1,0.0,0,0,,,0,0
1139,ACC001139,salary,False,False,Ahmedabad,IN,full,1471996800,3052,False,0.2316,2235.47,1.154,0.0226,110429.02,1.0996,1083,95697.4,6,0,,,0,1
1140,ACC001140,household,False,False,Hyderabad,IN,full,1525996800,2427,False,0.4021,2803.39,1.166,0.0277,84752.12,1.5835,-1,0.0,0,1,mule,fan_out,1,0
1141,ACC001141,salary,False,False,Delhi,IN,min,1437609600,3450,False,0.251,913.06,0.899,0.0371,53586.29,0.5479,1441,51719.55,4,0,,,0,1
1142,ACC001142,salary,False,False,Chennai,IN,full,1499385600,2735,False,0.4054,2001.38,1.014,0.0543,39671.37,1.8451,187,32047.47,1,0,,,0,1
1143,ACC001143,salary,False,False,Bengaluru,IN,full,1466553600,3115,False,0.9729,2931.99,0.91,0.024,81922.99,1.1058,933,77476.77,6,0,,,0,1
1144,ACC001144,salary,False,False,Ahmedabad,IN,full,1450569600,3300,False,0.5824,1870.98,0.907,0.0976,198651.9,2.4678,325,187906.63,5,0,,,0,1
1145,ACC001145,salary,False,False,Bengaluru,IN,min,1642723200,1076,False,0.5071,2672.16,1.134,0.0469,219287.03,0.1529,1493,189720.86,3,0,,,0,1
1146,ACC001146,household,False,False,Delhi,IN,full,1401235200,3871,False,0.5647,3042.97,0.854,0.0827,92851.61,0.639,-1,0.0,0,1,mule,fan_out,1,1
1147,ACC001147,small_business,True,True,Mumbai,IN,full,1541203200,2251,False,1.4208,15249.74,1.02,0.0452,2145676.55,11.3897,-1,0.0,0,0,,,0,0
1148,ACC001148,large_business,True,True,Ahmedabad,IN,full,1543104000,2229,False,11.5065,288543.28,1.631,0.029,81141961.06,9.5245,-1,0.0,0,0,,,0,1
1149,ACC001149,student,False,False,Kochi,IN,full,1496102400,2773,False,0.3999,324.37,0.856,0.1318,7325.32,0.4567,-1,0.0,0,0,,,0,1
1150,ACC001150,salary,False,False,Bengaluru,IN,full,1475712000,3009,False,0.1318,651.31,0.923,0.0801,127110.87,0.7425,1287,95493.12,7,0,,,0,1
1151,ACC001151,freelancer,False,False,Mumbai,IN,full,1582416000,1774,False,0.3029,1191.58,1.501,0.0743,399905.59,3.6857,-1,0.0,0,0,,,0,1
1152,ACC001152,small_business,True,True,Ahmedabad,IN,full,1699228800,422,False,0.9188,19353.11,1.039,0.0795,319239.29,3.5111,-1,0.0,0,0,,,0,0
1153,ACC001153,large_business,True,True,Mumbai,IN,full,1533600000,2339,False,7.6175,294957.43,1.532,0.0141,26849222.2,22.5118,-1,0.0,0,0,,,0,0
1154,ACC001154,small_business,True,True,Ahmedabad,IN,full,1505865600,2660,False,1.3182,5268.99,1.177,0.0507,2078708.46,10.1354,-1,0.0,0,1,intermediary,circular_flow,2,0
1155,ACC001155,merchant,True,True,Delhi,IN,full,1494201600,2795,False,4.2504,3227.63,0.966,0.0898,2317855.04,91.5309,-1,0.0,0,0,,,0,0
1156,ACC001156,student,False,False,Jaipur,IN,full,1609804800,1457,False,0.584,393.74,0.833,0.1181,21447.63,0.3389,-1,0.0,0,0,,,0,1
1157,ACC001157,small_business,True,True,Bengaluru,IN,full,1670025600,760,False,1.9772,13954.99,1.446,0.0394,2274889.24,7.3397,-1,0.0,0,0,,,0,0
1158,ACC001158,salary,False,False,Chennai,IN,min,1633305600,1185,False,0.7453,952.3,1.128,0.0738,123475.94,1.1474,999,117286.12,3,0,,,0,1
1159,ACC001159,salary,False,False,Chennai,GB,full,1415318400,3708,False,0.1533,833.92,1.21,0.0443,159241.74,0.7809,44,150134.02,1,0,,,0,1
1160,ACC001160,salary,False,False,Mumbai,IN,min,1574726400,1863,False,0.2726,3497.65,1.007,0.0734,123819.22,1.9704,922,107243.79,5,0,,,0,1
1161,ACC001161,small_business,True,True,Pune,IN,full,1416355200,3696,False,3.1045,13399.71,1.092,0.0216,2585336.6,3.7219,-1,0.0,0,0,,,0,1
1162,ACC001162,household,False,False,Jaipur,IN,min,1420243200,3651,False,0.1514,2775.86,0.901,0.0361,177248.48,0.6088,-1,0.0,0,0,,,0,0
1163,ACC001163,salary,False,False,Delhi,IN,full,1489968000,2844,False,0.3036,3279.89,1.243,0.0459,243927.1,0.5526,64,197204.6,2,0,,,0,1
1164,ACC001164,merchant,True,True,Kochi,HK,full,1654732800,937,False,4.7693,1482.33,0.76,0.0729,1180922.33,46.4464,-1,0.0,0,0,,,0,1
1165,ACC001165,student,False,False,Mumbai,IN,full,1584835200,1746,False,0.2273,480.94,1.04,0.1152,15695.36,0.8338,-1,0.0,0,1,mule,fan_out|mule_network,5,0
1166,ACC001166,salary,False,False,Jaipur,IN,min,1459296000,3199,False,0.197,1418.18,1.22,0.0383,134582.86,1.0017,134,134451.84,6,0,,,0,1
1167,ACC001167,small_business,True,True,Pune,IN,full,1654992000,934,False,1.8405,5303.13,0.978,0.047,2452669.23,2.831,-1,0.0,0,0,,,0,0
1168,ACC001168,freelancer,False,False,Chennai,SG,full,1684281600,595,False,0.5014,2920.98,1.349,0.1224,31646.01,1.2224,-1,0.0,0,0,,,0,1
1169,ACC001169,small_business,True,True,Kolkata,IN,min,1711411200,281,True,0.1046,23072.74,1.403,0.0276,2511645.02,2.4514,-1,0.0,0,0,,,0,1
1170,ACC001170,small_business,True,True,Delhi,IN,min,1526169600,2425,False,1.7782,17836.6,1.416,0.0367,810357.47,4.8807,-1,0.0,0,0,,,0,0
1171,ACC001171,small_business,True,True,Hyderabad,IN,full,1471132800,3062,False,5.5359,16152.58,1.072,0.0394,1496718.18,12.3695,-1,0.0,0,0,,,0,0
1172,ACC001172,household,False,False,Delhi,IN,min,1462579200,3161,False,0.2813,1555.37,1.16,0.0566,138863.36,1.2317,-1,0.0,0,0,,,0,1
1173,ACC001173,salary,False,False,Bengaluru,IN,full,1602806400,1538,False,0.2484,1864.34,1.028,0.0745,182572.87,0.7951,924,157757.88,2,0,,,0,1
1174,ACC001174,salary,False,False,Pune,IN,full,1485734400,2893,False,0.5587,3239.6,0.91,0.022,93735.07,1.3874,1259,80638.24,6,0,,,0,1
1175,ACC001175,salary,False,False,Chennai,IN,full,1696291200,456,False,0.2696,670.15,1.031,0.0663,70914.14,0.8779,75,58593.93,1,0,,,0,1
1176,ACC001176,household,False,False,Ahmedabad,IN,min,1677888000,669,False,0.2011,3682.97,1.143,0.0542,32552.05,0.7775,-1,0.0,0,0,,,0,1
1177,ACC001177,salary,False,False,Delhi,IN,full,1490745600,2835,False,0.8845,1669.01,1.067,0.0722,168758.27,1.1184,1325,155116.71,5,0,,,0,1
1178,ACC001178,merchant,True,True,Pune,IN,full,1486684800,2882,False,1.7366,3692.48,0.975,0.0911,8913466.39,41.5265,-1,0.0,0,0,,,0,0
1179,ACC001179,salary,False,False,Hyderabad,IN,full,1569110400,1928,False,0.2718,2307.84,1.055,0.0737,192039.83,0.7208,714,166112.34,6,0,,,0,1
1180,ACC001180,household,False,False,Pune,IN,min,1537315200,2296,False,0.5312,3829.2,1.082,0.0689,112325.63,1.9519,-1,0.0,0,0,,,0,1
1181,ACC001181,salary,False,False,Mumbai,IN,full,1535068800,2322,False,0.1699,1548.82,1.158,0.0945,168993.44,0.4792,1274,128167.16,6,0,,,0,1
1182,ACC001182,freelancer,False,False,Hyderabad,IN,min,1636675200,1146,False,0.1112,3862.43,1.217,0.1528,374862.11,1.443,-1,0.0,0,0,,,0,1
1183,ACC001183,salary,False,False,Bengaluru,IN,full,1408406400,3788,False,0.6319,3415.67,1.123,0.0702,189510.0,1.2335,1152,175587.44,5,1,mule,fan_out,2,0
1184,ACC001184,salary,False,False,Bengaluru,IN,full,1529366400,2388,False,0.9425,2194.9,1.06,0.0874,193134.57,1.0292,1038,158936.79,3,0,,,0,1
1185,ACC001185,merchant,True,True,Bengaluru,IN,full,1472601600,3045,False,8.7861,3816.07,0.725,0.103,1919002.94,41.6789,-1,0.0,0,0,,,0,0
1186,ACC001186,household,False,False,Jaipur,IN,full,1410393600,3765,False,0.6493,3359.98,1.166,0.0319,72702.63,1.3461,-1,0.0,0,0,,,0,1
1187,ACC001187,small_business,True,True,Chennai,IN,full,1459036800,3202,False,3.7582,15733.0,1.449,0.0645,3767171.67,6.9347,-1,0.0,0,0,,,0,0
1188,ACC001188,salary,False,False,Pune,IN,full,1583712000,1759,False,0.5751,1068.45,1.009,0.0493,102132.53,0.7832,819,100058.36,3,0,,,0,1
1189,ACC001189,household,False,False,Ahmedabad,IN,min,1680566400,638,False,0.2374,3222.42,1.039,0.0506,188688.52,2.6252,-1,0.0,0,0,,,0,1
1190,ACC001190,freelancer,False,False,Jaipur,IN,min,1499385600,2735,False,0.1409,4066.95,1.191,0.1663,130040.5,1.7172,-1,0.0,0,0,,,0,1
1191,ACC001191,small_business,True,True,Pune,IN,full,1713830400,253,False,1.0852,1883.83,1.056,0.0548,2387969.44,1.9609,-1,0.0,0,0,,,0,0
1192,ACC001192,salary,False,False,Mumbai,IN,full,1398729600,3900,False,0.225,3258.73,1.085,0.0564,79231.53,0.6797,1083,75299.41,1,0,,,0,1
1193,ACC001193,freelancer,False,False,Kolkata,IN,full,1471737600,3055,False,0.4348,4322.48,1.126,0.1504,82171.52,1.9947,-1,0.0,0,0,,,0,0
1194,ACC001194,salary,False,False,Kolkata,IN,full,1601596800,1552,False,0.9707,3305.55,0.992,0.0406,202969.77,0.5562,766,163195.12,4,0,,,0,1
1195,ACC001195,salary,False,False,Pune,IN,full,1449187200,3316,False,0.4512,2404.85,1.001,0.0689,185291.89,0.8017,83,176117.46,1,0,,,0,0
1196,ACC001196,salary,False,False,Mumbai,IN,full,1653868800,947,False,0.3973,3352.43,1.202,0.0589,143716.22,2.4307,165,119019.47,5,0,,,0,0
1197,ACC001197,large_business,True,True,Mumbai,IN,full,1657065600,910,False,7.3621,297904.84,1.235,0.0288,146240105.69,7.5456,-1,0.0,0,1,source,dormant_activation|fan_out|mule_network|rapid_pass_through,5,1
1198,ACC001198,large_business,True,True,Jaipur,IN,full,1435622400,3473,False,2.541,121232.35,1.153,0.0508,239112051.67,15.8683,-1,0.0,0,1,source,layering_chain|rapid_pass_through,2,0
1199,ACC001199,student,False,False,Kolkata,IN,full,1393804800,3957,False,0.1138,599.4,0.843,0.1046,23075.82,0.4439,-1,0.0,0,0,,,0,0
1200,ACC001200,freelancer,False,False,Pune,IN,full,1401408000,3869,False,0.2397,5134.75,1.506,0.1221,277321.45,1.1743,-1,0.0,0,0,,,0,1
1201,ACC001201,small_business,True,True,Chennai,IN,full,1438819200,3436,False,1.5691,5894.19,1.175,0.0767,637716.57,4.6706,-1,0.0,0,0,,,0,0
1202,ACC001202,small_business,True,True,Kolkata,IN,full,1657411200,906,False,0.9059,14327.54,1.26,0.043,2533738.28,12.2892,-1,0.0,0,0,,,0,0
1203,ACC001203,household,False,False,Ahmedabad,IN,full,1529366400,2388,False,0.1588,1157.88,0.848,0.0715,93275.65,1.9013,-1,0.0,0,0,,,0,1
1204,ACC001204,freelancer,False,False,Chennai,IN,min,1461542400,3173,False,0.5543,4664.03,1.08,0.1623,201655.83,2.6494,-1,0.0,0,0,,,0,1
1205,ACC001205,household,False,False,Hyderabad,IN,full,1486425600,2885,False,0.6335,1973.59,1.049,0.0323,183941.18,1.735,-1,0.0,0,0,,,0,0
1206,ACC001206,small_business,True,True,Ahmedabad,IN,min,1537401600,2295,False,2.3451,5559.44,1.405,0.0605,1572900.04,12.3004,-1,0.0,0,0,,,0,1
1207,ACC001207,small_business,True,True,Chennai,IN,full,1642118400,1083,False,0.7824,7788.26,1.119,0.0593,1909050.22,5.1767,-1,0.0,0,0,,,0,0
1208,ACC001208,merchant,True,True,Hyderabad,IN,full,1576022400,1848,False,1.6167,3507.49,0.92,0.1296,7795916.84,39.888,-1,0.0,0,0,,,0,0
1209,ACC001209,small_business,True,True,Delhi,IN,full,1669680000,764,False,2.601,4499.84,1.163,0.0412,553875.78,8.3745,-1,0.0,0,0,,,0,0
1210,ACC001210,freelancer,False,False,Jaipur,IN,full,1664582400,823,False,0.3632,2246.11,1.358,0.1304,264195.47,3.2492,-1,0.0,0,0,,,0,1
1211,ACC001211,salary,False,False,Jaipur,IN,full,1647561600,1020,False,0.5102,2328.26,0.883,0.0353,228118.91,0.4642,671,172250.91,4,0,,,0,1
1212,ACC001212,household,False,False,Bengaluru,IN,full,1466985600,3110,False,0.261,615.32,0.91,0.0767,105157.58,0.6115,-1,0.0,0,0,,,0,1
1213,ACC001213,investment,True,True,Bengaluru,IN,full,1459987200,3191,False,0.5914,554398.73,1.038,0.0305,3852205.23,29.9378,-1,0.0,0,0,,,0,0
1214,ACC001214,salary,False,False,Delhi,IN,full,1548288000,2169,False,0.3727,1643.35,1.02,0.0628,93155.73,0.4263,411,77153.1,1,0,,,0,0
1215,ACC001215,household,False,False,Mumbai,IN,min,1620691200,1331,False,0.329,2640.29,1.063,0.0707,95223.56,0.9113,-1,0.0,0,0,,,0,1
1216,ACC001216,salary,False,False,Delhi,IN,full,1471305600,3060,False,0.4805,1548.03,1.022,0.0995,209673.44,0.5862,699,168972.5,1,0,,,0,0
1217,ACC001217,small_business,True,True,Mumbai,IN,full,1549324800,2157,False,2.2952,3301.7,1.162,0.032,3007619.79,2.3792,-1,0.0,0,0,,,0,0
1218,ACC001218,household,False,False,Hyderabad,IN,full,1638230400,1128,False,0.5249,2740.58,1.178,0.0442,179123.03,1.0129,-1,0.0,0,0,,,0,1
1219,ACC001219,freelancer,False,False,Pune,IN,full,1572652800,1887,False,0.9386,2910.78,1.346,0.1045,287800.82,2.3447,-1,0.0,0,0,,,0,0
1220,ACC001220,salary,False,False,Delhi,IN,min,1409875200,3771,False,0.3892,3024.05,0.996,0.0761,63205.2,4.937,824,48843.02,3,0,,,0,1
1221,ACC001221,salary,False,False,Kochi,IN,full,1405123200,3826,False,0.6878,2990.99,0.908,0.0251,122502.34,0.8154,564,102879.4,1,0,,,0,1
1222,ACC001222,student,False,False,Pune,IN,full,1463875200,3146,False,0.4865,628.37,1.069,0.0646,14190.42,0.6228,-1,0.0,0,0,,,0,1
1223,ACC001223,salary,False,False,Pune,IN,full,1604102400,1523,False,0.2322,846.03,1.162,0.0822,155695.56,0.3265,941,119341.14,7,0,,,0,0
1224,ACC001224,salary,False,False,Ahmedabad,IN,full,1718323200,201,False,0.893,829.06,1.031,0.0583,127772.43,0.8032,1185,104464.01,4,0,,,0,1
1225,ACC001225,household,False,False,Mumbai,IN,min,1449014400,3318,True,0.0103,1246.39,1.196,0.0318,149999.03,2.5048,-1,0.0,0,0,,,0,1
1226,ACC001226,large_business,True,True,Kochi,IN,full,1427414400,3568,False,3.8524,371150.9,1.236,0.02,163555078.21,15.9401,-1,0.0,0,1,source,rapid_pass_through,1,1
1227,ACC001227,student,False,False,Kochi,IN,full,1714089600,250,False,0.2864,654.78,1.028,0.2055,7081.58,0.2712,-1,0.0,0,0,,,0,1
1228,ACC001228,large_business,True,True,Chennai,IN,min,1628208000,1244,False,13.0287,295964.78,1.181,0.0342,217399706.59,24.3598,-1,0.0,0,1,source,layering_chain|rapid_pass_through,6,0
1229,ACC001229,large_business,True,True,Hyderabad,IN,min,1530921600,2370,False,4.5282,153766.97,1.417,0.0193,45169778.08,13.8779,-1,0.0,0,0,,,0,1
1230,ACC001230,salary,False,False,Pune,IN,full,1498089600,2750,False,1.1183,2210.89,0.893,0.0441,218910.02,2.261,441,200485.66,5,0,,,0,1
1231,ACC001231,small_business,True,True,Jaipur,IN,min,1401753600,3865,False,1.5777,15506.08,1.098,0.042,2156394.04,3.72,-1,0.0,0,0,,,0,0
1232,ACC001232,small_business,True,True,Kochi,IN,full,1609200000,1464,False,2.8824,7998.83,1.022,0.0616,2679302.02,1.6542,-1,0.0,0,1,intermediary,circular_flow,1,0
1233,ACC001233,small_business,True,True,Mumbai,IN,min,1517443200,2526,False,2.5013,3418.95,1.283,0.075,467321.03,1.9262,-1,0.0,0,0,,,0,0
1234,ACC001234,small_business,True,True,Kolkata,IN,full,1587168000,1719,False,1.965,12453.28,1.245,0.0537,1236041.8,9.0459,-1,0.0,0,0,,,0,0
1235,ACC001235,salary,False,False,Hyderabad,IN,full,1396569600,3925,True,0.0443,1796.89,1.038,0.0979,94710.18,4.2568,681,91953.26,4,0,,,0,1
1236,ACC001236,salary,False,False,Bengaluru,IN,full,1419811200,3656,False,0.2763,891.22,0.915,0.0743,108443.95,1.4406,116,89047.26,4,0,,,0,1
1237,ACC001237,household,False,False,Pune,IN,full,1480377600,2955,False,0.3061,3619.58,0.807,0.0329,143344.03,4.4193,-1,0.0,0,0,,,0,1
1238,ACC001238,student,False,False,Mumbai,IN,full,1445299200,3361,False,0.2503,578.44,0.812,0.0646,12721.84,0.5574,-1,0.0,0,0,,,0,0
1239,ACC001239,small_business,True,True,Kolkata,IN,full,1727568000,94,False,0.5384,9069.55,1.358,0.0655,2694592.27,1.3156,-1,0.0,0,0,,,0,0
1240,ACC001240,salary,False,False,Bengaluru,IN,min,1445472000,3359,False,0.4634,1497.83,0.93,0.081,177950.33,0.949,44,153870.92,1,0,,,0,0
1241,ACC001241,merchant,True,True,Kochi,IN,full,1554595200,2096,False,3.4721,1818.81,1.009,0.1123,4694074.01,77.213,-1,0.0,0,0,,,0,0
1242,ACC001242,household,False,False,Bengaluru,IN,full,1408233600,3790,False,1.1439,2040.09,0.867,0.058,194043.89,1.2077,-1,0.0,0,0,,,0,1
1243,ACC001243,student,False,False,Kolkata,IN,min,1451347200,3291,False,0.5132,144.67,0.903,0.1507,23801.66,0.3831,-1,0.0,0,0,,,0,0
1244,ACC001244,student,False,False,Ahmedabad,IN,full,1637625600,1135,False,0.3215,353.94,0.781,0.1111,13469.43,0.3929,-1,0.0,0,0,,,0,1
1245,ACC001245,salary,False,False,Pune,IN,full,1645833600,1040,True,0.01,1811.51,1.127,0.0451,84455.88,3.2483,523,83702.28,7,1,mule|transit,dormant_activation|fan_in|fan_out|mule_network,8,1
1246,ACC001246,salary,False,False,Hyderabad,IN,full,1646611200,1031,False,0.4059,2695.13,1.064,0.0944,87098.41,0.9793,47,73421.98,5,0,,,0,1
1247,ACC001247,merchant,True,True,Kochi,IN,full,1574985600,1860,False,4.4389,2831.46,0.99,0.1167,6735411.82,30.8941,-1,0.0,0,0,,,0,0
1248,ACC001248,student,False,False,Delhi,IN,full,1719878400,183,False,0.3057,773.25,0.892,0.1527,20246.29,0.9934,-1,0.0,0,0,,,0,1
1249,ACC001249,merchant,True,True,Kolkata,IN,min,1680048000,644,False,6.4711,895.55,0.943,0.0577,6898905.38,51.542,-1,0.0,0,0,,,0,0
1250,ACC001250,student,False,False,Jaipur,IN,full,1523923200,2451,False,0.2948,311.12,1.013,0.1165,7656.0,0.327,-1,0.0,0,1,intermediary|mule,fan_in|fan_out|layering_chain|mule_network,6,1
1251,ACC001251,salary,False,False,Hyderabad,IN,full,1408320000,3789,False,0.5201,818.33,1.072,0.0374,149306.47,3.8589,311,128643.78,3,0,,,0,1
1252,ACC001252,salary,False,False,Kolkata,IN,full,1450051200,3306,False,0.4633,869.82,1.052,0.0987,149798.96,1.4626,75,127024.17,7,0,,,0,1
1253,ACC001253,small_business,True,True,Hyderabad,IN,full,1665100800,817,False,0.5262,13021.89,1.07,0.0475,560634.13,5.8681,-1,0.0,0,0,,,0,1
1254,ACC001254,merchant,True,True,Delhi,IN,min,1714780800,242,False,1.8093,1845.39,0.912,0.1065,6631715.5,87.7863,-1,0.0,0,0,,,0,0
1255,ACC001255,salary,False,False,Pune,IN,full,1557014400,2068,False,1.1841,979.82,0.992,0.0773,76318.63,0.7402,44,71517.98,4,0,,,0,1
1256,ACC001256,salary,False,False,Delhi,IN,full,1709510400,303,False,0.7322,687.5,1.027,0.0362,85428.36,2.1296,399,66460.48,4,0,,,0,1
1257,ACC001257,small_business,True,True,Ahmedabad,IN,full,1643846400,1063,False,0.7134,7589.2,0.99,0.0698,3339037.55,8.8159,-1,0.0,0,1,intermediary|source,circular_flow,2,0
1258,ACC001258,salary,False,False,Delhi,IN,full,1608508800,1472,False,0.1983,2525.45,0.951,0.0941,92710.64,0.6481,370,84001.87,6,0,,,0,1
1259,ACC001259,large_business,True,True,Kolkata,IN,full,1719619200,186,False,2.5232,390436.4,1.668,0.0246,14268707.33,26.2477,-1,0.0,0,0,,,0,0
1260,ACC001260,salary,False,False,Ahmedabad,IN,full,1397692800,3912,False,0.6372,1403.6,0.954,0.0505,114137.43,1.8195,1485,105415.39,5,0,,,0,1
1261,ACC001261,student,False,False,Kochi,IN,full,1518825600,2510,False,0.5974,615.18,1.017,0.1793,22625.44,0.4268,-1,0.0,0,0,,,0,1
1262,ACC001262,merchant,True,True,Pune,IN,full,1579996800,1802,False,1.9698,1342.44,0.764,0.1067,3837256.65,31.4672,-1,0.0,0,0,,,0,1
1263,ACC001263,small_business,True,True,Mumbai,IN,min,1715385600,235,True,0.0534,17708.25,0.965,0.0784,221982.64,3.713,-1,0.0,0,0,,,0,0
1264,ACC001264,salary,False,False,Bengaluru,IN,min,1719878400,183,False,0.1138,888.45,0.98,0.0549,192500.99,0.8217,1078,146297.43,6,0,,,0,1
1265,ACC001265,salary,False,False,Kochi,IN,min,1455667200,3241,False,0.2747,1917.89,1.205,0.0963,238391.93,1.0316,1253,208024.75,6,0,,,0,1
1266,ACC001266,salary,False,False,Hyderabad,IN,full,1583280000,1764,False,0.3059,602.27,1.042,0.0977,61460.7,1.0659,627,48929.5,2,0,,,0,0
1267,ACC001267,salary,False,False,Kochi,IN,full,1708128000,319,False,0.358,2431.79,1.222,0.0503,111790.13,0.3559,1432,92722.77,6,0,,,0,1
1268,ACC001268,large_business,True,True,Kochi,IN,full,1495756800,2777,False,8.4048,367628.36,1.114,0.0114,242779578.79,16.0956,-1,0.0,0,0,,,0,0
1269,ACC001269,household,False,False,Kochi,IN,full,1485043200,2901,True,0.0088,1159.03,1.121,0.0772,83835.94,1.587,-1,0.0,0,0,,,0,0
1270,ACC001270,salary,False,False,Kochi,IN,full,1416960000,3689,False,0.3568,3012.3,1.024,0.0813,118928.57,1.9567,575,100722.35,4,0,,,0,1
1271,ACC001271,salary,False,False,Ahmedabad,IN,min,1641859200,1086,False,0.3145,2292.69,1.199,0.0703,132526.73,0.8421,1239,119224.73,5,0,,,0,1
1272,ACC001272,household,False,False,Delhi,IN,full,1730764800,57,False,0.2568,3888.09,1.049,0.0434,190697.85,3.0991,-1,0.0,0,0,,,0,0
1273,ACC001273,small_business,True,True,Ahmedabad,IN,full,1576368000,1844,False,2.3662,14224.31,1.371,0.0448,2226500.76,10.3212,-1,0.0,0,0,,,0,0
1274,ACC001274,merchant,True,True,Hyderabad,IN,full,1700179200,411,False,6.5216,3415.59,0.983,0.1387,1394341.47,26.0681,-1,0.0,0,0,,,0,0
1275,ACC001275,investment,True,True,Bengaluru,IN,min,1660176000,874,False,0.0431,2016180.07,1.232,0.0216,39229868.94,8.9815,-1,0.0,0,0,,,0,0
1276,ACC001276,merchant,True,True,Hyderabad,IN,full,1428451200,3556,False,1.7709,738.95,0.801,0.097,8511079.29,118.976,-1,0.0,0,0,,,0,0
1277,ACC001277,merchant,True,True,Kochi,IN,min,1594339200,1636,True,0.1542,656.55,1.037,0.0524,6201168.32,59.3622,-1,0.0,0,0,,,0,0
1278,ACC001278,small_business,True,True,Kochi,IN,full,1705017600,355,False,2.3299,15079.4,1.319,0.0782,1235636.74,17.264,-1,0.0,0,0,,,0,0
1279,ACC001279,salary,False,False,Kochi,IN,min,1656288000,919,False,0.4159,2111.14,1.215,0.0275,229859.93,1.2438,1032,186245.77,3,0,,,0,1
1280,ACC001280,freelancer,False,False,Delhi,IN,min,1422835200,3621,False,0.2391,2184.86,1.38,0.1508,339500.93,1.481,-1,0.0,0,0,,,0,1
1281,ACC001281,student,False,False,Kochi,IN,full,1616025600,1385,False,0.446,683.01,1.046,0.0922,14772.2,1.5599,-1,0.0,0,0,,,0,1
1282,ACC001282,salary,False,False,Mumbai,IN,full,1633737600,1180,False,0.3211,1544.57,1.202,0.0502,82822.01,0.9755,673,67493.88,6,0,,,0,1
1283,ACC001283,salary,False,False,Delhi,IN,full,1584921600,1745,False,0.1826,2660.94,1.133,0.0355,123391.21,0.6735,1198,112552.43,2,0,,,0,1
1284,ACC001284,salary,False,False,Bengaluru,IN,full,1427068800,3572,False,0.1803,1760.98,0.943,0.0976,73403.26,1.1345,1259,69184.53,5,1,mule,fan_in|fan_out,3,1
1285,ACC001285,small_business,True,True,Delhi,IN,full,1392076800,3977,False,0.5361,21107.11,1.232,0.0731,3046559.02,3.1817,-1,0.0,0,0,,,0,1
1286,ACC001286,merchant,True,True,Delhi,IN,min,1483747200,2916,False,3.0222,270.37,1.038,0.0474,4505472.51,40.2805,-1,0.0,0,0,,,0,0
1287,ACC001287,small_business,True,True,Kochi,IN,min,1556064000,2079,False,1.9828,21155.07,1.395,0.0722,467787.68,5.5755,-1,0.0,0,0,,,0,0
1288,ACC001288,freelancer,False,False,Pune,IN,full,1507939200,2636,False,0.3944,5627.39,1.322,0.1237,31604.88,3.0853,-1,0.0,0,0,,,0,1
1289,ACC001289,freelancer,False,False,Jaipur,IN,full,1395187200,3941,True,0.0057,1070.21,1.227,0.0534,135299.96,2.2217,-1,0.0,0,0,,,0,1
1290,ACC001290,merchant,True,True,Jaipur,IN,full,1713139200,261,False,2.7075,2799.24,0.911,0.0909,3848976.76,29.1914,-1,0.0,0,0,,,0,0
1291,ACC001291,investment,True,True,Pune,IN,min,1414454400,3718,False,0.075,635225.89,1.393,0.0323,52775971.2,8.1638,-1,0.0,0,0,,,0,0
1292,ACC001292,small_business,True,True,Ahmedabad,IN,full,1535500800,2317,False,1.571,24394.8,1.106,0.0667,3156354.0,3.6515,-1,0.0,0,0,,,0,0
1293,ACC001293,salary,False,False,Bengaluru,IN,min,1535155200,2321,False,0.4569,1239.39,0.908,0.0814,247067.43,0.8905,589,213854.62,3,0,,,0,1
1294,ACC001294,student,False,False,Chennai,IN,full,1563408000,1994,False,0.3105,285.99,0.885,0.1672,21099.75,1.007,-1,0.0,0,0,,,0,0
1295,ACC001295,freelancer,False,False,Chennai,IN,full,1719446400,188,False,0.0911,1372.85,1.324,0.0645,67151.99,5.3108,-1,0.0,0,1,intermediary,circular_flow|layering_chain,3,1
1296,ACC001296,household,False,False,Bengaluru,IN,full,1405641600,3820,False,0.5839,1404.24,1.003,0.0815,66135.95,1.4481,-1,0.0,0,0,,,0,0
1297,ACC001297,salary,False,False,Hyderabad,IN,full,1463529600,3150,False,0.3387,1527.42,1.151,0.0702,145729.32,4.5759,1364,130412.27,1,0,,,0,1
1298,ACC001298,small_business,True,True,Hyderabad,IN,min,1460332800,3187,False,0.6602,3949.83,1.383,0.0739,1047516.07,2.8717,-1,0.0,0,0,,,0,1
1299,ACC001299,investment,True,True,Bengaluru,IN,full,1565308800,1972,False,0.3219,1403269.56,1.452,0.0338,22720763.06,9.9264,-1,0.0,0,0,,,0,0
1300,ACC001300,large_business,True,True,Delhi,IN,min,1483920000,2914,False,6.6581,208431.42,1.125,0.0208,97364836.26,34.5541,-1,0.0,0,0,,,0,0
1301,ACC001301,salary,False,False,Pune,IN,min,1525564800,2432,False,0.6547,2704.45,1.018,0.0229,40541.35,1.3669,712,32883.3,4,0,,,0,0
1302,ACC001302,salary,False,False,Pune,IN,full,1615420800,1392,False,0.1129,2496.13,1.159,0.0454,103975.83,1.0228,469,86749.59,6,0,,,0,1
1303,ACC001303,student,False,False,Hyderabad,IN,full,1588464000,1704,False,0.1618,182.65,0.758,0.1031,11640.55,1.0019,-1,0.0,0,0,,,0,1
1304,ACC001304,salary,False,False,Mumbai,IN,full,1493769600,2800,False,0.852,1490.18,1.163,0.068,114697.52,1.2761,356,99263.12,7,0,,,0,1
1305,ACC001305,salary,False,False,Pune,IN,full,1411776000,3749,False,0.9084,1324.55,1.058,0.0378,97471.14,1.7503,1083,90602.18,1,0,,,0,1
1306,ACC001306,salary,False,False,Chennai,IN,full,1627603200,1251,False,0.227,3373.0,1.058,0.0533,37557.25,0.5811,1348,37196.12,3,1,intermediary|mule,fan_out|layering_chain,2,1
1307,ACC001307,salary,False,False,Delhi,IN,full,1664323200,826,False,0.1862,1123.9,1.015,0.0217,72590.25,1.1705,2,58058.18,7,0,,,0,1
1308,ACC001308,household,False,False,Pune,IN,min,1629936000,1224,False,0.6469,3828.58,1.078,0.0842,156897.84,0.264,-1,0.0,0,0,,,0,0
1309,ACC001309,salary,False,False,Kochi,IN,full,1698796800,427,False,0.2433,2437.29,0.984,0.0944,146412.63,0.4653,611,126263.54,7,0,,,0,1
1310,ACC001310,investment,True,True,Jaipur,IN,full,1680393600,640,False,0.0318,1075912.0,1.041,0.0366,6200331.12,6.2646,-1,0.0,0,0,,,0,0
1311,ACC001311,salary,False,False,Mumbai,IN,min,1440979200,3411,False,0.4372,2059.97,1.061,0.0221,221244.06,1.0902,958,201861.43,4,0,,,0,1
1312,ACC001312,salary,False,False,Hyderabad,IN,full,1422921600,3620,False,0.7092,2786.85,1.039,0.0801,174113.55,2.7439,849,163137.85,4,0,,,0,1
1313,ACC001313,salary,False,False,Bengaluru,IN,min,1493510400,2803,False,0.5441,2510.77,0.93,0.0296,128237.2,1.2805,454,113334.42,7,0,,,0,1
1314,ACC001314,salary,False,False,Delhi,IN,full,1579996800,1802,False,0.3115,3371.52,0.996,0.0711,238179.4,3.66,391,211985.2,2,0,,,0,1
1315,ACC001315,salary,False,False,Mumbai,IN,full,1427760000,3564,False,0.6058,1587.19,1.244,0.0768,109932.59,0.8904,333,85087.85,5,0,,,0,1
1316,ACC001316,freelancer,False,False,Hyderabad,IN,full,1611964800,1432,False,0.258,714.02,1.38,0.0699,384892.29,2.2683,-1,0.0,0,0,,,0,1
1317,ACC001317,household,False,False,Ahmedabad,IN,full,1444348800,3372,False,0.6906,3376.44,1.036,0.0446,67481.71,1.0411,-1,0.0,0,0,,,0,0
1318,ACC001318,salary,False,False,Ahmedabad,IN,full,1530144000,2379,False,0.5592,2081.95,1.135,0.0618,67079.55,0.772,187,61387.93,5,0,,,0,0
1319,ACC001319,household,False,False,Mumbai,IN,min,1719187200,191,False,0.5731,2934.07,1.117,0.0577,79904.37,2.3914,-1,0.0,0,0,,,0,0
1320,ACC001320,merchant,True,True,Kolkata,IN,min,1686787200,566,False,1.6145,836.12,0.899,0.0929,4201992.52,86.0567,-1,0.0,0,0,,,0,1
1321,ACC001321,freelancer,False,False,Chennai,IN,min,1647043200,1026,False,0.1887,1691.67,1.181,0.171,32822.87,1.32,-1,0.0,0,0,,,0,1
1322,ACC001322,salary,False,False,Delhi,IN,min,1393718400,3958,True,0.025,2701.84,1.18,0.0858,98459.92,1.2394,1395,79115.26,5,0,,,0,1
1323,ACC001323,salary,False,False,Hyderabad,IN,min,1531612800,2362,False,0.4871,648.37,0.958,0.0984,98714.15,0.9635,247,89823.89,5,0,,,0,1
1324,ACC001324,small_business,True,True,Ahmedabad,IN,full,1414800000,3714,False,0.7289,10397.56,1.32,0.042,1391422.87,13.956,-1,0.0,0,0,,,0,0
1325,ACC001325,merchant,True,True,Ahmedabad,IN,full,1422662400,3623,False,2.2484,2029.54,1.04,0.0514,3916177.48,36.7942,-1,0.0,0,0,,,0,0
1326,ACC001326,investment,True,True,Kochi,IN,min,1486166400,2888,False,0.3263,892460.86,1.083,0.0353,51748674.85,6.3015,-1,0.0,0,0,,,0,0
1327,ACC001327,salary,False,False,Delhi,IN,min,1395014400,3943,False,0.2338,2178.78,0.931,0.0704,179935.44,0.797,1254,149910.05,3,1,mule,fan_in|fan_out|mule_network|smurfing,5,1
1328,ACC001328,merchant,True,True,Pune,IN,full,1418256000,3674,False,2.182,1526.45,0.991,0.1373,4004752.5,38.4013,-1,0.0,0,0,,,0,1
1329,ACC001329,salary,False,False,Mumbai,IN,full,1729468800,72,False,0.2678,2232.52,1.111,0.0654,225733.03,3.7452,705,215887.16,5,1,mule,fan_in|fan_out|smurfing,3,1
1330,ACC001330,salary,False,False,Bengaluru,IN,min,1701648000,394,False,0.5952,1331.75,1.052,0.0479,208081.33,0.5977,1023,169488.16,4,1,mule,fan_in|mule_network,2,1
1331,ACC001331,student,False,False,Mumbai,IN,full,1632096000,1199,False,0.5179,333.33,0.896,0.2173,17394.62,1.464,-1,0.0,0,0,,,0,1
1332,ACC001332,freelancer,False,False,Jaipur,SG,full,1560211200,2031,False,0.102,528.67,1.148,0.0524,226621.63,0.6367,-1,0.0,0,0,,,0,1
1333,ACC001333,salary,False,False,Ahmedabad,IN,full,1459209600,3200,False,0.4717,1975.02,1.229,0.0988,90929.99,0.2595,179,84909.44,2,0,,,0,1
1334,ACC001334,small_business,True,True,Pune,IN,full,1571702400,1898,False,2.91,4296.07,1.398,0.0438,1558322.56,7.0588,-1,0.0,0,0,,,0,0
1335,ACC001335,student,False,False,Chennai,IN,min,1731196800,52,False,0.1268,853.67,0.825,0.1681,17619.71,0.804,-1,0.0,0,0,,,0,1
1336,ACC001336,student,False,False,Kochi,IN,full,1412899200,3736,False,0.2108,895.84,0.808,0.2069,8990.87,0.4048,-1,0.0,0,0,,,0,0
1337,ACC001337,student,False,False,Kochi,IN,full,1406937600,3805,False,0.1941,521.08,0.826,0.1667,22837.24,0.4468,-1,0.0,0,0,,,0,1
1338,ACC001338,salary,False,False,Chennai,IN,full,1493251200,2806,False,0.8809,3227.16,1.015,0.0578,167513.13,0.943,656,131438.94,1,0,,,0,1
1339,ACC001339,merchant,True,True,Pune,IN,full,1465776000,3124,False,4.0387,1419.58,0.936,0.0492,2634620.25,74.8153,-1,0.0,0,0,,,0,0
1340,ACC001340,merchant,True,True,Kochi,IN,full,1697932800,437,False,0.6773,3827.45,0.764,0.0714,5865849.05,28.8342,-1,0.0,0,0,,,0,0
1341,ACC001341,small_business,True,True,Kochi,IN,full,1601856000,1549,False,1.265,12999.59,1.133,0.0592,3974902.22,4.6328,-1,0.0,0,0,,,0,0
1342,ACC001342,student,False,False,Delhi,IN,min,1663632000,834,False,0.2781,583.74,1.023,0.1787,18189.67,0.3287,-1,0.0,0,0,,,0,0
1343,ACC001343,freelancer,False,False,Bengaluru,IN,full,1561939200,2011,False,0.4648,4464.9,1.313,0.0613,246248.12,2.7556,-1,0.0,0,0,,,0,1
1344,ACC001344,salary,False,False,Hyderabad,IN,min,1686009600,575,False,0.3037,2447.03,1.177,0.024,52520.1,1.0733,399,44648.11,4,0,,,0,1
1345,ACC001345,salary,False,False,Delhi,IN,full,1576022400,1848,False,1.1144,1952.57,1.213,0.0796,182953.83,0.7368,604,167197.22,5,1,mule,fan_in|fan_out|mule_network|smurfing,7,1
1346,ACC001346,salary,False,False,Ahmedabad,IN,full,1604188800,1522,False,0.354,3049.96,1.205,0.0923,100599.45,3.392,434,81488.74,2,0,,,0,1
1347,ACC001347,salary,False,False,Jaipur,IN,full,1695513600,465,False,0.3427,2598.76,1.103,0.0915,126031.45,0.5856,370,118871.02,3,1,mule,fan_in|fan_out,3,0
1348,ACC001348,small_business,True,True,Pune,IN,full,1442793600,3390,False,2.6613,9307.06,1.332,0.0323,2003398.75,1.4646,-1,0.0,0,0,,,0,0
1349,ACC001349,salary,False,False,Bengaluru,IN,full,1687564800,557,False,0.1391,2094.51,0.922,0.0791,226693.63,3.0137,1191,199556.93,2,0,,,0,1
1350,ACC001350,salary,False,False,Chennai,IN,min,1494979200,2786,False,0.4741,1188.6,1.124,0.0781,57797.0,0.9542,763,54856.47,2,0,,,0,1
1351,ACC001351,salary,False,False,Kochi,IN,full,1443571200,3381,False,0.8582,1764.8,1.191,0.0343,69729.67,1.0793,1249,68463.11,4,0,,,0,1
1352,ACC001352,salary,False,False,Ahmedabad,IN,full,1492905600,2810,False,0.5253,1482.52,1.164,0.0447,234185.94,1.5692,656,191638.88,3,0,,,0,1
1353,ACC001353,student,False,False,Jaipur,IN,full,1471564800,3057,False,0.172,591.26,1.004,0.1101,12419.02,3.4783,-1,0.0,0,0,,,0,1
1354,ACC001354,large_business,True,True,Kochi,IN,full,1464480000,3139,False,18.2583,221725.88,1.335,0.0308,169112547.88,14.9965,-1,0.0,0,0,,,0,1
1355,ACC001355,salary,False,False,Kolkata,IN,full,1701907200,391,False,0.2325,2839.06,1.237,0.0584,79873.93,0.8308,367,77174.3,3,0,,,0,1
1356,ACC001356,small_business,True,True,Ahmedabad,IN,min,1569110400,1928,False,1.1399,20171.57,1.326,0.0729,386980.71,3.278,-1,0.0,0,0,,,0,1
1357,ACC001357,merchant,True,True,Kochi,IN,full,1695859200,461,False,6.4421,1419.71,0.904,0.0707,628090.87,15.452,-1,0.0,0,0,,,0,1
1358,ACC001358,salary,False,False,Kolkata,IN,min,1515542400,2548,False,0.4404,3061.6,1.108,0.0749,63714.38,2.358,188,56290.75,5,0,,,0,0
1359,ACC001359,salary,False,False,Delhi,IN,min,1568764800,1932,False,0.3755,991.53,1.081,0.0797,217440.17,0.8159,571,192578.21,6,0,,,0,0
1360,ACC001360,student,False,False,Delhi,IN,full,1668470400,778,False,0.2013,479.04,1.042,0.2144,19959.07,0.5142,-1,0.0,0,0,,,0,1
1361,ACC001361,student,False,False,Hyderabad,IN,full,1410307200,3766,False,0.2435,395.17,0.778,0.1826,5471.7,0.709,-1,0.0,0,0,,,0,1
1362,ACC001362,merchant,True,True,Chennai,IN,min,1624492800,1287,False,5.0904,2705.86,0.966,0.0873,5538067.69,49.0285,-1,0.0,0,0,,,0,0
1363,ACC001363,small_business,True,True,Jaipur,IN,full,1701302400,398,False,2.2346,2016.23,1.129,0.0583,640792.77,11.2597,-1,0.0,0,1,intermediary,layering_chain,1,1
1364,ACC001364,merchant,True,True,Delhi,IN,full,1623196800,1302,False,1.8216,3546.42,1.062,0.0892,2879619.69,52.4812,-1,0.0,0,0,,,0,0
1365,ACC001365,salary,False,False,Bengaluru,IN,full,1392422400,3973,False,0.344,1133.78,1.087,0.0695,68360.98,0.3849,36,60614.13,7,1,mule,fan_in|fan_out|mule_network,3,1
1366,ACC001366,salary,False,False,Mumbai,IN,full,1698019200,436,False,0.5668,1874.27,0.897,0.0912,43017.56,1.5796,1407,38538.4,4,0,,,0,1
1367,ACC001367,student,False,False,Delhi,IN,full,1512172800,2587,False,0.5401,535.83,0.792,0.1868,17488.6,0.6067,-1,0.0,0,0,,,0,1
1368,ACC001368,household,False,False,Jaipur,IN,full,1527033600,2415,False,0.517,2415.38,0.894,0.047,51221.35,1.5248,-1,0.0,0,0,,,0,0
1369,ACC001369,merchant,True,True,Kochi,IN,min,1488326400,2863,False,2.5616,601.84,1.033,0.1054,4813171.2,29.8555,-1,0.0,0,0,,,0,0
1370,ACC001370,salary,False,False,Kolkata,IN,full,1571616000,1899,False,0.2649,3371.69,1.208,0.0645,158639.73,1.3719,1471,125329.64,2,1,mule|transit,fan_in|mule_network|rapid_pass_through,5,0
1371,ACC001371,household,False,False,Pune,IN,full,1483920000,2914,False,0.4498,3379.82,0.848,0.026,57316.47,1.9028,-1,0.0,0,0,,,0,1
1372,ACC001372,salary,False,False,Mumbai,IN,full,1567468800,1947,False,0.325,3442.0,0.899,0.0248,158299.33,0.2929,900,123103.55,1,1,mule,fan_in|fan_out,3,0
1373,ACC001373,salary,False,False,Jaipur,IN,full,1581811200,1781,False,0.4058,3364.73,1.066,0.0845,140790.22,1.0919,1137,113851.02,6,0,,,0,1
1374,ACC001374,salary,False,False,Kochi,IN,full,1624233600,1290,False,0.6558,1861.62,0.874,0.0945,118164.47,2.2437,766,93860.96,6,0,,,0,1
1375,ACC001375,salary,False,False,Bengaluru,IN,full,1472083200,3051,False,0.3876,2303.7,1.161,0.0743,106899.41,0.4438,1032,81549.44,2,1,intermediary|mule,fan_in|fan_out|layering_chain|smurfing,5,1
1376,ACC001376,student,False,False,Ahmedabad,IN,full,1731542400,48,False,0.4659,561.17,1.046,0.0831,15606.38,1.0196,-1,0.0,0,0,,,0,1
1377,ACC001377,student,False,False,Ahmedabad,IN,full,1494288000,2794,False,0.2123,390.12,1.056,0.1864,14120.72,1.1011,-1,0.0,0,0,,,0,1
1378,ACC001378,small_business,True,True,Kochi,IN,min,1707782400,323,False,2.1329,22200.04,1.052,0.0315,1503568.56,7.5963,-1,0.0,0,0,,,0,0
1379,ACC001379,student,False,False,Bengaluru,IN,full,1521504000,2479,False,0.6489,130.26,0.771,0.1349,16398.17,2.0835,-1,0.0,0,0,,,0,1
1380,ACC001380,student,False,False,Kolkata,IN,full,1710633600,290,False,0.2207,759.73,0.953,0.127,14042.92,0.6391,-1,0.0,0,0,,,0,1
1381,ACC001381,freelancer,False,False,Kochi,IN,full,1409702400,3773,False,0.3535,677.72,1.431,0.1017,347893.35,4.7123,-1,0.0,0,0,,,0,1
1382,ACC001382,salary,False,False,Bengaluru,IN,full,1642032000,1084,False,0.2581,1763.09,0.911,0.033,71540.71,0.8694,611,58154.53,5,0,,,0,1
1383,ACC001383,freelancer,False,False,Jaipur,IN,full,1528156800,2402,False,0.3469,4188.36,1.144,0.0513,249607.16,5.7391,-1,0.0,0,0,,,0,0
1384,ACC001384,salary,False,False,Mumbai,IN,min,1623542400,1298,False,0.6125,1061.77,1.212,0.0593,165524.59,0.4033,145,137109.04,6,0,,,0,1
1385,ACC001385,household,False,False,Pune,IN,full,1698192000,434,False,0.2398,2249.63,0.891,0.0342,166480.31,2.0454,-1,0.0,0,0,,,0,0
1386,ACC001386,salary,False,False,Kochi,IN,full,1724457600,130,False,0.9229,2053.84,0.936,0.0749,216337.99,1.3621,399,173536.07,5,0,,,0,1
1387,ACC001387,merchant,True,True,Kochi,IN,full,1574121600,1870,False,3.8803,1040.46,0.868,0.0972,7499438.84,115.0498,-1,0.0,0,0,,,0,0
1388,ACC001388,merchant,True,True,Mumbai,IN,full,1483228800,2922,False,2.4115,3867.38,0.777,0.0321,3468546.37,13.5319,-1,0.0,0,0,,,0,0
1389,ACC001389,merchant,True,True,Mumbai,IN,full,1453507200,3266,False,4.2715,491.43,1.094,0.1034,4634927.29,36.8585,-1,0.0,0,0,,,0,0
1390,ACC001390,small_business,True,True,Ahmedabad,IN,full,1689984000,529,False,3.1492,21863.77,1.088,0.0701,947860.96,3.5968,-1,0.0,0,0,,,0,1
1391,ACC001391,salary,False,False,Pune,IN,full,1624665600,1285,False,0.1597,2881.16,0.936,0.0845,111868.83,0.9946,424,98093.42,4,1,mule,fan_in,1,1
1392,ACC001392,salary,False,False,Hyderabad,IN,min,1398643200,3901,False,0.6961,1785.02,1.101,0.0611,210908.49,1.3884,1300,161413.67,4,0,,,0,0
1393,ACC001393,freelancer,False,False,Chennai,IN,full,1610064000,1454,True,0.0051,5804.95,1.578,0.1029,118147.44,2.4081,-1,0.0,0,1,mule,fan_out,1,0
1394,ACC001394,salary,False,False,Kolkata,IN,min,1511654400,2593,False,0.4233,1484.23,1.044,0.0628,239417.95,0.3271,290,208663.31,6,1,mule,fan_out,2,0
1395,ACC001395,large_business,True,True,Bengaluru,IN,full,1393891200,3956,False,7.3028,371673.29,1.201,0.0271,5346115.27,4.6444,-1,0.0,0,0,,,0,0
1396,ACC001396,salary,False,False,Mumbai,IN,full,1642723200,1076,False,0.5642,1283.42,1.223,0.0917,90086.22,0.3465,223,83347.9,4,0,,,0,1
1397,ACC001397,small_business,True,True,Ahmedabad,IN,full,1582329600,1775,False,5.1012,21797.71,1.066,0.058,3544374.02,8.0402,-1,0.0,0,0,,,0,0
1398,ACC001398,freelancer,False,False,Bengaluru,IN,full,1497484800,2757,False,0.6386,5403.95,1.39,0.087,106529.28,7.0746,-1,0.0,0,0,,,0,1
1399,ACC001399,student,False,False,Pune,IN,min,1723507200,141,False,0.3897,627.53,0.756,0.1306,4255.27,0.7334,-1,0.0,0,1,mule,fan_in|fan_out,3,1
1400,ACC001400,household,False,False,Jaipur,IN,min,1578268800,1822,False,0.5202,806.88,1.174,0.0581,153338.26,1.4307,-1,0.0,0,0,,,0,1
1401,ACC001401,salary,False,False,Kolkata,SG,full,1674259200,711,False,0.9882,2756.7,1.124,0.0574,188489.15,1.4655,75,157252.16,5,0,,,0,1
1402,ACC001402,freelancer,False,False,Bengaluru,IN,full,1700006400,413,False,0.22,5149.35,1.571,0.1502,248558.42,3.8327,-1,0.0,0,0,,,0,1
1403,ACC001403,salary,False,False,Bengaluru,IN,full,1408406400,3788,False,0.2402,1466.39,1.119,0.0307,161103.44,1.2949,1084,137387.91,7,0,,,0,1
1404,ACC001404,salary,False,False,Bengaluru,IN,full,1675468800,697,False,0.7119,2712.63,1.153,0.0204,37498.86,2.077,989,36165.11,3,0,,,0,1
1405,ACC001405,household,False,False,Chennai,IN,full,1538524800,2282,False,0.7235,3171.75,0.814,0.0392,191746.83,1.8639,-1,0.0,0,1,mule,fan_in|fan_out,6,1
1406,ACC001406,salary,False,False,Mumbai,IN,full,1504483200,2676,False,0.7191,2574.42,0.983,0.0604,56479.75,0.9924,924,52017.25,6,0,,,0,1
1407,ACC001407,merchant,True,True,Ahmedabad,IN,min,1458345600,3210,False,3.3535,2467.55,0.905,0.1034,2972162.76,78.9894,-1,0.0,0,0,,,0,0
1408,ACC001408,salary,False,False,Hyderabad,IN,min,1431216000,3524,False,0.133,786.31,0.882,0.0535,200166.31,1.1904,236,167662.03,7,1,mule,fan_in|fan_out,3,1
1409,ACC001409,small_business,True,True,Delhi,IN,full,1509580800,2617,False,1.8479,12863.74,1.04,0.0597,1313952.17,7.9559,-1,0.0,0,0,,,0,1
1410,ACC001410,salary,False,False,Ahmedabad,IN,full,1610150400,1453,False,0.537,1580.28,0.912,0.0576,244557.35,1.3939,873,191042.44,2,0,,,0,0
1411,ACC001411,salary,False,False,Jaipur,IN,full,1418342400,3673,False,1.1375,2558.19,0.939,0.0612,212977.81,1.5612,165,198193.3,3,0,,,0,1
1412,ACC001412,freelancer,False,False,Chennai,IN,min,1647043200,1026,False,0.6533,1192.51,1.233,0.1461,376077.16,4.2781,-1,0.0,0,1,mule|transit,fan_in|fan_out|rapid_pass_through,6,1
1413,ACC001413,household,False,False,Kochi,IN,min,1566432000,1959,False,0.162,2281.38,1.18,0.0433,167555.97,0.8974,-1,0.0,0,0,,,0,1
1414,ACC001414,household,False,False,Bengaluru,IN,full,1573516800,1877,False,0.402,2184.51,0.989,0.0736,140047.74,1.2153,-1,0.0,0,0,,,0,0
1415,ACC001415,investment,True,True,Pune,IN,min,1397088000,3919,False,0.1259,1634952.05,1.339,0.0424,67541477.22,4.4968,-1,0.0,0,0,,,0,0
1416,ACC001416,salary,False,False,Ahmedabad,IN,min,1612915200,1421,False,1.0141,2713.47,1.182,0.0347,173140.05,1.3461,249,136286.1,4,0,,,0,1
1417,ACC001417,investment,True,True,Bengaluru,IN,full,1600646400,1563,False,0.5764,259767.6,1.046,0.0179,32537077.51,8.4691,-1,0.0,0,0,,,0,0
1418,ACC001418,small_business,True,True,Jaipur,IN,full,1528588800,2397,False,3.5712,3130.08,1.095,0.0321,3235752.09,2.927,-1,0.0,0,0,,,0,1
1419,ACC001419,salary,False,False,Chennai,IN,full,1729382400,73,False,0.2564,2698.35,0.87,0.033,155710.96,1.7608,1229,154993.61,4,0,,,0,1
1420,ACC001420,salary,False,False,Hyderabad,IN,min,1497398400,2758,False,0.7582,3102.6,1.136,0.0924,233098.24,1.3147,766,227506.25,2,0,,,0,1
1421,ACC001421,small_business,True,True,Mumbai,IN,full,1693267200,491,False,0.8486,24827.03,1.399,0.0545,1662548.03,9.6843,-1,0.0,0,0,,,0,1
1422,ACC001422,salary,False,False,Jaipur,IN,min,1627603200,1251,False,0.3031,3092.88,0.886,0.0335,186249.63,0.6555,391,140536.19,1,1,mule,fan_out,1,1
1423,ACC001423,small_business,True,True,Hyderabad,IN,min,1480982400,2948,False,1.623,15956.6,1.114,0.0595,3270420.72,6.6736,-1,0.0,0,0,,,0,0
1424,ACC001424,salary,False,False,Ahmedabad,IN,full,1651190400,978,False,1.6626,737.21,1.186,0.0363,221554.36,0.4628,137,190159.08,7,0,,,0,1
1425,ACC001425,salary,False,False,Hyderabad,IN,full,1409011200,3781,False,0.302,2420.51,0.943,0.0329,178632.98,1.7857,900,161355.9,2,0,,,0,0
1426,ACC001426,investment,True,True,Pune,IN,min,1627862400,1248,True,0.0056,577915.49,1.43,0.0327,41142324.15,10.028,-1,0.0,0,0,,,0,1
1427,ACC001427,small_business,True,True,Kochi,IN,full,1405296000,3824,False,1.6145,21592.45,1.349,0.0613,911046.51,3.5378,-1,0.0,0,0,,,0,0
1428,ACC001428,investment,True,True,Pune,MY,full,1536192000,2309,False,0.374,1546320.92,1.193,0.0418,58242129.3,3.9536,-1,0.0,0,0,,,0,0
1429,ACC001429,freelancer,False,False,Bengaluru,IN,full,1640908800,1097,False,0.2677,4938.56,1.287,0.1769,135994.59,0.8659,-1,0.0,0,0,,,0,1
1430,ACC001430,small_business,True,True,Pune,IN,min,1563235200,1996,False,0.6168,18160.93,1.426,0.0267,3839167.99,2.3444,-1,0.0,0,0,,,0,1
1431,ACC001431,salary,False,False,Chennai,IN,min,1723248000,144,False,0.9551,3112.08,1.023,0.0573,88843.8,3.8929,264,80822.76,2,0,,,0,1
1432,ACC001432,merchant,True,True,Jaipur,IN,full,1692230400,503,False,2.2178,1197.19,1.056,0.0532,8270789.55,34.1012,-1,0.0,0,0,,,0,0
1433,ACC001433,student,False,False,Chennai,HK,min,1449014400,3318,False,0.2588,368.77,0.758,0.165,8976.44,0.3533,-1,0.0,0,0,,,0,1
1434,ACC001434,student,False,False,Hyderabad,IN,full,1469491200,3081,False,0.2816,546.25,1.033,0.0724,15363.39,0.6837,-1,0.0,0,1,mule,fan_out|smurfing,4,1
1435,ACC001435,small_business,True,True,Pune,IN,full,1456531200,3231,False,0.6376,11425.04,1.405,0.0417,803369.66,3.9731,-1,0.0,0,0,,,0,0
1436,ACC001436,salary,False,False,Bengaluru,IN,full,1595808000,1619,False,0.3958,2052.59,1.207,0.058,242287.03,0.3727,1154,239795.41,7,0,,,0,1
1437,ACC001437,salary,False,False,Ahmedabad,IN,full,1458432000,3209,False,0.605,626.87,1.089,0.0861,98064.87,0.5978,1080,78111.06,4,0,,,0,1
1438,ACC001438,student,False,False,Pune,IN,full,1678579200,661,False,0.2825,465.79,0.898,0.0688,18096.55,0.7483,-1,0.0,0,0,,,0,1
1439,ACC001439,salary,False,False,Bengaluru,IN,full,1622505600,1310,False,1.0232,2802.14,1.132,0.0318,147551.81,1.3715,1228,126324.59,2,0,,,0,1
1440,ACC001440,salary,False,False,Jaipur,IN,full,1635292800,1162,False,0.2771,2957.48,1.003,0.0503,78916.99,1.191,284,65083.93,5,0,,,0,1
1441,ACC001441,small_business,True,True,Mumbai,IN,min,1482278400,2933,True,0.0344,12517.82,1.357,0.0428,365019.59,3.431,-1,0.0,0,0,,,0,0
1442,ACC001442,salary,False,False,Ahmedabad,IN,full,1715126400,238,False,0.6543,1530.3,1.087,0.0551,56617.64,0.6063,633,47219.17,6,0,,,0,1
1443,ACC001443,salary,False,False,Kolkata,IN,full,1699747200,416,False,0.6324,3161.76,1.231,0.0782,246895.02,1.4517,849,231366.82,7,0,,,0,1
1444,ACC001444,salary,False,False,Hyderabad,IN,full,1484092800,2912,False,0.1749,2540.31,1.125,0.0972,148962.79,1.4608,391,148385.65,7,0,,,0,1
1445,ACC001445,salary,False,False,Chennai,IN,full,1451088000,3294,False,0.1513,3135.76,0.926,0.0454,129949.94,1.0113,1340,102772.46,2,0,,,0,1
1446,ACC001446,salary,False,False,Chennai,IN,full,1691193600,515,False,0.4669,956.72,0.9,0.0504,134972.4,1.4576,1300,103018.02,5,0,,,0,1
1447,ACC001447,student,False,False,Pune,IN,min,1616716800,1377,False,0.1326,218.95,0.762,0.1914,11534.4,0.7472,-1,0.0,0,0,,,0,0
1448,ACC001448,small_business,True,True,Bengaluru,IN,full,1701820800,392,False,5.3166,3988.81,1.333,0.0772,1409961.48,8.3695,-1,0.0,0,0,,,0,0
1449,ACC001449,salary,False,False,Kochi,CY,full,1538179200,2286,False,0.5475,2585.98,0.92,0.0822,110548.32,1.271,155,95014.09,5,0,,,0,1
1450,ACC001450,salary,False,False,Kochi,IN,full,1563667200,1991,False,0.165,1459.88,1.014,0.0897,208118.93,1.298,611,191508.48,2,0,,,0,1
1451,ACC001451,student,False,False,Ahmedabad,IN,full,1449273600,3315,False,0.461,265.58,0.842,0.0846,8669.84,1.1166,-1,0.0,0,0,,,0,0
1452,ACC001452,household,False,False,Bengaluru,IN,full,1584489600,1750,False,0.5879,2306.6,0.886,0.0619,130107.44,1.1313,-1,0.0,0,0,,,0,1
1453,ACC001453,small_business,True,True,Ahmedabad,IN,min,1696809600,450,False,3.7341,19889.19,1.285,0.0285,2652401.93,6.5279,-1,0.0,0,0,,,0,0
1454,ACC001454,salary,False,False,Delhi,IN,min,1727136000,99,False,0.8309,808.38,1.176,0.0991,173867.98,2.11,317,147103.96,5,0,,,0,1
1455,ACC001455,merchant,True,True,Bengaluru,IN,min,1473724800,3032,False,4.6861,772.21,0.729,0.0536,4828947.76,21.8354,-1,0.0,0,0,,,0,0
1456,ACC001456,freelancer,False,False,Bengaluru,IN,min,1692921600,495,True,0.009,3104.81,1.188,0.0644,98846.08,0.7182,-1,0.0,0,0,,,0,1
1457,ACC001457,salary,False,False,Kolkata,IN,full,1621555200,1321,False,0.824,2744.72,0.996,0.0725,183470.18,0.6857,1498,144297.13,4,0,,,0,1
1458,ACC001458,salary,False,False,Pune,IN,full,1722038400,158,False,1.7504,2636.31,1.003,0.0723,65554.43,3.1465,933,51751.5,4,0,,,0,1
1459,ACC001459,household,False,False,Chennai,IN,full,1698105600,435,True,0.0155,401.93,1.173,0.0399,127195.04,1.7772,-1,0.0,0,0,,,0,1
1460,ACC001460,freelancer,False,False,Jaipur,IN,full,1521244800,2482,False,0.4752,3485.68,1.278,0.0584,267412.71,5.985,-1,0.0,0,0,,,0,1
1461,ACC001461,student,False,False,Jaipur,IN,min,1539043200,2276,False,0.0967,566.4,1.021,0.1905,20520.59,0.6964,-1,0.0,0,0,,,0,1
1462,ACC001462,salary,False,False,Chennai,IN,full,1436486400,3463,False,0.5264,3245.62,1.181,0.031,40705.96,3.7258,1169,34707.96,1,1,intermediary|mule,fan_out|layering_chain|smurfing,4,1
1463,ACC001463,salary,False,False,Chennai,IN,full,1504224000,2679,False,1.0043,1814.6,1.119,0.0324,193978.5,1.7576,701,172418.89,6,1,intermediary|mule,fan_in|fan_out|layering_chain,6,0
1464,ACC001464,student,False,False,Hyderabad,IN,full,1659052800,887,False,0.7586,223.67,0.917,0.1611,4761.35,1.0862,-1,0.0,0,0,,,0,0
1465,ACC001465,salary,False,False,Ahmedabad,IN,full,1668556800,777,False,0.7536,1994.34,1.065,0.0978,138304.51,1.2042,1259,106691.8,7,0,,,0,1
1466,ACC001466,merchant,True,True,Jaipur,IN,min,1645401600,1045,False,2.2096,2989.99,0.993,0.0649,6220577.87,90.4356,-1,0.0,0,0,,,0,0
1467,ACC001467,salary,False,False,Pune,IN,full,1583020800,1767,False,0.3915,2479.65,1.073,0.0399,190718.43,0.5536,642,157955.51,3,0,,,0,1
1468,ACC001468,salary,False,False,Bengaluru,IN,full,1585180800,1742,False,0.6299,1630.39,1.091,0.0996,72049.37,1.3129,1088,69983.99,3,0,,,0,1
1469,ACC001469,investment,True,True,Hyderabad,IN,full,1483660800,2917,False,0.3357,1381637.67,1.305,0.0269,67934209.45,12.2281,-1,0.0,0,0,,,0,1
1470,ACC001470,merchant,True,True,Hyderabad,IN,full,1413072000,3734,False,4.2332,3028.77,1.02,0.0437,2666547.02,78.9527,-1,0.0,0,0,,,0,0
1471,ACC001471,small_business,True,True,Pune,IN,full,1470960000,3064,False,1.2305,17274.6,1.356,0.0532,2725552.39,9.5967,-1,0.0,0,0,,,0,1
1472,ACC001472,freelancer,False,False,Bengaluru,IN,full,1470873600,3065,False,0.2355,3072.95,1.222,0.1698,299863.66,1.534,-1,0.0,0,0,,,0,1
1473,ACC001473,freelancer,False,False,Kolkata,IN,full,1537747200,2291,False,0.4266,1577.41,1.542,0.116,361384.79,2.471,-1,0.0,0,0,,,0,1
1474,ACC001474,salary,False,False,Kochi,IN,full,1544572800,2212,False,1.1504,2045.0,0.906,0.0344,182915.07,0.8222,62,153895.79,3,0,,,0,1
1475,ACC001475,salary,False,False,Kochi,IN,min,1442534400,3393,False,0.451,979.09,1.185,0.0954,174548.9,0.7936,1498,159337.19,6,0,,,0,1
1476,ACC001476,small_business,True,True,Bengaluru,IN,full,1637020800,1142,False,2.9223,8243.83,1.265,0.0322,328757.49,4.0893,-1,0.0,0,0,,,0,0
1477,ACC001477,merchant,True,True,Kolkata,IN,full,1639612800,1112,False,3.7713,3188.42,0.906,0.0787,5873611.2,67.6169,-1,0.0,0,0,,,0,1
1478,ACC001478,salary,False,False,Pune,IN,min,1493510400,2803,False,0.4697,1930.75,1.055,0.0779,106840.56,1.8459,232,103540.04,1,0,,,0,1
1479,ACC001479,salary,False,False,Jaipur,IN,full,1615075200,1396,False,0.7442,2440.44,1.231,0.0887,49824.4,0.4007,793,47955.45,7,0,,,0,1
1480,ACC001480,salary,False,False,Pune,IN,full,1495411200,2781,False,0.2094,2034.23,0.877,0.0306,171693.72,1.6078,1287,165943.77,7,0,,,0,1
1481,ACC001481,salary,False,False,Mumbai,IN,full,1703808000,369,False,0.5744,1556.52,0.952,0.0867,81415.98,0.544,454,72970.89,2,0,,,0,0
1482,ACC001482,small_business,True,True,Hyderabad,IN,full,1424736000,3599,False,2.0832,10256.56,0.978,0.0718,574334.87,4.8555,-1,0.0,0,0,,,0,1
1483,ACC001483,student,False,False,Ahmedabad,IN,min,1654214400,943,False,0.2046,882.54,1.038,0.1374,17751.35,0.5703,-1,0.0,0,0,,,0,1
1484,ACC001484,salary,False,False,Kolkata,IN,full,1457481600,3220,False,0.4062,993.32,0.99,0.0807,239441.94,0.4487,323,199866.66,5,0,,,0,1
1485,ACC001485,small_business,True,True,Chennai,IN,min,1552003200,2126,False,0.7677,8993.36,1.179,0.0478,3028095.26,6.0029,-1,0.0,0,1,destination|source,circular_flow|rapid_pass_through,3,0
1486,ACC001486,merchant,True,True,Kochi,IN,min,1558656000,2049,False,1.5819,3151.13,0.922,0.1269,907507.2,125.5741,-1,0.0,0,0,,,0,0
1487,ACC001487,salary,False,False,Delhi,IN,full,1512950400,2578,False,0.4158,2153.38,0.923,0.0255,199162.51,0.7437,1441,170282.54,5,0,,,0,1
1488,ACC001488,salary,False,False,Jaipur,IN,full,1471132800,3062,False,0.4949,1259.79,0.98,0.0341,205222.23,1.5675,1324,170788.72,7,0,,,0,1
1489,ACC001489,salary,False,False,Pune,IN,min,1704326400,363,False,0.3854,1859.55,0.938,0.0929,199151.96,0.4295,1241,168158.23,1,0,,,0,1
1490,ACC001490,household,False,False,Delhi,IN,full,1713916800,252,False,0.3372,699.17,1.067,0.0712,106855.35,1.6057,-1,0.0,0,1,mule,fan_out,1,0
1491,ACC001491,freelancer,False,False,Pune,IN,full,1509321600,2620,False,0.0682,4599.71,1.214,0.1252,260878.76,2.3133,-1,0.0,0,0,,,0,1
1492,ACC001492,freelancer,False,False,Delhi,IN,full,1552694400,2118,False,0.5576,2129.19,1.199,0.1473,295724.07,5.97,-1,0.0,0,0,,,0,1
1493,ACC001493,small_business,True,True,Bengaluru,IN,full,1456099200,3236,False,0.975,17531.51,1.353,0.0473,704757.05,3.9612,-1,0.0,0,0,,,0,1
1494,ACC001494,salary,False,False,Bengaluru,IN,min,1585699200,1736,True,0.0166,3429.29,0.936,0.0894,208670.19,1.4348,668,187815.68,6,0,,,0,1
1495,ACC001495,small_business,True,True,Ahmedabad,IN,full,1693267200,491,False,2.6929,4635.2,1.302,0.0797,2229257.35,8.7002,-1,0.0,0,0,,,0,1
1496,ACC001496,salary,False,False,Delhi,IN,full,1533340800,2342,False,0.5763,1020.1,1.237,0.077,124969.11,1.0957,673,102513.58,3,0,,,0,1
1497,ACC001497,small_business,True,True,Jaipur,IN,full,1414627200,3716,False,0.9627,12598.94,1.035,0.0723,1033186.1,5.0248,-1,0.0,0,0,,,0,0
1498,ACC001498,small_business,True,True,Pune,IN,min,1578960000,1814,True,0.0259,24633.88,1.109,0.0412,2848181.29,8.6996,-1,0.0,0,0,,,0,1
1499,ACC001499,salary,False,False,Kolkata,IN,min,1717804800,207,False,0.2417,1250.91,1.169,0.0951,204803.5,0.5221,458,203655.07,3,0,,,0,1
