episode_id,role,account_id,pattern,family,is_laundering
L000001,source,ACC000611,dormant_activation,laundering,1
L000001,transit,ACC001245,dormant_activation,laundering,1
L000001,destination,ACC000134,dormant_activation,laundering,1
L000002,source,ACC001228,rapid_pass_through,laundering,1
L000002,source,ACC000165,rapid_pass_through,laundering,1
L000002,source,ACC000165,rapid_pass_through,laundering,1
L000002,source,ACC000246,rapid_pass_through,laundering,1
L000002,source,ACC001197,rapid_pass_through,laundering,1
L000002,transit,ACC000795,rapid_pass_through,laundering,1
L000002,destination,ACC000063,rapid_pass_through,laundering,1
L000002,destination,ACC000156,rapid_pass_through,laundering,1
B000003,source,ACC001285,payroll_fanout,benign_lookalike,0
B000003,beneficiary,ACC000657,payroll_fanout,benign_lookalike,0
B000003,beneficiary,ACC000445,payroll_fanout,benign_lookalike,0
B000003,beneficiary,ACC000449,payroll_fanout,benign_lookalike,0
B000003,beneficiary,ACC000618,payroll_fanout,benign_lookalike,0
B000003,beneficiary,ACC001408,payroll_fanout,benign_lookalike,0
B000003,beneficiary,ACC001188,payroll_fanout,benign_lookalike,0
B000003,beneficiary,ACC000903,payroll_fanout,benign_lookalike,0
B000003,beneficiary,ACC000004,payroll_fanout,benign_lookalike,0
B000003,beneficiary,ACC000646,payroll_fanout,benign_lookalike,0
B000003,beneficiary,ACC000005,payroll_fanout,benign_lookalike,0
B000003,beneficiary,ACC001306,payroll_fanout,benign_lookalike,0
B000003,beneficiary,ACC000658,payroll_fanout,benign_lookalike,0
B000003,beneficiary,ACC000241,payroll_fanout,benign_lookalike,0
B000003,beneficiary,ACC001175,payroll_fanout,benign_lookalike,0
B000003,beneficiary,ACC001479,payroll_fanout,benign_lookalike,0
B000003,beneficiary,ACC000073,payroll_fanout,benign_lookalike,0
B000003,beneficiary,ACC000910,payroll_fanout,benign_lookalike,0
B000003,beneficiary,ACC001135,payroll_fanout,benign_lookalike,0
B000003,beneficiary,ACC001488,payroll_fanout,benign_lookalike,0
B000003,beneficiary,ACC001316,payroll_fanout,benign_lookalike,0
B000003,beneficiary,ACC000377,payroll_fanout,benign_lookalike,0
B000003,beneficiary,ACC001136,payroll_fanout,benign_lookalike,0
B000003,beneficiary,ACC000965,payroll_fanout,benign_lookalike,0
B000003,beneficiary,ACC001323,payroll_fanout,benign_lookalike,0
B000003,beneficiary,ACC000159,payroll_fanout,benign_lookalike,0
B000003,beneficiary,ACC000598,payroll_fanout,benign_lookalike,0
B000003,beneficiary,ACC000034,payroll_fanout,benign_lookalike,0
B000003,beneficiary,ACC001398,payroll_fanout,benign_lookalike,0
B000003,beneficiary,ACC001110,payroll_fanout,benign_lookalike,0
B000003,beneficiary,ACC001120,payroll_fanout,benign_lookalike,0
B000003,beneficiary,ACC000516,payroll_fanout,benign_lookalike,0
B000003,beneficiary,ACC001382,payroll_fanout,benign_lookalike,0
B000003,beneficiary,ACC000545,payroll_fanout,benign_lookalike,0
B000003,beneficiary,ACC000330,payroll_fanout,benign_lookalike,0
B000003,beneficiary,ACC000429,payroll_fanout,benign_lookalike,0
B000003,beneficiary,ACC001386,payroll_fanout,benign_lookalike,0
B000003,beneficiary,ACC001391,payroll_fanout,benign_lookalike,0
B000003,beneficiary,ACC000803,payroll_fanout,benign_lookalike,0
B000003,beneficiary,ACC000685,payroll_fanout,benign_lookalike,0
B000003,beneficiary,ACC001101,payroll_fanout,benign_lookalike,0
B000003,beneficiary,ACC000813,payroll_fanout,benign_lookalike,0
B000003,beneficiary,ACC001049,payroll_fanout,benign_lookalike,0
B000003,beneficiary,ACC001312,payroll_fanout,benign_lookalike,0
B000003,beneficiary,ACC001252,payroll_fanout,benign_lookalike,0
B000003,beneficiary,ACC000774,payroll_fanout,benign_lookalike,0
B000003,beneficiary,ACC000298,payroll_fanout,benign_lookalike,0
B000003,beneficiary,ACC000898,payroll_fanout,benign_lookalike,0
B000003,beneficiary,ACC000982,payroll_fanout,benign_lookalike,0
B000003,beneficiary,ACC000959,payroll_fanout,benign_lookalike,0
B000003,beneficiary,ACC000131,payroll_fanout,benign_lookalike,0
B000003,beneficiary,ACC000363,payroll_fanout,benign_lookalike,0
B000003,beneficiary,ACC001160,payroll_fanout,benign_lookalike,0
B000003,beneficiary,ACC000920,payroll_fanout,benign_lookalike,0
B000003,beneficiary,ACC000750,payroll_fanout,benign_lookalike,0
B000003,beneficiary,ACC001063,payroll_fanout,benign_lookalike,0
B000003,beneficiary,ACC000662,payroll_fanout,benign_lookalike,0
B000003,beneficiary,ACC001284,payroll_fanout,benign_lookalike,0
B000003,beneficiary,ACC001211,payroll_fanout,benign_lookalike,0
B000003,beneficiary,ACC000128,payroll_fanout,benign_lookalike,0
B000003,beneficiary,ACC000012,payroll_fanout,benign_lookalike,0
B000003,beneficiary,ACC000392,payroll_fanout,benign_lookalike,0
B000003,beneficiary,ACC000629,payroll_fanout,benign_lookalike,0
B000003,beneficiary,ACC000126,payroll_fanout,benign_lookalike,0
B000003,beneficiary,ACC000405,payroll_fanout,benign_lookalike,0
B000003,beneficiary,ACC000752,payroll_fanout,benign_lookalike,0
B000003,beneficiary,ACC000532,payroll_fanout,benign_lookalike,0
B000003,beneficiary,ACC001124,payroll_fanout,benign_lookalike,0
B000003,beneficiary,ACC001311,payroll_fanout,benign_lookalike,0
B000003,beneficiary,ACC001492,payroll_fanout,benign_lookalike,0
B000003,beneficiary,ACC000414,payroll_fanout,benign_lookalike,0
L000004,source,ACC000165,rapid_pass_through,laundering,1
L000004,source,ACC000861,rapid_pass_through,laundering,1
L000004,source,ACC000075,rapid_pass_through,laundering,1
L000004,source,ACC001032,rapid_pass_through,laundering,1
L000004,source,ACC000671,rapid_pass_through,laundering,1
L000004,source,ACC001032,rapid_pass_through,laundering,1
L000004,transit,ACC000488,rapid_pass_through,laundering,1
L000004,destination,ACC000362,rapid_pass_through,laundering,1
L000004,destination,ACC000754,rapid_pass_through,laundering,1
L000005,source,ACC000165,fan_out,laundering,1
L000005,mule,ACC001250,fan_out,laundering,1
L000005,mule,ACC000160,fan_out,laundering,1
L000005,mule,ACC000702,fan_out,laundering,1
L000005,mule,ACC000048,fan_out,laundering,1
L000005,mule,ACC001006,fan_out,laundering,1
L000005,mule,ACC000450,fan_out,laundering,1
L000005,mule,ACC000351,fan_out,laundering,1
L000005,mule,ACC000853,fan_out,laundering,1
L000005,mule,ACC001044,fan_out,laundering,1
L000005,mule,ACC000749,fan_out,laundering,1
L000005,mule,ACC000066,fan_out,laundering,1
L000005,mule,ACC001490,fan_out,laundering,1
L000005,mule,ACC000519,fan_out,laundering,1
L000005,mule,ACC000376,fan_out,laundering,1
L000005,mule,ACC001067,fan_out,laundering,1
L000005,mule,ACC000215,fan_out,laundering,1
L000005,mule,ACC000663,fan_out,laundering,1
L000005,mule,ACC001399,fan_out,laundering,1
L000005,mule,ACC001165,fan_out,laundering,1
L000005,mule,ACC001434,fan_out,laundering,1
L000005,mule,ACC000000,fan_out,laundering,1
L000005,mule,ACC000756,fan_out,laundering,1
L000005,mule,ACC000887,fan_out,laundering,1
L000005,mule,ACC000354,fan_out,laundering,1
L000005,mule,ACC001462,fan_out,laundering,1
L000005,mule,ACC001394,fan_out,laundering,1
L000005,mule,ACC001245,fan_out,laundering,1
L000005,mule,ACC001408,fan_out,laundering,1
L000005,mule,ACC000228,fan_out,laundering,1
L000005,mule,ACC001069,fan_out,laundering,1
L000005,mule,ACC000482,fan_out,laundering,1
L000005,mule,ACC000498,fan_out,laundering,1
L000005,mule,ACC000359,fan_out,laundering,1
L000005,mule,ACC001463,fan_out,laundering,1
L000005,mule,ACC001372,fan_out,laundering,1
L000005,mule,ACC001327,fan_out,laundering,1
L000005,mule,ACC000511,fan_out,laundering,1
L000005,mule,ACC001405,fan_out,laundering,1
L000005,mule,ACC000774,fan_out,laundering,1
L000005,mule,ACC000071,fan_out,laundering,1
B000006,counterparty,ACC000102,marketplace_fanin,benign_lookalike,0
B000006,counterparty,ACC000375,marketplace_fanin,benign_lookalike,0
B000006,counterparty,ACC001149,marketplace_fanin,benign_lookalike,0
B000006,counterparty,ACC000057,marketplace_fanin,benign_lookalike,0
B000006,counterparty,ACC001440,marketplace_fanin,benign_lookalike,0
B000006,counterparty,ACC000883,marketplace_fanin,benign_lookalike,0
B000006,counterparty,ACC000580,marketplace_fanin,benign_lookalike,0
B000006,counterparty,ACC001109,marketplace_fanin,benign_lookalike,0
B000006,counterparty,ACC000748,marketplace_fanin,benign_lookalike,0
B000006,counterparty,ACC000501,marketplace_fanin,benign_lookalike,0
B000006,counterparty,ACC000124,marketplace_fanin,benign_lookalike,0
B000006,counterparty,ACC000011,marketplace_fanin,benign_lookalike,0
B000006,counterparty,ACC000657,marketplace_fanin,benign_lookalike,0
B000006,counterparty,ACC000522,marketplace_fanin,benign_lookalike,0
B000006,counterparty,ACC001092,marketplace_fanin,benign_lookalike,0
B000006,counterparty,ACC000957,marketplace_fanin,benign_lookalike,0
B000006,counterparty,ACC000531,marketplace_fanin,benign_lookalike,0
B000006,counterparty,ACC000803,marketplace_fanin,benign_lookalike,0
B000006,counterparty,ACC000696,marketplace_fanin,benign_lookalike,0
B000006,counterparty,ACC001173,marketplace_fanin,benign_lookalike,0
B000006,counterparty,ACC000003,marketplace_fanin,benign_lookalike,0
B000006,counterparty,ACC000401,marketplace_fanin,benign_lookalike,0
B000006,counterparty,ACC000584,marketplace_fanin,benign_lookalike,0
B000006,counterparty,ACC000218,marketplace_fanin,benign_lookalike,0
B000006,counterparty,ACC001126,marketplace_fanin,benign_lookalike,0
B000006,counterparty,ACC001222,marketplace_fanin,benign_lookalike,0
B000006,counterparty,ACC000653,marketplace_fanin,benign_lookalike,0
B000006,counterparty,ACC000559,marketplace_fanin,benign_lookalike,0
B000006,counterparty,ACC000537,marketplace_fanin,benign_lookalike,0
B000006,counterparty,ACC000728,marketplace_fanin,benign_lookalike,0
B000006,counterparty,ACC000521,marketplace_fanin,benign_lookalike,0
B000006,counterparty,ACC000534,marketplace_fanin,benign_lookalike,0
B000006,counterparty,ACC000800,marketplace_fanin,benign_lookalike,0
B000006,counterparty,ACC000570,marketplace_fanin,benign_lookalike,0
B000006,counterparty,ACC000361,marketplace_fanin,benign_lookalike,0
B000006,counterparty,ACC000279,marketplace_fanin,benign_lookalike,0
B000006,counterparty,ACC000676,marketplace_fanin,benign_lookalike,0
B000006,counterparty,ACC000254,marketplace_fanin,benign_lookalike,0
B000006,counterparty,ACC000217,marketplace_fanin,benign_lookalike,0
B000006,counterparty,ACC001251,marketplace_fanin,benign_lookalike,0
B000006,counterparty,ACC001335,marketplace_fanin,benign_lookalike,0
B000006,counterparty,ACC000960,marketplace_fanin,benign_lookalike,0
B000006,counterparty,ACC000412,marketplace_fanin,benign_lookalike,0
B000006,counterparty,ACC000275,marketplace_fanin,benign_lookalike,0
B000006,counterparty,ACC000019,marketplace_fanin,benign_lookalike,0
B000006,counterparty,ACC001248,marketplace_fanin,benign_lookalike,0
B000006,counterparty,ACC000049,marketplace_fanin,benign_lookalike,0
B000006,counterparty,ACC000661,marketplace_fanin,benign_lookalike,0
B000006,counterparty,ACC001462,marketplace_fanin,benign_lookalike,0
B000006,counterparty,ACC000585,marketplace_fanin,benign_lookalike,0
B000006,counterparty,ACC000203,marketplace_fanin,benign_lookalike,0
B000006,counterparty,ACC000868,marketplace_fanin,benign_lookalike,0
B000006,counterparty,ACC000427,marketplace_fanin,benign_lookalike,0
B000006,counterparty,ACC000456,marketplace_fanin,benign_lookalike,0
B000006,counterparty,ACC000981,marketplace_fanin,benign_lookalike,0
B000006,counterparty,ACC000993,marketplace_fanin,benign_lookalike,0
B000006,counterparty,ACC000768,marketplace_fanin,benign_lookalike,0
B000006,counterparty,ACC000104,marketplace_fanin,benign_lookalike,0
B000006,counterparty,ACC001303,marketplace_fanin,benign_lookalike,0
B000006,counterparty,ACC000672,marketplace_fanin,benign_lookalike,0
B000006,counterparty,ACC000371,marketplace_fanin,benign_lookalike,0
B000006,counterparty,ACC001052,marketplace_fanin,benign_lookalike,0
B000006,counterparty,ACC000937,marketplace_fanin,benign_lookalike,0
B000006,counterparty,ACC000925,marketplace_fanin,benign_lookalike,0
B000006,counterparty,ACC001396,marketplace_fanin,benign_lookalike,0
B000006,counterparty,ACC000316,marketplace_fanin,benign_lookalike,0
B000006,counterparty,ACC001244,marketplace_fanin,benign_lookalike,0
B000006,counterparty,ACC000909,marketplace_fanin,benign_lookalike,0
B000006,counterparty,ACC000914,marketplace_fanin,benign_lookalike,0
B000006,counterparty,ACC001480,marketplace_fanin,benign_lookalike,0
B000006,counterparty,ACC000624,marketplace_fanin,benign_lookalike,0
B000006,counterparty,ACC000588,marketplace_fanin,benign_lookalike,0
B000006,counterparty,ACC000837,marketplace_fanin,benign_lookalike,0
B000006,counterparty,ACC001230,marketplace_fanin,benign_lookalike,0
B000006,counterparty,ACC001200,marketplace_fanin,benign_lookalike,0
B000006,counterparty,ACC000208,marketplace_fanin,benign_lookalike,0
B000006,counterparty,ACC000404,marketplace_fanin,benign_lookalike,0
B000006,counterparty,ACC000447,marketplace_fanin,benign_lookalike,0
B000006,counterparty,ACC000678,marketplace_fanin,benign_lookalike,0
B000006,counterparty,ACC001445,marketplace_fanin,benign_lookalike,0
B000006,counterparty,ACC000125,marketplace_fanin,benign_lookalike,0
B000006,counterparty,ACC000920,marketplace_fanin,benign_lookalike,0
B000006,counterparty,ACC000934,marketplace_fanin,benign_lookalike,0
B000006,counterparty,ACC000954,marketplace_fanin,benign_lookalike,0
B000006,counterparty,ACC000623,marketplace_fanin,benign_lookalike,0
B000006,counterparty,ACC000843,marketplace_fanin,benign_lookalike,0
B000006,counterparty,ACC000052,marketplace_fanin,benign_lookalike,0
B000006,counterparty,ACC001172,marketplace_fanin,benign_lookalike,0
B000006,counterparty,ACC001004,marketplace_fanin,benign_lookalike,0
B000006,counterparty,ACC001256,marketplace_fanin,benign_lookalike,0
B000006,counterparty,ACC001337,marketplace_fanin,benign_lookalike,0
B000006,counterparty,ACC001025,marketplace_fanin,benign_lookalike,0
B000006,counterparty,ACC000854,marketplace_fanin,benign_lookalike,0
B000006,counterparty,ACC000581,marketplace_fanin,benign_lookalike,0
B000006,counterparty,ACC001131,marketplace_fanin,benign_lookalike,0
B000006,counterparty,ACC000092,marketplace_fanin,benign_lookalike,0
B000006,counterparty,ACC001449,marketplace_fanin,benign_lookalike,0
B000006,counterparty,ACC000641,marketplace_fanin,benign_lookalike,0
B000006,counterparty,ACC000996,marketplace_fanin,benign_lookalike,0
B000006,counterparty,ACC001304,marketplace_fanin,benign_lookalike,0
B000006,counterparty,ACC000867,marketplace_fanin,benign_lookalike,0
B000006,collector,ACC001098,marketplace_fanin,benign_lookalike,0
L000007,mule,ACC001375,fan_in,laundering,1
L000007,mule,ACC000450,fan_in,laundering,1
L000007,mule,ACC000351,fan_in,laundering,1
L000007,mule,ACC001463,fan_in,laundering,1
L000007,mule,ACC001245,fan_in,laundering,1
L000007,mule,ACC000947,fan_in,laundering,1
L000007,mule,ACC000354,fan_in,laundering,1
L000007,mule,ACC000800,fan_in,laundering,1
L000007,mule,ACC000095,fan_in,laundering,1
L000007,mule,ACC001067,fan_in,laundering,1
L000007,mule,ACC000706,fan_in,laundering,1
L000007,mule,ACC000160,fan_in,laundering,1
L000007,mule,ACC000838,fan_in,laundering,1
L000007,mule,ACC000759,fan_in,laundering,1
L000007,mule,ACC000934,fan_in,laundering,1
L000007,mule,ACC000359,fan_in,laundering,1
L000007,mule,ACC000831,fan_in,laundering,1
L000007,mule,ACC000446,fan_in,laundering,1
L000007,mule,ACC000376,fan_in,laundering,1
L000007,mule,ACC000488,fan_in,laundering,1
L000007,mule,ACC000358,fan_in,laundering,1
L000007,mule,ACC001329,fan_in,laundering,1
L000007,mule,ACC000702,fan_in,laundering,1
L000007,mule,ACC000887,fan_in,laundering,1
L000007,mule,ACC000663,fan_in,laundering,1
L000007,mule,ACC000191,fan_in,laundering,1
L000007,mule,ACC000953,fan_in,laundering,1
L000007,mule,ACC000390,fan_in,laundering,1
L000007,mule,ACC001002,fan_in,laundering,1
L000007,mule,ACC001412,fan_in,laundering,1
L000007,mule,ACC000751,fan_in,laundering,1
L000007,mule,ACC000073,fan_in,laundering,1
L000007,mule,ACC000371,fan_in,laundering,1
L000007,mule,ACC001370,fan_in,laundering,1
L000007,mule,ACC000331,fan_in,laundering,1
L000007,collector,ACC000322,fan_in,laundering,1
B000008,source,ACC000317,installment_split,benign_lookalike,0
B000008,beneficiary,ACC001328,installment_split,benign_lookalike,0
B000009,counterparty,ACC001374,marketplace_fanin,benign_lookalike,0
B000009,counterparty,ACC000845,marketplace_fanin,benign_lookalike,0
B000009,counterparty,ACC000034,marketplace_fanin,benign_lookalike,0
B000009,counterparty,ACC001211,marketplace_fanin,benign_lookalike,0
B000009,counterparty,ACC001367,marketplace_fanin,benign_lookalike,0
B000009,counterparty,ACC000107,marketplace_fanin,benign_lookalike,0
B000009,counterparty,ACC000785,marketplace_fanin,benign_lookalike,0
B000009,counterparty,ACC000093,marketplace_fanin,benign_lookalike,0
B000009,counterparty,ACC000770,marketplace_fanin,benign_lookalike,0
B000009,counterparty,ACC000009,marketplace_fanin,benign_lookalike,0
B000009,counterparty,ACC000931,marketplace_fanin,benign_lookalike,0
B000009,counterparty,ACC001000,marketplace_fanin,benign_lookalike,0
B000009,counterparty,ACC001133,marketplace_fanin,benign_lookalike,0
B000009,counterparty,ACC000677,marketplace_fanin,benign_lookalike,0
B000009,counterparty,ACC000639,marketplace_fanin,benign_lookalike,0
B000009,counterparty,ACC000099,marketplace_fanin,benign_lookalike,0
B000009,counterparty,ACC000449,marketplace_fanin,benign_lookalike,0
B000009,counterparty,ACC000204,marketplace_fanin,benign_lookalike,0
B000009,counterparty,ACC001468,marketplace_fanin,benign_lookalike,0
B000009,counterparty,ACC001145,marketplace_fanin,benign_lookalike,0
B000009,counterparty,ACC001316,marketplace_fanin,benign_lookalike,0
B000009,counterparty,ACC001043,marketplace_fanin,benign_lookalike,0
B000009,counterparty,ACC000874,marketplace_fanin,benign_lookalike,0
B000009,counterparty,ACC000982,marketplace_fanin,benign_lookalike,0
B000009,counterparty,ACC001492,marketplace_fanin,benign_lookalike,0
B000009,counterparty,ACC000410,marketplace_fanin,benign_lookalike,0
B000009,counterparty,ACC001283,marketplace_fanin,benign_lookalike,0
B000009,counterparty,ACC000544,marketplace_fanin,benign_lookalike,0
B000009,counterparty,ACC000559,marketplace_fanin,benign_lookalike,0
B000009,counterparty,ACC001172,marketplace_fanin,benign_lookalike,0
B000009,counterparty,ACC001345,marketplace_fanin,benign_lookalike,0
B000009,counterparty,ACC000530,marketplace_fanin,benign_lookalike,0
B000009,counterparty,ACC000976,marketplace_fanin,benign_lookalike,0
B000009,counterparty,ACC001225,marketplace_fanin,benign_lookalike,0
B000009,counterparty,ACC001279,marketplace_fanin,benign_lookalike,0
B000009,counterparty,ACC001479,marketplace_fanin,benign_lookalike,0
B000009,counterparty,ACC000123,marketplace_fanin,benign_lookalike,0
B000009,counterparty,ACC000261,marketplace_fanin,benign_lookalike,0
B000009,counterparty,ACC000360,marketplace_fanin,benign_lookalike,0
B000009,counterparty,ACC000413,marketplace_fanin,benign_lookalike,0
B000009,counterparty,ACC000613,marketplace_fanin,benign_lookalike,0
B000009,counterparty,ACC001085,marketplace_fanin,benign_lookalike,0
B000009,counterparty,ACC000347,marketplace_fanin,benign_lookalike,0
B000009,counterparty,ACC000586,marketplace_fanin,benign_lookalike,0
B000009,counterparty,ACC001270,marketplace_fanin,benign_lookalike,0
B000009,counterparty,ACC001361,marketplace_fanin,benign_lookalike,0
B000009,counterparty,ACC000777,marketplace_fanin,benign_lookalike,0
B000009,counterparty,ACC000515,marketplace_fanin,benign_lookalike,0
B000009,counterparty,ACC000569,marketplace_fanin,benign_lookalike,0
B000009,counterparty,ACC000822,marketplace_fanin,benign_lookalike,0
B000009,counterparty,ACC001478,marketplace_fanin,benign_lookalike,0
B000009,counterparty,ACC000000,marketplace_fanin,benign_lookalike,0
B000009,counterparty,ACC001442,marketplace_fanin,benign_lookalike,0
B000009,counterparty,ACC001281,marketplace_fanin,benign_lookalike,0
B000009,counterparty,ACC001248,marketplace_fanin,benign_lookalike,0
B000009,counterparty,ACC000186,marketplace_fanin,benign_lookalike,0
B000009,counterparty,ACC001437,marketplace_fanin,benign_lookalike,0
B000009,counterparty,ACC000052,marketplace_fanin,benign_lookalike,0
B000009,counterparty,ACC000628,marketplace_fanin,benign_lookalike,0
B000009,counterparty,ACC000074,marketplace_fanin,benign_lookalike,0
B000009,counterparty,ACC001416,marketplace_fanin,benign_lookalike,0
B000009,counterparty,ACC001438,marketplace_fanin,benign_lookalike,0
B000009,counterparty,ACC000573,marketplace_fanin,benign_lookalike,0
B000009,counterparty,ACC001180,marketplace_fanin,benign_lookalike,0
B000009,counterparty,ACC000177,marketplace_fanin,benign_lookalike,0
B000009,counterparty,ACC001429,marketplace_fanin,benign_lookalike,0
B000009,collector,ACC000712,marketplace_fanin,benign_lookalike,0
B000010,counterparty,ACC000846,supplier_passthrough,benign_lookalike,0
B000010,counterparty,ACC000166,supplier_passthrough,benign_lookalike,0
B000010,counterparty,ACC000531,supplier_passthrough,benign_lookalike,0
B000010,counterparty,ACC000496,supplier_passthrough,benign_lookalike,0
B000010,transit,ACC001262,supplier_passthrough,benign_lookalike,0
B000010,beneficiary,ACC001356,supplier_passthrough,benign_lookalike,0
B000011,counterparty,ACC000645,supplier_passthrough,benign_lookalike,0
B000011,counterparty,ACC000365,supplier_passthrough,benign_lookalike,0
B000011,transit,ACC001357,supplier_passthrough,benign_lookalike,0
B000011,beneficiary,ACC000344,supplier_passthrough,benign_lookalike,0
B000012,counterparty,ACC000565,supplier_passthrough,benign_lookalike,0
B000012,counterparty,ACC001174,supplier_passthrough,benign_lookalike,0
B000012,counterparty,ACC000337,supplier_passthrough,benign_lookalike,0
B000012,transit,ACC001477,supplier_passthrough,benign_lookalike,0
B000012,beneficiary,ACC001127,supplier_passthrough,benign_lookalike,0
B000012,beneficiary,ACC001418,supplier_passthrough,benign_lookalike,0
L000013,source,ACC000075,layering_chain,laundering,1
L000013,intermediary,ACC000071,layering_chain,laundering,1
L000013,intermediary,ACC001295,layering_chain,laundering,1
L000013,intermediary,ACC000743,layering_chain,laundering,1
L000013,intermediary,ACC000677,layering_chain,laundering,1
L000013,intermediary,ACC000498,layering_chain,laundering,1
L000013,destination,ACC000356,layering_chain,laundering,1
B000014,counterparty,ACC000984,marketplace_fanin,benign_lookalike,0
B000014,counterparty,ACC000142,marketplace_fanin,benign_lookalike,0
B000014,counterparty,ACC000071,marketplace_fanin,benign_lookalike,0
B000014,counterparty,ACC000034,marketplace_fanin,benign_lookalike,0
B000014,counterparty,ACC001060,marketplace_fanin,benign_lookalike,0
B000014,counterparty,ACC000536,marketplace_fanin,benign_lookalike,0
B000014,counterparty,ACC001065,marketplace_fanin,benign_lookalike,0
B000014,counterparty,ACC000538,marketplace_fanin,benign_lookalike,0
B000014,counterparty,ACC000569,marketplace_fanin,benign_lookalike,0
B000014,counterparty,ACC000757,marketplace_fanin,benign_lookalike,0
B000014,counterparty,ACC000461,marketplace_fanin,benign_lookalike,0
B000014,counterparty,ACC000077,marketplace_fanin,benign_lookalike,0
B000014,counterparty,ACC000377,marketplace_fanin,benign_lookalike,0
B000014,counterparty,ACC001145,marketplace_fanin,benign_lookalike,0
B000014,counterparty,ACC000770,marketplace_fanin,benign_lookalike,0
B000014,counterparty,ACC000242,marketplace_fanin,benign_lookalike,0
B000014,counterparty,ACC001489,marketplace_fanin,benign_lookalike,0
B000014,counterparty,ACC000585,marketplace_fanin,benign_lookalike,0
B000014,counterparty,ACC000528,marketplace_fanin,benign_lookalike,0
B000014,counterparty,ACC000337,marketplace_fanin,benign_lookalike,0
B000014,counterparty,ACC000534,marketplace_fanin,benign_lookalike,0
B000014,counterparty,ACC000655,marketplace_fanin,benign_lookalike,0
B000014,counterparty,ACC000944,marketplace_fanin,benign_lookalike,0
B000014,counterparty,ACC001189,marketplace_fanin,benign_lookalike,0
B000014,counterparty,ACC000233,marketplace_fanin,benign_lookalike,0
B000014,counterparty,ACC000079,marketplace_fanin,benign_lookalike,0
B000014,counterparty,ACC000657,marketplace_fanin,benign_lookalike,0
B000014,counterparty,ACC001227,marketplace_fanin,benign_lookalike,0
B000014,counterparty,ACC000918,marketplace_fanin,benign_lookalike,0
B000014,counterparty,ACC000641,marketplace_fanin,benign_lookalike,0
B000014,counterparty,ACC001280,marketplace_fanin,benign_lookalike,0
B000014,counterparty,ACC000785,marketplace_fanin,benign_lookalike,0
B000014,counterparty,ACC000540,marketplace_fanin,benign_lookalike,0
B000014,counterparty,ACC001051,marketplace_fanin,benign_lookalike,0
B000014,counterparty,ACC001224,marketplace_fanin,benign_lookalike,0
B000014,counterparty,ACC000109,marketplace_fanin,benign_lookalike,0
B000014,counterparty,ACC001255,marketplace_fanin,benign_lookalike,0
B000014,counterparty,ACC000629,marketplace_fanin,benign_lookalike,0
B000014,counterparty,ACC000259,marketplace_fanin,benign_lookalike,0
B000014,counterparty,ACC000147,marketplace_fanin,benign_lookalike,0
B000014,counterparty,ACC001446,marketplace_fanin,benign_lookalike,0
B000014,counterparty,ACC001267,marketplace_fanin,benign_lookalike,0
B000014,counterparty,ACC001302,marketplace_fanin,benign_lookalike,0
B000014,counterparty,ACC000419,marketplace_fanin,benign_lookalike,0
B000014,counterparty,ACC001260,marketplace_fanin,benign_lookalike,0
B000014,counterparty,ACC000401,marketplace_fanin,benign_lookalike,0
B000014,counterparty,ACC000776,marketplace_fanin,benign_lookalike,0
B000014,counterparty,ACC000229,marketplace_fanin,benign_lookalike,0
B000014,counterparty,ACC001465,marketplace_fanin,benign_lookalike,0
B000014,counterparty,ACC000300,marketplace_fanin,benign_lookalike,0
B000014,counterparty,ACC001283,marketplace_fanin,benign_lookalike,0
B000014,counterparty,ACC001013,marketplace_fanin,benign_lookalike,0
B000014,counterparty,ACC000295,marketplace_fanin,benign_lookalike,0
B000014,counterparty,ACC001460,marketplace_fanin,benign_lookalike,0
B000014,counterparty,ACC000417,marketplace_fanin,benign_lookalike,0
B000014,counterparty,ACC000072,marketplace_fanin,benign_lookalike,0
B000014,counterparty,ACC000186,marketplace_fanin,benign_lookalike,0
B000014,counterparty,ACC000833,marketplace_fanin,benign_lookalike,0
B000014,counterparty,ACC000425,marketplace_fanin,benign_lookalike,0
B000014,counterparty,ACC000910,marketplace_fanin,benign_lookalike,0
B000014,counterparty,ACC000176,marketplace_fanin,benign_lookalike,0
B000014,counterparty,ACC000593,marketplace_fanin,benign_lookalike,0
B000014,counterparty,ACC001156,marketplace_fanin,benign_lookalike,0
B000014,counterparty,ACC000616,marketplace_fanin,benign_lookalike,0
B000014,counterparty,ACC000875,marketplace_fanin,benign_lookalike,0
B000014,counterparty,ACC000914,marketplace_fanin,benign_lookalike,0
B000014,counterparty,ACC000703,marketplace_fanin,benign_lookalike,0
B000014,counterparty,ACC000122,marketplace_fanin,benign_lookalike,0
B000014,counterparty,ACC000683,marketplace_fanin,benign_lookalike,0
B000014,counterparty,ACC000260,marketplace_fanin,benign_lookalike,0
B000014,counterparty,ACC001496,marketplace_fanin,benign_lookalike,0
B000014,counterparty,ACC000581,marketplace_fanin,benign_lookalike,0
B000014,counterparty,ACC001371,marketplace_fanin,benign_lookalike,0
B000014,counterparty,ACC000221,marketplace_fanin,benign_lookalike,0
B000014,counterparty,ACC000285,marketplace_fanin,benign_lookalike,0
B000014,counterparty,ACC001037,marketplace_fanin,benign_lookalike,0
B000014,counterparty,ACC000358,marketplace_fanin,benign_lookalike,0
B000014,counterparty,ACC001136,marketplace_fanin,benign_lookalike,0
B000014,counterparty,ACC000273,marketplace_fanin,benign_lookalike,0
B000014,counterparty,ACC000415,marketplace_fanin,benign_lookalike,0
B000014,counterparty,ACC000745,marketplace_fanin,benign_lookalike,0
B000014,counterparty,ACC001190,marketplace_fanin,benign_lookalike,0
B000014,counterparty,ACC001304,marketplace_fanin,benign_lookalike,0
B000014,counterparty,ACC000839,marketplace_fanin,benign_lookalike,0
B000014,counterparty,ACC001331,marketplace_fanin,benign_lookalike,0
B000014,counterparty,ACC001468,marketplace_fanin,benign_lookalike,0
B000014,counterparty,ACC000753,marketplace_fanin,benign_lookalike,0
B000014,counterparty,ACC000856,marketplace_fanin,benign_lookalike,0
B000014,counterparty,ACC000497,marketplace_fanin,benign_lookalike,0
B000014,counterparty,ACC001323,marketplace_fanin,benign_lookalike,0
B000014,counterparty,ACC000559,marketplace_fanin,benign_lookalike,0
B000014,counterparty,ACC000939,marketplace_fanin,benign_lookalike,0
B000014,counterparty,ACC001218,marketplace_fanin,benign_lookalike,0
B000014,counterparty,ACC001058,marketplace_fanin,benign_lookalike,0
B000014,counterparty,ACC001480,marketplace_fanin,benign_lookalike,0
B000014,counterparty,ACC000879,marketplace_fanin,benign_lookalike,0
B000014,counterparty,ACC001177,marketplace_fanin,benign_lookalike,0
B000014,counterparty,ACC000827,marketplace_fanin,benign_lookalike,0
B000014,counterparty,ACC000599,marketplace_fanin,benign_lookalike,0
B000014,counterparty,ACC000717,marketplace_fanin,benign_lookalike,0
B000014,counterparty,ACC000302,marketplace_fanin,benign_lookalike,0
B000014,counterparty,ACC000620,marketplace_fanin,benign_lookalike,0
B000014,counterparty,ACC000416,marketplace_fanin,benign_lookalike,0
B000014,counterparty,ACC000301,marketplace_fanin,benign_lookalike,0
B000014,counterparty,ACC000480,marketplace_fanin,benign_lookalike,0
B000014,counterparty,ACC001212,marketplace_fanin,benign_lookalike,0
B000014,counterparty,ACC000964,marketplace_fanin,benign_lookalike,0
B000014,counterparty,ACC000354,marketplace_fanin,benign_lookalike,0
B000014,counterparty,ACC000254,marketplace_fanin,benign_lookalike,0
B000014,counterparty,ACC001401,marketplace_fanin,benign_lookalike,0
B000014,counterparty,ACC000679,marketplace_fanin,benign_lookalike,0
B000014,counterparty,ACC000375,marketplace_fanin,benign_lookalike,0
B000014,counterparty,ACC001030,marketplace_fanin,benign_lookalike,0
B000014,counterparty,ACC000468,marketplace_fanin,benign_lookalike,0
B000014,counterparty,ACC001350,marketplace_fanin,benign_lookalike,0
B000014,counterparty,ACC000474,marketplace_fanin,benign_lookalike,0
B000014,counterparty,ACC000980,marketplace_fanin,benign_lookalike,0
B000014,counterparty,ACC001024,marketplace_fanin,benign_lookalike,0
B000014,counterparty,ACC001116,marketplace_fanin,benign_lookalike,0
B000014,counterparty,ACC001186,marketplace_fanin,benign_lookalike,0
B000014,counterparty,ACC000844,marketplace_fanin,benign_lookalike,0
B000014,counterparty,ACC000098,marketplace_fanin,benign_lookalike,0
B000014,counterparty,ACC000058,marketplace_fanin,benign_lookalike,0
B000014,collector,ACC001320,marketplace_fanin,benign_lookalike,0
L000015,source,ACC000454,layering_chain,laundering,1
L000015,intermediary,ACC001002,layering_chain,laundering,1
L000015,intermediary,ACC000989,layering_chain,laundering,1
L000015,intermediary,ACC000629,layering_chain,laundering,1
L000015,intermediary,ACC000390,layering_chain,laundering,1
L000015,destination,ACC001036,layering_chain,laundering,1
B000016,source,ACC000704,installment_split,benign_lookalike,0
B000016,beneficiary,ACC001298,installment_split,benign_lookalike,0
B000017,counterparty,ACC000345,marketplace_fanin,benign_lookalike,0
B000017,counterparty,ACC000378,marketplace_fanin,benign_lookalike,0
B000017,counterparty,ACC001236,marketplace_fanin,benign_lookalike,0
B000017,counterparty,ACC000516,marketplace_fanin,benign_lookalike,0
B000017,counterparty,ACC001033,marketplace_fanin,benign_lookalike,0
B000017,counterparty,ACC001282,marketplace_fanin,benign_lookalike,0
B000017,counterparty,ACC001289,marketplace_fanin,benign_lookalike,0
B000017,counterparty,ACC001458,marketplace_fanin,benign_lookalike,0
B000017,counterparty,ACC001061,marketplace_fanin,benign_lookalike,0
B000017,counterparty,ACC000519,marketplace_fanin,benign_lookalike,0
B000017,counterparty,ACC001411,marketplace_fanin,benign_lookalike,0
B000017,counterparty,ACC001110,marketplace_fanin,benign_lookalike,0
B000017,counterparty,ACC000214,marketplace_fanin,benign_lookalike,0
B000017,counterparty,ACC001315,marketplace_fanin,benign_lookalike,0
B000017,counterparty,ACC000382,marketplace_fanin,benign_lookalike,0
B000017,counterparty,ACC001177,marketplace_fanin,benign_lookalike,0
B000017,counterparty,ACC001449,marketplace_fanin,benign_lookalike,0
B000017,counterparty,ACC000248,marketplace_fanin,benign_lookalike,0
B000017,counterparty,ACC000018,marketplace_fanin,benign_lookalike,0
B000017,counterparty,ACC000373,marketplace_fanin,benign_lookalike,0
B000017,counterparty,ACC000888,marketplace_fanin,benign_lookalike,0
B000017,counterparty,ACC001173,marketplace_fanin,benign_lookalike,0
B000017,counterparty,ACC001311,marketplace_fanin,benign_lookalike,0
B000017,counterparty,ACC000955,marketplace_fanin,benign_lookalike,0
B000017,counterparty,ACC000790,marketplace_fanin,benign_lookalike,0
B000017,counterparty,ACC000820,marketplace_fanin,benign_lookalike,0
B000017,counterparty,ACC000841,marketplace_fanin,benign_lookalike,0
B000017,counterparty,ACC000468,marketplace_fanin,benign_lookalike,0
B000017,counterparty,ACC000834,marketplace_fanin,benign_lookalike,0
B000017,counterparty,ACC000540,marketplace_fanin,benign_lookalike,0
B000017,counterparty,ACC000535,marketplace_fanin,benign_lookalike,0
B000017,counterparty,ACC001034,marketplace_fanin,benign_lookalike,0
B000017,counterparty,ACC001244,marketplace_fanin,benign_lookalike,0
B000017,counterparty,ACC000061,marketplace_fanin,benign_lookalike,0
B000017,counterparty,ACC000350,marketplace_fanin,benign_lookalike,0
B000017,counterparty,ACC000461,marketplace_fanin,benign_lookalike,0
B000017,counterparty,ACC000066,marketplace_fanin,benign_lookalike,0
B000017,counterparty,ACC001190,marketplace_fanin,benign_lookalike,0
B000017,counterparty,ACC000092,marketplace_fanin,benign_lookalike,0
B000017,counterparty,ACC001312,marketplace_fanin,benign_lookalike,0
B000017,counterparty,ACC000860,marketplace_fanin,benign_lookalike,0
B000017,counterparty,ACC000915,marketplace_fanin,benign_lookalike,0
B000017,counterparty,ACC000465,marketplace_fanin,benign_lookalike,0
B000017,counterparty,ACC001355,marketplace_fanin,benign_lookalike,0
B000017,counterparty,ACC000965,marketplace_fanin,benign_lookalike,0
B000017,counterparty,ACC001401,marketplace_fanin,benign_lookalike,0
B000017,counterparty,ACC000294,marketplace_fanin,benign_lookalike,0
B000017,counterparty,ACC000785,marketplace_fanin,benign_lookalike,0
B000017,counterparty,ACC001235,marketplace_fanin,benign_lookalike,0
B000017,counterparty,ACC000797,marketplace_fanin,benign_lookalike,0
B000017,counterparty,ACC000703,marketplace_fanin,benign_lookalike,0
B000017,counterparty,ACC001158,marketplace_fanin,benign_lookalike,0
B000017,counterparty,ACC000664,marketplace_fanin,benign_lookalike,0
B000017,counterparty,ACC001472,marketplace_fanin,benign_lookalike,0
B000017,counterparty,ACC000851,marketplace_fanin,benign_lookalike,0
B000017,counterparty,ACC000296,marketplace_fanin,benign_lookalike,0
B000017,counterparty,ACC000402,marketplace_fanin,benign_lookalike,0
B000017,counterparty,ACC000189,marketplace_fanin,benign_lookalike,0
B000017,counterparty,ACC001260,marketplace_fanin,benign_lookalike,0
B000017,counterparty,ACC001309,marketplace_fanin,benign_lookalike,0
B000017,counterparty,ACC001089,marketplace_fanin,benign_lookalike,0
B000017,counterparty,ACC001210,marketplace_fanin,benign_lookalike,0
B000017,counterparty,ACC000113,marketplace_fanin,benign_lookalike,0
B000017,counterparty,ACC000316,marketplace_fanin,benign_lookalike,0
B000017,counterparty,ACC000891,marketplace_fanin,benign_lookalike,0
B000017,counterparty,ACC000960,marketplace_fanin,benign_lookalike,0
B000017,counterparty,ACC000359,marketplace_fanin,benign_lookalike,0
B000017,counterparty,ACC000964,marketplace_fanin,benign_lookalike,0
B000017,counterparty,ACC001332,marketplace_fanin,benign_lookalike,0
B000017,counterparty,ACC000629,marketplace_fanin,benign_lookalike,0
B000017,counterparty,ACC000250,marketplace_fanin,benign_lookalike,0
B000017,counterparty,ACC001454,marketplace_fanin,benign_lookalike,0
B000017,counterparty,ACC001000,marketplace_fanin,benign_lookalike,0
B000017,counterparty,ACC000603,marketplace_fanin,benign_lookalike,0
B000017,counterparty,ACC000912,marketplace_fanin,benign_lookalike,0
B000017,counterparty,ACC000608,marketplace_fanin,benign_lookalike,0
B000017,counterparty,ACC000818,marketplace_fanin,benign_lookalike,0
B000017,counterparty,ACC000843,marketplace_fanin,benign_lookalike,0
B000017,counterparty,ACC001116,marketplace_fanin,benign_lookalike,0
B000017,counterparty,ACC000149,marketplace_fanin,benign_lookalike,0
B000017,counterparty,ACC000227,marketplace_fanin,benign_lookalike,0
B000017,counterparty,ACC000711,marketplace_fanin,benign_lookalike,0
B000017,counterparty,ACC000727,marketplace_fanin,benign_lookalike,0
B000017,counterparty,ACC001168,marketplace_fanin,benign_lookalike,0
B000017,counterparty,ACC001457,marketplace_fanin,benign_lookalike,0
B000017,counterparty,ACC000884,marketplace_fanin,benign_lookalike,0
B000017,counterparty,ACC001391,marketplace_fanin,benign_lookalike,0
B000017,counterparty,ACC000361,marketplace_fanin,benign_lookalike,0
B000017,counterparty,ACC000830,marketplace_fanin,benign_lookalike,0
B000017,counterparty,ACC000931,marketplace_fanin,benign_lookalike,0
B000017,counterparty,ACC001316,marketplace_fanin,benign_lookalike,0
B000017,counterparty,ACC000529,marketplace_fanin,benign_lookalike,0
B000017,counterparty,ACC001242,marketplace_fanin,benign_lookalike,0
B000017,counterparty,ACC000776,marketplace_fanin,benign_lookalike,0
B000017,counterparty,ACC000304,marketplace_fanin,benign_lookalike,0
B000017,counterparty,ACC000030,marketplace_fanin,benign_lookalike,0
B000017,counterparty,ACC000303,marketplace_fanin,benign_lookalike,0
B000017,counterparty,ACC000676,marketplace_fanin,benign_lookalike,0
B000017,counterparty,ACC000077,marketplace_fanin,benign_lookalike,0
B000017,counterparty,ACC000599,marketplace_fanin,benign_lookalike,0
B000017,counterparty,ACC000729,marketplace_fanin,benign_lookalike,0
B000017,counterparty,ACC000173,marketplace_fanin,benign_lookalike,0
B000017,counterparty,ACC001056,marketplace_fanin,benign_lookalike,0
B000017,counterparty,ACC000448,marketplace_fanin,benign_lookalike,0
B000017,counterparty,ACC001004,marketplace_fanin,benign_lookalike,0
B000017,counterparty,ACC000051,marketplace_fanin,benign_lookalike,0
B000017,counterparty,ACC000988,marketplace_fanin,benign_lookalike,0
B000017,counterparty,ACC000863,marketplace_fanin,benign_lookalike,0
B000017,counterparty,ACC000413,marketplace_fanin,benign_lookalike,0
B000017,counterparty,ACC000049,marketplace_fanin,benign_lookalike,0
B000017,counterparty,ACC001049,marketplace_fanin,benign_lookalike,0
B000017,counterparty,ACC000261,marketplace_fanin,benign_lookalike,0
B000017,counterparty,ACC000971,marketplace_fanin,benign_lookalike,0
B000017,counterparty,ACC000409,marketplace_fanin,benign_lookalike,0
B000017,counterparty,ACC001128,marketplace_fanin,benign_lookalike,0
B000017,counterparty,ACC001120,marketplace_fanin,benign_lookalike,0
B000017,counterparty,ACC000435,marketplace_fanin,benign_lookalike,0
B000017,counterparty,ACC000126,marketplace_fanin,benign_lookalike,0
B000017,counterparty,ACC000920,marketplace_fanin,benign_lookalike,0
B000017,counterparty,ACC000347,marketplace_fanin,benign_lookalike,0
B000017,counterparty,ACC000894,marketplace_fanin,benign_lookalike,0
B000017,counterparty,ACC000829,marketplace_fanin,benign_lookalike,0
B000017,collector,ACC000168,marketplace_fanin,benign_lookalike,0
B000018,source,ACC000524,installment_split,benign_lookalike,0
B000018,beneficiary,ACC000789,installment_split,benign_lookalike,0
L000019,source,ACC000165,rapid_pass_through,laundering,1
L000019,source,ACC001228,rapid_pass_through,laundering,1
L000019,source,ACC000611,rapid_pass_through,laundering,1
L000019,source,ACC001197,rapid_pass_through,laundering,1
L000019,transit,ACC001412,rapid_pass_through,laundering,1
L000019,destination,ACC000794,rapid_pass_through,laundering,1
L000019,destination,ACC000754,rapid_pass_through,laundering,1
L000020,source,ACC000671,dormant_activation,laundering,1
L000020,transit,ACC001245,dormant_activation,laundering,1
L000020,destination,ACC000794,dormant_activation,laundering,1
L000021,mule,ACC000095,fan_in,laundering,1
L000021,mule,ACC000390,fan_in,laundering,1
L000021,mule,ACC000759,fan_in,laundering,1
L000021,mule,ACC000301,fan_in,laundering,1
L000021,mule,ACC001463,fan_in,laundering,1
L000021,mule,ACC001372,fan_in,laundering,1
L000021,mule,ACC000498,fan_in,laundering,1
L000021,mule,ACC000692,fan_in,laundering,1
L000021,mule,ACC000663,fan_in,laundering,1
L000021,mule,ACC001412,fan_in,laundering,1
L000021,mule,ACC000359,fan_in,laundering,1
L000021,mule,ACC000376,fan_in,laundering,1
L000021,mule,ACC001405,fan_in,laundering,1
L000021,mule,ACC000618,fan_in,laundering,1
L000021,mule,ACC000215,fan_in,laundering,1
L000021,mule,ACC001345,fan_in,laundering,1
L000021,mule,ACC000887,fan_in,laundering,1
L000021,mule,ACC000482,fan_in,laundering,1
L000021,mule,ACC001033,fan_in,laundering,1
L000021,mule,ACC000715,fan_in,laundering,1
L000021,mule,ACC000351,fan_in,laundering,1
L000021,mule,ACC000354,fan_in,laundering,1
L000021,mule,ACC001069,fan_in,laundering,1
L000021,mule,ACC000743,fan_in,laundering,1
L000021,mule,ACC000749,fan_in,laundering,1
L000021,mule,ACC000677,fan_in,laundering,1
L000021,mule,ACC000073,fan_in,laundering,1
L000021,mule,ACC001365,fan_in,laundering,1
L000021,mule,ACC001245,fan_in,laundering,1
L000021,mule,ACC000525,fan_in,laundering,1
L000021,mule,ACC001408,fan_in,laundering,1
L000021,mule,ACC000629,fan_in,laundering,1
L000021,collector,ACC000989,fan_in,laundering,1
B000022,source,ACC000078,payroll_fanout,benign_lookalike,0
B000022,beneficiary,ACC000160,payroll_fanout,benign_lookalike,0
B000022,beneficiary,ACC000854,payroll_fanout,benign_lookalike,0
B000022,beneficiary,ACC000516,payroll_fanout,benign_lookalike,0
B000022,beneficiary,ACC000278,payroll_fanout,benign_lookalike,0
B000022,beneficiary,ACC000866,payroll_fanout,benign_lookalike,0
B000022,beneficiary,ACC001265,payroll_fanout,benign_lookalike,0
B000022,beneficiary,ACC000499,payroll_fanout,benign_lookalike,0
B000022,beneficiary,ACC000400,payroll_fanout,benign_lookalike,0
B000022,beneficiary,ACC000944,payroll_fanout,benign_lookalike,0
B000022,beneficiary,ACC000093,payroll_fanout,benign_lookalike,0
B000022,beneficiary,ACC001004,payroll_fanout,benign_lookalike,0
B000022,beneficiary,ACC000175,payroll_fanout,benign_lookalike,0
B000022,beneficiary,ACC001029,payroll_fanout,benign_lookalike,0
B000022,beneficiary,ACC000389,payroll_fanout,benign_lookalike,0
B000022,beneficiary,ACC001174,payroll_fanout,benign_lookalike,0
B000022,beneficiary,ACC000031,payroll_fanout,benign_lookalike,0
B000022,beneficiary,ACC000320,payroll_fanout,benign_lookalike,0
B000022,beneficiary,ACC000670,payroll_fanout,benign_lookalike,0
B000022,beneficiary,ACC001143,payroll_fanout,benign_lookalike,0
B000022,beneficiary,ACC001304,payroll_fanout,benign_lookalike,0
B000022,beneficiary,ACC000413,payroll_fanout,benign_lookalike,0
B000022,beneficiary,ACC000748,payroll_fanout,benign_lookalike,0
B000022,beneficiary,ACC000954,payroll_fanout,benign_lookalike,0
B000022,beneficiary,ACC000868,payroll_fanout,benign_lookalike,0
B000022,beneficiary,ACC001184,payroll_fanout,benign_lookalike,0
B000022,beneficiary,ACC000749,payroll_fanout,benign_lookalike,0
B000022,beneficiary,ACC000646,payroll_fanout,benign_lookalike,0
B000022,beneficiary,ACC000200,payroll_fanout,benign_lookalike,0
B000022,beneficiary,ACC000198,payroll_fanout,benign_lookalike,0
B000022,beneficiary,ACC001282,payroll_fanout,benign_lookalike,0
B000022,beneficiary,ACC001028,payroll_fanout,benign_lookalike,0
B000022,beneficiary,ACC001008,payroll_fanout,benign_lookalike,0
B000022,beneficiary,ACC001382,payroll_fanout,benign_lookalike,0
B000022,beneficiary,ACC000289,payroll_fanout,benign_lookalike,0
B000022,beneficiary,ACC000826,payroll_fanout,benign_lookalike,0
B000022,beneficiary,ACC000902,payroll_fanout,benign_lookalike,0
B000022,beneficiary,ACC000279,payroll_fanout,benign_lookalike,0
B000022,beneficiary,ACC000809,payroll_fanout,benign_lookalike,0
B000022,beneficiary,ACC000072,payroll_fanout,benign_lookalike,0
B000022,beneficiary,ACC000915,payroll_fanout,benign_lookalike,0
B000022,beneficiary,ACC000482,payroll_fanout,benign_lookalike,0
B000022,beneficiary,ACC001132,payroll_fanout,benign_lookalike,0
B000022,beneficiary,ACC001204,payroll_fanout,benign_lookalike,0
B000022,beneficiary,ACC001311,payroll_fanout,benign_lookalike,0
B000022,beneficiary,ACC001454,payroll_fanout,benign_lookalike,0
B000022,beneficiary,ACC000565,payroll_fanout,benign_lookalike,0
B000022,beneficiary,ACC000369,payroll_fanout,benign_lookalike,0
B000022,beneficiary,ACC001424,payroll_fanout,benign_lookalike,0
B000022,beneficiary,ACC001159,payroll_fanout,benign_lookalike,0
B000022,beneficiary,ACC000788,payroll_fanout,benign_lookalike,0
B000022,beneficiary,ACC000524,payroll_fanout,benign_lookalike,0
B000022,beneficiary,ACC000377,payroll_fanout,benign_lookalike,0
B000022,beneficiary,ACC001346,payroll_fanout,benign_lookalike,0
B000022,beneficiary,ACC000895,payroll_fanout,benign_lookalike,0
B000022,beneficiary,ACC000066,payroll_fanout,benign_lookalike,0
B000022,beneficiary,ACC000382,payroll_fanout,benign_lookalike,0
B000022,beneficiary,ACC000288,payroll_fanout,benign_lookalike,0
B000022,beneficiary,ACC001396,payroll_fanout,benign_lookalike,0
B000022,beneficiary,ACC001352,payroll_fanout,benign_lookalike,0
B000022,beneficiary,ACC000704,payroll_fanout,benign_lookalike,0
B000022,beneficiary,ACC001003,payroll_fanout,benign_lookalike,0
B000022,beneficiary,ACC000459,payroll_fanout,benign_lookalike,0
B000022,beneficiary,ACC000683,payroll_fanout,benign_lookalike,0
B000022,beneficiary,ACC001332,payroll_fanout,benign_lookalike,0
B000022,beneficiary,ACC000231,payroll_fanout,benign_lookalike,0
B000023,source,ACC000611,payroll_fanout,benign_lookalike,0
B000023,beneficiary,ACC001450,payroll_fanout,benign_lookalike,0
B000023,beneficiary,ACC000103,payroll_fanout,benign_lookalike,0
B000023,beneficiary,ACC001033,payroll_fanout,benign_lookalike,0
B000023,beneficiary,ACC000378,payroll_fanout,benign_lookalike,0
B000023,beneficiary,ACC001473,payroll_fanout,benign_lookalike,0
B000023,beneficiary,ACC000121,payroll_fanout,benign_lookalike,0
B000023,beneficiary,ACC000358,payroll_fanout,benign_lookalike,0
B000023,beneficiary,ACC000477,payroll_fanout,benign_lookalike,0
B000023,beneficiary,ACC001002,payroll_fanout,benign_lookalike,0
B000023,beneficiary,ACC001151,payroll_fanout,benign_lookalike,0
B000023,beneficiary,ACC000007,payroll_fanout,benign_lookalike,0
B000023,beneficiary,ACC001321,payroll_fanout,benign_lookalike,0
B000023,beneficiary,ACC000677,payroll_fanout,benign_lookalike,0
B000023,beneficiary,ACC000414,payroll_fanout,benign_lookalike,0
B000023,beneficiary,ACC001221,payroll_fanout,benign_lookalike,0
B000023,beneficiary,ACC000851,payroll_fanout,benign_lookalike,0
B000023,beneficiary,ACC000034,payroll_fanout,benign_lookalike,0
B000023,beneficiary,ACC000981,payroll_fanout,benign_lookalike,0
B000023,beneficiary,ACC001443,payroll_fanout,benign_lookalike,0
B000023,beneficiary,ACC001313,payroll_fanout,benign_lookalike,0
B000023,beneficiary,ACC001049,payroll_fanout,benign_lookalike,0
B000023,beneficiary,ACC000250,payroll_fanout,benign_lookalike,0
B000023,beneficiary,ACC001445,payroll_fanout,benign_lookalike,0
B000023,beneficiary,ACC001150,payroll_fanout,benign_lookalike,0
B000023,beneficiary,ACC001179,payroll_fanout,benign_lookalike,0
B000023,beneficiary,ACC000616,payroll_fanout,benign_lookalike,0
B000023,beneficiary,ACC000802,payroll_fanout,benign_lookalike,0
B000023,beneficiary,ACC001141,payroll_fanout,benign_lookalike,0
B000023,beneficiary,ACC001305,payroll_fanout,benign_lookalike,0
B000023,beneficiary,ACC000977,payroll_fanout,benign_lookalike,0
B000023,beneficiary,ACC000351,payroll_fanout,benign_lookalike,0
B000023,beneficiary,ACC000174,payroll_fanout,benign_lookalike,0
B000023,beneficiary,ACC000087,payroll_fanout,benign_lookalike,0
B000023,beneficiary,ACC000093,payroll_fanout,benign_lookalike,0
B000023,beneficiary,ACC000923,payroll_fanout,benign_lookalike,0
B000023,beneficiary,ACC001374,payroll_fanout,benign_lookalike,0
B000024,counterparty,ACC000770,supplier_passthrough,benign_lookalike,0
B000024,counterparty,ACC000462,supplier_passthrough,benign_lookalike,0
B000024,counterparty,ACC000122,supplier_passthrough,benign_lookalike,0
B000024,counterparty,ACC000414,supplier_passthrough,benign_lookalike,0
B000024,transit,ACC000784,supplier_passthrough,benign_lookalike,0
B000024,beneficiary,ACC000046,supplier_passthrough,benign_lookalike,0
B000024,beneficiary,ACC001078,supplier_passthrough,benign_lookalike,0
B000025,source,ACC000991,installment_split,benign_lookalike,0
B000025,beneficiary,ACC001148,installment_split,benign_lookalike,0
L000026,mule,ACC001375,smurfing,laundering,1
L000026,mule,ACC001345,smurfing,laundering,1
L000026,mule,ACC000358,smurfing,laundering,1
L000026,mule,ACC001462,smurfing,laundering,1
L000026,mule,ACC001329,smurfing,laundering,1
L000026,mule,ACC000015,smurfing,laundering,1
L000026,collector,ACC000265,smurfing,laundering,1
B000027,counterparty,ACC000011,supplier_passthrough,benign_lookalike,0
B000027,counterparty,ACC000660,supplier_passthrough,benign_lookalike,0
B000027,counterparty,ACC001169,supplier_passthrough,benign_lookalike,0
B000027,counterparty,ACC001283,supplier_passthrough,benign_lookalike,0
B000027,counterparty,ACC000303,supplier_passthrough,benign_lookalike,0
B000027,counterparty,ACC000320,supplier_passthrough,benign_lookalike,0
B000027,transit,ACC000610,supplier_passthrough,benign_lookalike,0
B000027,beneficiary,ACC000956,supplier_passthrough,benign_lookalike,0
B000027,beneficiary,ACC000589,supplier_passthrough,benign_lookalike,0
L000028,mule,ACC001434,smurfing,laundering,1
L000028,mule,ACC000934,smurfing,laundering,1
L000028,mule,ACC000800,smurfing,laundering,1
L000028,mule,ACC000525,smurfing,laundering,1
L000028,mule,ACC000376,smurfing,laundering,1
L000028,mule,ACC001044,smurfing,laundering,1
L000028,collector,ACC001071,smurfing,laundering,1
B000029,counterparty,ACC000666,supplier_passthrough,benign_lookalike,0
B000029,counterparty,ACC000590,supplier_passthrough,benign_lookalike,0
B000029,counterparty,ACC001475,supplier_passthrough,benign_lookalike,0
B000029,counterparty,ACC000492,supplier_passthrough,benign_lookalike,0
B000029,counterparty,ACC000342,supplier_passthrough,benign_lookalike,0
B000029,counterparty,ACC000376,supplier_passthrough,benign_lookalike,0
B000029,transit,ACC000323,supplier_passthrough,benign_lookalike,0
B000029,beneficiary,ACC000991,supplier_passthrough,benign_lookalike,0
B000030,counterparty,ACC000483,supplier_passthrough,benign_lookalike,0
B000030,counterparty,ACC000413,supplier_passthrough,benign_lookalike,0
B000030,counterparty,ACC001418,supplier_passthrough,benign_lookalike,0
B000030,transit,ACC000469,supplier_passthrough,benign_lookalike,0
B000030,beneficiary,ACC001493,supplier_passthrough,benign_lookalike,0
B000031,source,ACC000673,treasury_cycle,benign_lookalike,0
B000031,counterparty,ACC001426,treasury_cycle,benign_lookalike,0
B000031,counterparty,ACC000782,treasury_cycle,benign_lookalike,0
B000031,counterparty,ACC000290,treasury_cycle,benign_lookalike,0
B000031,counterparty,ACC001421,treasury_cycle,benign_lookalike,0
B000032,source,ACC000900,installment_split,benign_lookalike,0
B000032,beneficiary,ACC000244,installment_split,benign_lookalike,0
B000033,counterparty,ACC000596,supplier_passthrough,benign_lookalike,0
B000033,counterparty,ACC001440,supplier_passthrough,benign_lookalike,0
B000033,counterparty,ACC001350,supplier_passthrough,benign_lookalike,0
B000033,counterparty,ACC001471,supplier_passthrough,benign_lookalike,0
B000033,counterparty,ACC001256,supplier_passthrough,benign_lookalike,0
B000033,counterparty,ACC000081,supplier_passthrough,benign_lookalike,0
B000033,transit,ACC001062,supplier_passthrough,benign_lookalike,0
B000033,beneficiary,ACC001071,supplier_passthrough,benign_lookalike,0
B000033,beneficiary,ACC000877,supplier_passthrough,benign_lookalike,0
B000034,source,ACC000649,installment_split,benign_lookalike,0
B000034,beneficiary,ACC001164,installment_split,benign_lookalike,0
B000035,source,ACC000861,payroll_fanout,benign_lookalike,0
B000035,beneficiary,ACC001419,payroll_fanout,benign_lookalike,0
B000035,beneficiary,ACC000644,payroll_fanout,benign_lookalike,0
B000035,beneficiary,ACC001035,payroll_fanout,benign_lookalike,0
B000035,beneficiary,ACC001401,payroll_fanout,benign_lookalike,0
B000035,beneficiary,ACC000522,payroll_fanout,benign_lookalike,0
B000035,beneficiary,ACC000756,payroll_fanout,benign_lookalike,0
B000035,beneficiary,ACC000289,payroll_fanout,benign_lookalike,0
B000035,beneficiary,ACC000632,payroll_fanout,benign_lookalike,0
B000035,beneficiary,ACC000938,payroll_fanout,benign_lookalike,0
B000035,beneficiary,ACC000401,payroll_fanout,benign_lookalike,0
B000035,beneficiary,ACC001015,payroll_fanout,benign_lookalike,0
B000035,beneficiary,ACC000816,payroll_fanout,benign_lookalike,0
B000035,beneficiary,ACC000792,payroll_fanout,benign_lookalike,0
B000035,beneficiary,ACC000073,payroll_fanout,benign_lookalike,0
B000035,beneficiary,ACC000957,payroll_fanout,benign_lookalike,0
B000035,beneficiary,ACC000061,payroll_fanout,benign_lookalike,0
B000035,beneficiary,ACC000954,payroll_fanout,benign_lookalike,0
B000035,beneficiary,ACC000045,payroll_fanout,benign_lookalike,0
B000035,beneficiary,ACC000846,payroll_fanout,benign_lookalike,0
B000035,beneficiary,ACC000382,payroll_fanout,benign_lookalike,0
B000035,beneficiary,ACC000208,payroll_fanout,benign_lookalike,0
B000035,beneficiary,ACC001024,payroll_fanout,benign_lookalike,0
B000035,beneficiary,ACC000692,payroll_fanout,benign_lookalike,0
B000035,beneficiary,ACC001345,payroll_fanout,benign_lookalike,0
B000035,beneficiary,ACC001313,payroll_fanout,benign_lookalike,0
B000035,beneficiary,ACC000915,payroll_fanout,benign_lookalike,0
B000035,beneficiary,ACC001462,payroll_fanout,benign_lookalike,0
B000035,beneficiary,ACC000186,payroll_fanout,benign_lookalike,0
B000035,beneficiary,ACC001019,payroll_fanout,benign_lookalike,0
B000035,beneficiary,ACC000126,payroll_fanout,benign_lookalike,0
B000035,beneficiary,ACC001194,payroll_fanout,benign_lookalike,0
B000035,beneficiary,ACC000364,payroll_fanout,benign_lookalike,0
B000035,beneficiary,ACC000830,payroll_fanout,benign_lookalike,0
B000035,beneficiary,ACC000482,payroll_fanout,benign_lookalike,0
B000035,beneficiary,ACC000191,payroll_fanout,benign_lookalike,0
B000035,beneficiary,ACC001406,payroll_fanout,benign_lookalike,0
B000035,beneficiary,ACC000916,payroll_fanout,benign_lookalike,0
B000035,beneficiary,ACC001182,payroll_fanout,benign_lookalike,0
B000035,beneficiary,ACC001404,payroll_fanout,benign_lookalike,0
B000035,beneficiary,ACC000032,payroll_fanout,benign_lookalike,0
B000035,beneficiary,ACC000874,payroll_fanout,benign_lookalike,0
B000035,beneficiary,ACC000761,payroll_fanout,benign_lookalike,0
B000035,beneficiary,ACC001402,payroll_fanout,benign_lookalike,0
B000035,beneficiary,ACC000593,payroll_fanout,benign_lookalike,0
B000035,beneficiary,ACC001256,payroll_fanout,benign_lookalike,0
B000035,beneficiary,ACC000711,payroll_fanout,benign_lookalike,0
B000035,beneficiary,ACC001104,payroll_fanout,benign_lookalike,0
B000035,beneficiary,ACC000977,payroll_fanout,benign_lookalike,0
B000035,beneficiary,ACC000798,payroll_fanout,benign_lookalike,0
B000035,beneficiary,ACC000651,payroll_fanout,benign_lookalike,0
B000035,beneficiary,ACC000015,payroll_fanout,benign_lookalike,0
B000035,beneficiary,ACC000744,payroll_fanout,benign_lookalike,0
B000035,beneficiary,ACC000803,payroll_fanout,benign_lookalike,0
B000035,beneficiary,ACC001270,payroll_fanout,benign_lookalike,0
B000035,beneficiary,ACC000776,payroll_fanout,benign_lookalike,0
B000035,beneficiary,ACC000801,payroll_fanout,benign_lookalike,0
B000035,beneficiary,ACC001128,payroll_fanout,benign_lookalike,0
B000035,beneficiary,ACC000170,payroll_fanout,benign_lookalike,0
B000035,beneficiary,ACC000944,payroll_fanout,benign_lookalike,0
B000035,beneficiary,ACC001365,payroll_fanout,benign_lookalike,0
B000035,beneficiary,ACC000634,payroll_fanout,benign_lookalike,0
B000035,beneficiary,ACC000566,payroll_fanout,benign_lookalike,0
B000035,beneficiary,ACC000418,payroll_fanout,benign_lookalike,0
B000035,beneficiary,ACC000980,payroll_fanout,benign_lookalike,0
B000035,beneficiary,ACC000626,payroll_fanout,benign_lookalike,0
B000035,beneficiary,ACC000275,payroll_fanout,benign_lookalike,0
B000035,beneficiary,ACC000363,payroll_fanout,benign_lookalike,0
B000035,beneficiary,ACC000198,payroll_fanout,benign_lookalike,0
B000035,beneficiary,ACC000440,payroll_fanout,benign_lookalike,0
B000035,beneficiary,ACC000904,payroll_fanout,benign_lookalike,0
B000035,beneficiary,ACC000885,payroll_fanout,benign_lookalike,0
B000035,beneficiary,ACC000306,payroll_fanout,benign_lookalike,0
B000035,beneficiary,ACC000013,payroll_fanout,benign_lookalike,0
B000035,beneficiary,ACC000601,payroll_fanout,benign_lookalike,0
B000035,beneficiary,ACC000219,payroll_fanout,benign_lookalike,0
B000035,beneficiary,ACC000396,payroll_fanout,benign_lookalike,0
B000035,beneficiary,ACC001139,payroll_fanout,benign_lookalike,0
B000035,beneficiary,ACC000378,payroll_fanout,benign_lookalike,0
B000035,beneficiary,ACC000086,payroll_fanout,benign_lookalike,0
B000035,beneficiary,ACC001412,payroll_fanout,benign_lookalike,0
B000035,beneficiary,ACC001338,payroll_fanout,benign_lookalike,0
B000035,beneficiary,ACC000541,payroll_fanout,benign_lookalike,0
B000035,beneficiary,ACC000216,payroll_fanout,benign_lookalike,0
B000036,counterparty,ACC000126,marketplace_fanin,benign_lookalike,0
B000036,counterparty,ACC001496,marketplace_fanin,benign_lookalike,0
B000036,counterparty,ACC000439,marketplace_fanin,benign_lookalike,0
B000036,counterparty,ACC000101,marketplace_fanin,benign_lookalike,0
B000036,counterparty,ACC000159,marketplace_fanin,benign_lookalike,0
B000036,counterparty,ACC000898,marketplace_fanin,benign_lookalike,0
B000036,counterparty,ACC000322,marketplace_fanin,benign_lookalike,0
B000036,counterparty,ACC001264,marketplace_fanin,benign_lookalike,0
B000036,counterparty,ACC001456,marketplace_fanin,benign_lookalike,0
B000036,counterparty,ACC000555,marketplace_fanin,benign_lookalike,0
B000036,counterparty,ACC000949,marketplace_fanin,benign_lookalike,0
B000036,counterparty,ACC000737,marketplace_fanin,benign_lookalike,0
B000036,counterparty,ACC001403,marketplace_fanin,benign_lookalike,0
B000036,counterparty,ACC000169,marketplace_fanin,benign_lookalike,0
B000036,counterparty,ACC000140,marketplace_fanin,benign_lookalike,0
B000036,counterparty,ACC000498,marketplace_fanin,benign_lookalike,0
B000036,counterparty,ACC000603,marketplace_fanin,benign_lookalike,0
B000036,counterparty,ACC000689,marketplace_fanin,benign_lookalike,0
B000036,counterparty,ACC000471,marketplace_fanin,benign_lookalike,0
B000036,counterparty,ACC001314,marketplace_fanin,benign_lookalike,0
B000036,counterparty,ACC001019,marketplace_fanin,benign_lookalike,0
B000036,counterparty,ACC000228,marketplace_fanin,benign_lookalike,0
B000036,counterparty,ACC001483,marketplace_fanin,benign_lookalike,0
B000036,counterparty,ACC000628,marketplace_fanin,benign_lookalike,0
B000036,counterparty,ACC000582,marketplace_fanin,benign_lookalike,0
B000036,counterparty,ACC000316,marketplace_fanin,benign_lookalike,0
B000036,counterparty,ACC001179,marketplace_fanin,benign_lookalike,0
B000036,counterparty,ACC001267,marketplace_fanin,benign_lookalike,0
B000036,counterparty,ACC000401,marketplace_fanin,benign_lookalike,0
B000036,counterparty,ACC000340,marketplace_fanin,benign_lookalike,0
B000036,counterparty,ACC000776,marketplace_fanin,benign_lookalike,0
B000036,counterparty,ACC000414,marketplace_fanin,benign_lookalike,0
B000036,counterparty,ACC001434,marketplace_fanin,benign_lookalike,0
B000036,counterparty,ACC000011,marketplace_fanin,benign_lookalike,0
B000036,counterparty,ACC001045,marketplace_fanin,benign_lookalike,0
B000036,counterparty,ACC000717,marketplace_fanin,benign_lookalike,0
B000036,counterparty,ACC000425,marketplace_fanin,benign_lookalike,0
B000036,counterparty,ACC001465,marketplace_fanin,benign_lookalike,0
B000036,counterparty,ACC001353,marketplace_fanin,benign_lookalike,0
B000036,counterparty,ACC000216,marketplace_fanin,benign_lookalike,0
B000036,counterparty,ACC001139,marketplace_fanin,benign_lookalike,0
B000036,counterparty,ACC000231,marketplace_fanin,benign_lookalike,0
B000036,counterparty,ACC001422,marketplace_fanin,benign_lookalike,0
B000036,counterparty,ACC000868,marketplace_fanin,benign_lookalike,0
B000036,counterparty,ACC000786,marketplace_fanin,benign_lookalike,0
B000036,counterparty,ACC000484,marketplace_fanin,benign_lookalike,0
B000036,counterparty,ACC000245,marketplace_fanin,benign_lookalike,0
B000036,counterparty,ACC000306,marketplace_fanin,benign_lookalike,0
B000036,counterparty,ACC001366,marketplace_fanin,benign_lookalike,0
B000036,counterparty,ACC001379,marketplace_fanin,benign_lookalike,0
B000036,counterparty,ACC000827,marketplace_fanin,benign_lookalike,0
B000036,counterparty,ACC000307,marketplace_fanin,benign_lookalike,0
B000036,counterparty,ACC001413,marketplace_fanin,benign_lookalike,0
B000036,counterparty,ACC000256,marketplace_fanin,benign_lookalike,0
B000036,counterparty,ACC000309,marketplace_fanin,benign_lookalike,0
B000036,counterparty,ACC000655,marketplace_fanin,benign_lookalike,0
B000036,counterparty,ACC000416,marketplace_fanin,benign_lookalike,0
B000036,counterparty,ACC001181,marketplace_fanin,benign_lookalike,0
B000036,counterparty,ACC000072,marketplace_fanin,benign_lookalike,0
B000036,counterparty,ACC001160,marketplace_fanin,benign_lookalike,0
B000036,counterparty,ACC000911,marketplace_fanin,benign_lookalike,0
B000036,counterparty,ACC000629,marketplace_fanin,benign_lookalike,0
B000036,counterparty,ACC000578,marketplace_fanin,benign_lookalike,0
B000036,counterparty,ACC000023,marketplace_fanin,benign_lookalike,0
B000036,counterparty,ACC001279,marketplace_fanin,benign_lookalike,0
B000036,counterparty,ACC001499,marketplace_fanin,benign_lookalike,0
B000036,counterparty,ACC000609,marketplace_fanin,benign_lookalike,0
B000036,counterparty,ACC000194,marketplace_fanin,benign_lookalike,0
B000036,counterparty,ACC001480,marketplace_fanin,benign_lookalike,0
B000036,counterparty,ACC001126,marketplace_fanin,benign_lookalike,0
B000036,counterparty,ACC001041,marketplace_fanin,benign_lookalike,0
B000036,counterparty,ACC000721,marketplace_fanin,benign_lookalike,0
B000036,counterparty,ACC000098,marketplace_fanin,benign_lookalike,0
B000036,counterparty,ACC000960,marketplace_fanin,benign_lookalike,0
B000036,counterparty,ACC000761,marketplace_fanin,benign_lookalike,0
B000036,counterparty,ACC000887,marketplace_fanin,benign_lookalike,0
B000036,counterparty,ACC000058,marketplace_fanin,benign_lookalike,0
B000036,counterparty,ACC001105,marketplace_fanin,benign_lookalike,0
B000036,counterparty,ACC001307,marketplace_fanin,benign_lookalike,0
B000036,counterparty,ACC000778,marketplace_fanin,benign_lookalike,0
B000036,counterparty,ACC000093,marketplace_fanin,benign_lookalike,0
B000036,counterparty,ACC001237,marketplace_fanin,benign_lookalike,0
B000036,counterparty,ACC000345,marketplace_fanin,benign_lookalike,0
B000036,counterparty,ACC000320,marketplace_fanin,benign_lookalike,0
B000036,counterparty,ACC001311,marketplace_fanin,benign_lookalike,0
B000036,counterparty,ACC001491,marketplace_fanin,benign_lookalike,0
B000036,counterparty,ACC001400,marketplace_fanin,benign_lookalike,0
B000036,counterparty,ACC001132,marketplace_fanin,benign_lookalike,0
B000036,counterparty,ACC000953,marketplace_fanin,benign_lookalike,0
B000036,counterparty,ACC001009,marketplace_fanin,benign_lookalike,0
B000036,counterparty,ACC000962,marketplace_fanin,benign_lookalike,0
B000036,counterparty,ACC000647,marketplace_fanin,benign_lookalike,0
B000036,collector,ACC001021,marketplace_fanin,benign_lookalike,0
B000037,source,ACC000454,treasury_cycle,benign_lookalike,0
B000037,counterparty,ACC000958,treasury_cycle,benign_lookalike,0
B000037,counterparty,ACC000656,treasury_cycle,benign_lookalike,0
B000037,counterparty,ACC001005,treasury_cycle,benign_lookalike,0
L000038,source,ACC001114,layering_chain,laundering,1
L000038,intermediary,ACC001462,layering_chain,laundering,1
L000038,intermediary,ACC000356,layering_chain,laundering,1
L000038,intermediary,ACC000621,layering_chain,laundering,1
L000038,intermediary,ACC001375,layering_chain,laundering,1
L000038,destination,ACC000202,layering_chain,laundering,1
B000039,source,ACC000137,payroll_fanout,benign_lookalike,0
B000039,beneficiary,ACC001265,payroll_fanout,benign_lookalike,0
B000039,beneficiary,ACC001424,payroll_fanout,benign_lookalike,0
B000039,beneficiary,ACC001085,payroll_fanout,benign_lookalike,0
B000039,beneficiary,ACC001408,payroll_fanout,benign_lookalike,0
B000039,beneficiary,ACC000566,payroll_fanout,benign_lookalike,0
B000039,beneficiary,ACC000440,payroll_fanout,benign_lookalike,0
B000039,beneficiary,ACC001068,payroll_fanout,benign_lookalike,0
B000039,beneficiary,ACC000737,payroll_fanout,benign_lookalike,0
B000039,beneficiary,ACC000700,payroll_fanout,benign_lookalike,0
B000039,beneficiary,ACC001293,payroll_fanout,benign_lookalike,0
B000039,beneficiary,ACC000408,payroll_fanout,benign_lookalike,0
B000039,beneficiary,ACC000774,payroll_fanout,benign_lookalike,0
B000039,beneficiary,ACC000959,payroll_fanout,benign_lookalike,0
B000039,beneficiary,ACC000240,payroll_fanout,benign_lookalike,0
B000039,beneficiary,ACC001374,payroll_fanout,benign_lookalike,0
B000039,beneficiary,ACC000854,payroll_fanout,benign_lookalike,0
B000039,beneficiary,ACC000054,payroll_fanout,benign_lookalike,0
B000039,beneficiary,ACC001004,payroll_fanout,benign_lookalike,0
B000039,beneficiary,ACC000640,payroll_fanout,benign_lookalike,0
B000039,beneficiary,ACC000670,payroll_fanout,benign_lookalike,0
B000039,beneficiary,ACC000273,payroll_fanout,benign_lookalike,0
B000039,beneficiary,ACC000094,payroll_fanout,benign_lookalike,0
B000039,beneficiary,ACC001042,payroll_fanout,benign_lookalike,0
B000039,beneficiary,ACC001224,payroll_fanout,benign_lookalike,0
B000039,beneficiary,ACC000007,payroll_fanout,benign_lookalike,0
B000039,beneficiary,ACC001355,payroll_fanout,benign_lookalike,0
B000039,beneficiary,ACC000045,payroll_fanout,benign_lookalike,0
B000039,beneficiary,ACC000254,payroll_fanout,benign_lookalike,0
B000039,beneficiary,ACC000612,payroll_fanout,benign_lookalike,0
B000039,beneficiary,ACC000907,payroll_fanout,benign_lookalike,0
B000039,beneficiary,ACC000077,payroll_fanout,benign_lookalike,0
B000039,beneficiary,ACC000751,payroll_fanout,benign_lookalike,0
B000039,beneficiary,ACC000547,payroll_fanout,benign_lookalike,0
B000039,beneficiary,ACC000377,payroll_fanout,benign_lookalike,0
B000039,beneficiary,ACC000219,payroll_fanout,benign_lookalike,0
B000039,beneficiary,ACC000974,payroll_fanout,benign_lookalike,0
B000040,source,ACC001188,installment_split,benign_lookalike,0
B000040,beneficiary,ACC000293,installment_split,benign_lookalike,0
L000041,source,ACC001197,dormant_activation,laundering,1
L000041,transit,ACC000743,dormant_activation,laundering,1
L000041,destination,ACC000134,dormant_activation,laundering,1
L000042,source,ACC001198,layering_chain,laundering,1
L000042,intermediary,ACC000322,layering_chain,laundering,1
L000042,intermediary,ACC000774,layering_chain,laundering,1
L000042,intermediary,ACC001306,layering_chain,laundering,1
L000042,intermediary,ACC000498,layering_chain,laundering,1
L000042,intermediary,ACC001463,layering_chain,laundering,1
L000042,destination,ACC001058,layering_chain,laundering,1
B000043,source,ACC001002,installment_split,benign_lookalike,0
B000043,beneficiary,ACC001079,installment_split,benign_lookalike,0
L000044,mule,ACC000519,fan_in,laundering,1
L000044,mule,ACC000559,fan_in,laundering,1
L000044,mule,ACC000354,fan_in,laundering,1
L000044,mule,ACC000301,fan_in,laundering,1
L000044,mule,ACC001330,fan_in,laundering,1
L000044,mule,ACC000706,fan_in,laundering,1
L000044,mule,ACC000774,fan_in,laundering,1
L000044,mule,ACC001250,fan_in,laundering,1
L000044,mule,ACC001345,fan_in,laundering,1
L000044,mule,ACC001284,fan_in,laundering,1
L000044,mule,ACC000450,fan_in,laundering,1
L000044,mule,ACC000144,fan_in,laundering,1
L000044,mule,ACC000000,fan_in,laundering,1
L000044,mule,ACC000618,fan_in,laundering,1
L000044,mule,ACC000887,fan_in,laundering,1
L000044,mule,ACC000498,fan_in,laundering,1
L000044,mule,ACC001002,fan_in,laundering,1
L000044,mule,ACC001372,fan_in,laundering,1
L000044,mule,ACC001033,fan_in,laundering,1
L000044,mule,ACC000853,fan_in,laundering,1
L000044,mule,ACC001069,fan_in,laundering,1
L000044,mule,ACC000215,fan_in,laundering,1
L000044,mule,ACC000964,fan_in,laundering,1
L000044,mule,ACC001370,fan_in,laundering,1
L000044,mule,ACC000534,fan_in,laundering,1
L000044,mule,ACC000759,fan_in,laundering,1
L000044,mule,ACC001327,fan_in,laundering,1
L000044,mule,ACC001375,fan_in,laundering,1
L000044,mule,ACC000358,fan_in,laundering,1
L000044,mule,ACC000886,fan_in,laundering,1
L000044,mule,ACC000254,fan_in,laundering,1
L000044,mule,ACC001463,fan_in,laundering,1
L000044,mule,ACC000800,fan_in,laundering,1
L000044,mule,ACC000947,fan_in,laundering,1
L000044,mule,ACC000756,fan_in,laundering,1
L000044,collector,ACC000754,fan_in,laundering,1
B000045,counterparty,ACC001472,marketplace_fanin,benign_lookalike,0
B000045,counterparty,ACC000313,marketplace_fanin,benign_lookalike,0
B000045,counterparty,ACC000248,marketplace_fanin,benign_lookalike,0
B000045,counterparty,ACC000994,marketplace_fanin,benign_lookalike,0
B000045,counterparty,ACC000617,marketplace_fanin,benign_lookalike,0
B000045,counterparty,ACC000983,marketplace_fanin,benign_lookalike,0
B000045,counterparty,ACC001250,marketplace_fanin,benign_lookalike,0
B000045,counterparty,ACC000613,marketplace_fanin,benign_lookalike,0
B000045,counterparty,ACC000394,marketplace_fanin,benign_lookalike,0
B000045,counterparty,ACC000862,marketplace_fanin,benign_lookalike,0
B000045,counterparty,ACC000879,marketplace_fanin,benign_lookalike,0
B000045,counterparty,ACC000788,marketplace_fanin,benign_lookalike,0
B000045,counterparty,ACC001143,marketplace_fanin,benign_lookalike,0
B000045,counterparty,ACC001295,marketplace_fanin,benign_lookalike,0
B000045,counterparty,ACC000882,marketplace_fanin,benign_lookalike,0
B000045,counterparty,ACC000756,marketplace_fanin,benign_lookalike,0
B000045,counterparty,ACC001297,marketplace_fanin,benign_lookalike,0
B000045,counterparty,ACC000170,marketplace_fanin,benign_lookalike,0
B000045,counterparty,ACC001091,marketplace_fanin,benign_lookalike,0
B000045,counterparty,ACC000947,marketplace_fanin,benign_lookalike,0
B000045,counterparty,ACC000878,marketplace_fanin,benign_lookalike,0
B000045,counterparty,ACC000229,marketplace_fanin,benign_lookalike,0
B000045,counterparty,ACC001321,marketplace_fanin,benign_lookalike,0
B000045,counterparty,ACC001103,marketplace_fanin,benign_lookalike,0
B000045,counterparty,ACC000929,marketplace_fanin,benign_lookalike,0
B000045,counterparty,ACC001211,marketplace_fanin,benign_lookalike,0
B000045,counterparty,ACC000336,marketplace_fanin,benign_lookalike,0
B000045,counterparty,ACC001251,marketplace_fanin,benign_lookalike,0
B000045,counterparty,ACC000927,marketplace_fanin,benign_lookalike,0
B000045,counterparty,ACC001264,marketplace_fanin,benign_lookalike,0
B000045,counterparty,ACC001260,marketplace_fanin,benign_lookalike,0
B000045,counterparty,ACC000413,marketplace_fanin,benign_lookalike,0
B000045,counterparty,ACC001467,marketplace_fanin,benign_lookalike,0
B000045,counterparty,ACC000957,marketplace_fanin,benign_lookalike,0
B000045,counterparty,ACC000971,marketplace_fanin,benign_lookalike,0
B000045,counterparty,ACC000099,marketplace_fanin,benign_lookalike,0
B000045,counterparty,ACC000945,marketplace_fanin,benign_lookalike,0
B000045,counterparty,ACC001227,marketplace_fanin,benign_lookalike,0
B000045,counterparty,ACC001350,marketplace_fanin,benign_lookalike,0
B000045,counterparty,ACC000276,marketplace_fanin,benign_lookalike,0
B000045,counterparty,ACC000303,marketplace_fanin,benign_lookalike,0
B000045,counterparty,ACC000398,marketplace_fanin,benign_lookalike,0
B000045,counterparty,ACC000498,marketplace_fanin,benign_lookalike,0
B000045,counterparty,ACC000631,marketplace_fanin,benign_lookalike,0
B000045,counterparty,ACC001305,marketplace_fanin,benign_lookalike,0
B000045,counterparty,ACC000023,marketplace_fanin,benign_lookalike,0
B000045,counterparty,ACC000335,marketplace_fanin,benign_lookalike,0
B000045,counterparty,ACC000180,marketplace_fanin,benign_lookalike,0
B000045,counterparty,ACC000124,marketplace_fanin,benign_lookalike,0
B000045,counterparty,ACC001163,marketplace_fanin,benign_lookalike,0
B000045,counterparty,ACC000804,marketplace_fanin,benign_lookalike,0
B000045,counterparty,ACC000918,marketplace_fanin,benign_lookalike,0
B000045,counterparty,ACC000260,marketplace_fanin,benign_lookalike,0
B000045,counterparty,ACC000404,marketplace_fanin,benign_lookalike,0
B000045,counterparty,ACC000556,marketplace_fanin,benign_lookalike,0
B000045,counterparty,ACC000836,marketplace_fanin,benign_lookalike,0
B000045,counterparty,ACC001095,marketplace_fanin,benign_lookalike,0
B000045,counterparty,ACC000646,marketplace_fanin,benign_lookalike,0
B000045,counterparty,ACC000140,marketplace_fanin,benign_lookalike,0
B000045,counterparty,ACC000401,marketplace_fanin,benign_lookalike,0
B000045,counterparty,ACC000774,marketplace_fanin,benign_lookalike,0
B000045,counterparty,ACC001420,marketplace_fanin,benign_lookalike,0
B000045,counterparty,ACC001302,marketplace_fanin,benign_lookalike,0
B000045,counterparty,ACC000757,marketplace_fanin,benign_lookalike,0
B000045,counterparty,ACC001105,marketplace_fanin,benign_lookalike,0
B000045,counterparty,ACC000406,marketplace_fanin,benign_lookalike,0
B000045,counterparty,ACC001380,marketplace_fanin,benign_lookalike,0
B000045,counterparty,ACC000609,marketplace_fanin,benign_lookalike,0
B000045,counterparty,ACC001065,marketplace_fanin,benign_lookalike,0
B000045,counterparty,ACC000377,marketplace_fanin,benign_lookalike,0
B000045,counterparty,ACC001408,marketplace_fanin,benign_lookalike,0
B000045,counterparty,ACC001416,marketplace_fanin,benign_lookalike,0
B000045,counterparty,ACC000829,marketplace_fanin,benign_lookalike,0
B000045,counterparty,ACC001261,marketplace_fanin,benign_lookalike,0
B000045,counterparty,ACC000081,marketplace_fanin,benign_lookalike,0
B000045,counterparty,ACC000327,marketplace_fanin,benign_lookalike,0
B000045,counterparty,ACC000928,marketplace_fanin,benign_lookalike,0
B000045,counterparty,ACC000748,marketplace_fanin,benign_lookalike,0
B000045,counterparty,ACC000535,marketplace_fanin,benign_lookalike,0
B000045,counterparty,ACC001215,marketplace_fanin,benign_lookalike,0
B000045,counterparty,ACC000820,marketplace_fanin,benign_lookalike,0
B000045,counterparty,ACC000049,marketplace_fanin,benign_lookalike,0
B000045,counterparty,ACC001484,marketplace_fanin,benign_lookalike,0
B000045,counterparty,ACC001237,marketplace_fanin,benign_lookalike,0
B000045,counterparty,ACC000418,marketplace_fanin,benign_lookalike,0
B000045,counterparty,ACC000163,marketplace_fanin,benign_lookalike,0
B000045,counterparty,ACC000977,marketplace_fanin,benign_lookalike,0
B000045,counterparty,ACC000444,marketplace_fanin,benign_lookalike,0
B000045,counterparty,ACC001041,marketplace_fanin,benign_lookalike,0
B000045,counterparty,ACC000220,marketplace_fanin,benign_lookalike,0
B000045,counterparty,ACC001087,marketplace_fanin,benign_lookalike,0
B000045,counterparty,ACC000360,marketplace_fanin,benign_lookalike,0
B000045,counterparty,ACC001004,marketplace_fanin,benign_lookalike,0
B000045,counterparty,ACC000214,marketplace_fanin,benign_lookalike,0
B000045,counterparty,ACC001333,marketplace_fanin,benign_lookalike,0
B000045,counterparty,ACC000309,marketplace_fanin,benign_lookalike,0
B000045,counterparty,ACC001327,marketplace_fanin,benign_lookalike,0
B000045,counterparty,ACC001036,marketplace_fanin,benign_lookalike,0
B000045,counterparty,ACC000761,marketplace_fanin,benign_lookalike,0
B000045,counterparty,ACC001309,marketplace_fanin,benign_lookalike,0
B000045,counterparty,ACC000860,marketplace_fanin,benign_lookalike,0
B000045,counterparty,ACC000484,marketplace_fanin,benign_lookalike,0
B000045,counterparty,ACC000308,marketplace_fanin,benign_lookalike,0
B000045,counterparty,ACC001006,marketplace_fanin,benign_lookalike,0
B000045,counterparty,ACC001419,marketplace_fanin,benign_lookalike,0
B000045,collector,ACC000008,marketplace_fanin,benign_lookalike,0
L000046,source,ACC001228,rapid_pass_through,laundering,1
L000046,source,ACC001228,rapid_pass_through,laundering,1
L000046,source,ACC000044,rapid_pass_through,laundering,1
L000046,source,ACC000611,rapid_pass_through,laundering,1
L000046,transit,ACC001370,rapid_pass_through,laundering,1
L000046,destination,ACC001485,rapid_pass_through,laundering,1
L000046,destination,ACC000322,rapid_pass_through,laundering,1
L000047,source,ACC001197,mule_network,laundering,1
L000047,mule,ACC000618,mule_network,laundering,1
L000047,mule,ACC001165,mule_network,laundering,1
L000047,mule,ACC000094,mule_network,laundering,1
L000047,mule,ACC001345,mule_network,laundering,1
L000047,mule,ACC000692,mule_network,laundering,1
L000047,mule,ACC000887,mule_network,laundering,1
L000047,mule,ACC001370,mule_network,laundering,1
L000047,mule,ACC000534,mule_network,laundering,1
L000047,mule,ACC000140,mule_network,laundering,1
L000047,mule,ACC000485,mule_network,laundering,1
L000047,mule,ACC001245,mule_network,laundering,1
L000047,mule,ACC000811,mule_network,laundering,1
L000047,mule,ACC000301,mule_network,laundering,1
L000047,mule,ACC001250,mule_network,laundering,1
L000047,beneficiary,ACC000754,mule_network,laundering,1
B000048,counterparty,ACC000459,supplier_passthrough,benign_lookalike,0
B000048,counterparty,ACC001115,supplier_passthrough,benign_lookalike,0
B000048,counterparty,ACC000383,supplier_passthrough,benign_lookalike,0
B000048,transit,ACC001021,supplier_passthrough,benign_lookalike,0
B000048,beneficiary,ACC001363,supplier_passthrough,benign_lookalike,0
B000049,counterparty,ACC000866,supplier_passthrough,benign_lookalike,0
B000049,counterparty,ACC000975,supplier_passthrough,benign_lookalike,0
B000049,counterparty,ACC001094,supplier_passthrough,benign_lookalike,0
B000049,counterparty,ACC000472,supplier_passthrough,benign_lookalike,0
B000049,counterparty,ACC000779,supplier_passthrough,benign_lookalike,0
B000049,transit,ACC001108,supplier_passthrough,benign_lookalike,0
B000049,beneficiary,ACC000763,supplier_passthrough,benign_lookalike,0
B000050,counterparty,ACC001245,marketplace_fanin,benign_lookalike,0
B000050,counterparty,ACC001468,marketplace_fanin,benign_lookalike,0
B000050,counterparty,ACC000282,marketplace_fanin,benign_lookalike,0
B000050,counterparty,ACC000260,marketplace_fanin,benign_lookalike,0
B000050,counterparty,ACC000350,marketplace_fanin,benign_lookalike,0
B000050,counterparty,ACC000429,marketplace_fanin,benign_lookalike,0
B000050,counterparty,ACC000094,marketplace_fanin,benign_lookalike,0
B000050,counterparty,ACC001068,marketplace_fanin,benign_lookalike,0
B000050,counterparty,ACC000581,marketplace_fanin,benign_lookalike,0
B000050,counterparty,ACC001003,marketplace_fanin,benign_lookalike,0
B000050,counterparty,ACC001462,marketplace_fanin,benign_lookalike,0
B000050,counterparty,ACC001461,marketplace_fanin,benign_lookalike,0
B000050,counterparty,ACC000920,marketplace_fanin,benign_lookalike,0
B000050,counterparty,ACC000363,marketplace_fanin,benign_lookalike,0
B000050,counterparty,ACC000811,marketplace_fanin,benign_lookalike,0
B000050,counterparty,ACC000943,marketplace_fanin,benign_lookalike,0
B000050,counterparty,ACC001190,marketplace_fanin,benign_lookalike,0
B000050,counterparty,ACC001120,marketplace_fanin,benign_lookalike,0
B000050,counterparty,ACC000773,marketplace_fanin,benign_lookalike,0
B000050,counterparty,ACC000496,marketplace_fanin,benign_lookalike,0
B000050,counterparty,ACC000034,marketplace_fanin,benign_lookalike,0
B000050,counterparty,ACC001360,marketplace_fanin,benign_lookalike,0
B000050,counterparty,ACC001160,marketplace_fanin,benign_lookalike,0
B000050,counterparty,ACC001406,marketplace_fanin,benign_lookalike,0
B000050,counterparty,ACC000531,marketplace_fanin,benign_lookalike,0
B000050,counterparty,ACC000831,marketplace_fanin,benign_lookalike,0
B000050,counterparty,ACC001442,marketplace_fanin,benign_lookalike,0
B000050,counterparty,ACC001036,marketplace_fanin,benign_lookalike,0
B000050,counterparty,ACC001117,marketplace_fanin,benign_lookalike,0
B000050,counterparty,ACC000805,marketplace_fanin,benign_lookalike,0
B000050,collector,ACC001021,marketplace_fanin,benign_lookalike,0
L000051,source,ACC000671,layering_chain,laundering,1
L000051,intermediary,ACC001250,layering_chain,laundering,1
L000051,intermediary,ACC001363,layering_chain,laundering,1
L000051,intermediary,ACC000740,layering_chain,laundering,1
L000051,intermediary,ACC000095,layering_chain,laundering,1
L000051,destination,ACC000944,layering_chain,laundering,1
B000052,source,ACC000999,treasury_cycle,benign_lookalike,0
B000052,counterparty,ACC001107,treasury_cycle,benign_lookalike,0
B000052,counterparty,ACC000424,treasury_cycle,benign_lookalike,0
B000053,counterparty,ACC000576,marketplace_fanin,benign_lookalike,0
B000053,counterparty,ACC001330,marketplace_fanin,benign_lookalike,0
B000053,counterparty,ACC000910,marketplace_fanin,benign_lookalike,0
B000053,counterparty,ACC000621,marketplace_fanin,benign_lookalike,0
B000053,counterparty,ACC000100,marketplace_fanin,benign_lookalike,0
B000053,counterparty,ACC000629,marketplace_fanin,benign_lookalike,0
B000053,counterparty,ACC001117,marketplace_fanin,benign_lookalike,0
B000053,counterparty,ACC001329,marketplace_fanin,benign_lookalike,0
B000053,counterparty,ACC001203,marketplace_fanin,benign_lookalike,0
B000053,counterparty,ACC000534,marketplace_fanin,benign_lookalike,0
B000053,counterparty,ACC000048,marketplace_fanin,benign_lookalike,0
B000053,counterparty,ACC000809,marketplace_fanin,benign_lookalike,0
B000053,counterparty,ACC000897,marketplace_fanin,benign_lookalike,0
B000053,counterparty,ACC000608,marketplace_fanin,benign_lookalike,0
B000053,counterparty,ACC000787,marketplace_fanin,benign_lookalike,0
B000053,counterparty,ACC000920,marketplace_fanin,benign_lookalike,0
B000053,counterparty,ACC001309,marketplace_fanin,benign_lookalike,0
B000053,counterparty,ACC001060,marketplace_fanin,benign_lookalike,0
B000053,counterparty,ACC000777,marketplace_fanin,benign_lookalike,0
B000053,counterparty,ACC000748,marketplace_fanin,benign_lookalike,0
B000053,counterparty,ACC001063,marketplace_fanin,benign_lookalike,0
B000053,counterparty,ACC000894,marketplace_fanin,benign_lookalike,0
B000053,counterparty,ACC001047,marketplace_fanin,benign_lookalike,0
B000053,counterparty,ACC001459,marketplace_fanin,benign_lookalike,0
B000053,counterparty,ACC000218,marketplace_fanin,benign_lookalike,0
B000053,counterparty,ACC001188,marketplace_fanin,benign_lookalike,0
B000053,counterparty,ACC000324,marketplace_fanin,benign_lookalike,0
B000053,counterparty,ACC000133,marketplace_fanin,benign_lookalike,0
B000053,counterparty,ACC000605,marketplace_fanin,benign_lookalike,0
B000053,counterparty,ACC001218,marketplace_fanin,benign_lookalike,0
B000053,counterparty,ACC001405,marketplace_fanin,benign_lookalike,0
B000053,counterparty,ACC000650,marketplace_fanin,benign_lookalike,0
B000053,counterparty,ACC001001,marketplace_fanin,benign_lookalike,0
B000053,counterparty,ACC001204,marketplace_fanin,benign_lookalike,0
B000053,counterparty,ACC001036,marketplace_fanin,benign_lookalike,0
B000053,counterparty,ACC000884,marketplace_fanin,benign_lookalike,0
B000053,counterparty,ACC000632,marketplace_fanin,benign_lookalike,0
B000053,counterparty,ACC000272,marketplace_fanin,benign_lookalike,0
B000053,counterparty,ACC000875,marketplace_fanin,benign_lookalike,0
B000053,counterparty,ACC001494,marketplace_fanin,benign_lookalike,0
B000053,counterparty,ACC000997,marketplace_fanin,benign_lookalike,0
B000053,counterparty,ACC000055,marketplace_fanin,benign_lookalike,0
B000053,counterparty,ACC000768,marketplace_fanin,benign_lookalike,0
B000053,counterparty,ACC000808,marketplace_fanin,benign_lookalike,0
B000053,counterparty,ACC000821,marketplace_fanin,benign_lookalike,0
B000053,counterparty,ACC000334,marketplace_fanin,benign_lookalike,0
B000053,counterparty,ACC000149,marketplace_fanin,benign_lookalike,0
B000053,counterparty,ACC000072,marketplace_fanin,benign_lookalike,0
B000053,counterparty,ACC001424,marketplace_fanin,benign_lookalike,0
B000053,counterparty,ACC000918,marketplace_fanin,benign_lookalike,0
B000053,counterparty,ACC001044,marketplace_fanin,benign_lookalike,0
B000053,counterparty,ACC001115,marketplace_fanin,benign_lookalike,0
B000053,counterparty,ACC001283,marketplace_fanin,benign_lookalike,0
B000053,counterparty,ACC000939,marketplace_fanin,benign_lookalike,0
B000053,counterparty,ACC001452,marketplace_fanin,benign_lookalike,0
B000053,counterparty,ACC000816,marketplace_fanin,benign_lookalike,0
B000053,counterparty,ACC000402,marketplace_fanin,benign_lookalike,0
B000053,counterparty,ACC000619,marketplace_fanin,benign_lookalike,0
B000053,counterparty,ACC000019,marketplace_fanin,benign_lookalike,0
B000053,counterparty,ACC000248,marketplace_fanin,benign_lookalike,0
B000053,counterparty,ACC000327,marketplace_fanin,benign_lookalike,0
B000053,counterparty,ACC000032,marketplace_fanin,benign_lookalike,0
B000053,counterparty,ACC000483,marketplace_fanin,benign_lookalike,0
B000053,counterparty,ACC001373,marketplace_fanin,benign_lookalike,0
B000053,counterparty,ACC001431,marketplace_fanin,benign_lookalike,0
B000053,counterparty,ACC000544,marketplace_fanin,benign_lookalike,0
B000053,counterparty,ACC000052,marketplace_fanin,benign_lookalike,0
B000053,counterparty,ACC001316,marketplace_fanin,benign_lookalike,0
B000053,counterparty,ACC000303,marketplace_fanin,benign_lookalike,0
B000053,counterparty,ACC000993,marketplace_fanin,benign_lookalike,0
B000053,counterparty,ACC001156,marketplace_fanin,benign_lookalike,0
B000053,counterparty,ACC001146,marketplace_fanin,benign_lookalike,0
B000053,counterparty,ACC000381,marketplace_fanin,benign_lookalike,0
B000053,counterparty,ACC000683,marketplace_fanin,benign_lookalike,0
B000053,counterparty,ACC001401,marketplace_fanin,benign_lookalike,0
B000053,counterparty,ACC000759,marketplace_fanin,benign_lookalike,0
B000053,counterparty,ACC000428,marketplace_fanin,benign_lookalike,0
B000053,counterparty,ACC000445,marketplace_fanin,benign_lookalike,0
B000053,counterparty,ACC000153,marketplace_fanin,benign_lookalike,0
B000053,counterparty,ACC000011,marketplace_fanin,benign_lookalike,0
B000053,counterparty,ACC000102,marketplace_fanin,benign_lookalike,0
B000053,counterparty,ACC000529,marketplace_fanin,benign_lookalike,0
B000053,counterparty,ACC000343,marketplace_fanin,benign_lookalike,0
B000053,counterparty,ACC000031,marketplace_fanin,benign_lookalike,0
B000053,counterparty,ACC001186,marketplace_fanin,benign_lookalike,0
B000053,counterparty,ACC000335,marketplace_fanin,benign_lookalike,0
B000053,counterparty,ACC000562,marketplace_fanin,benign_lookalike,0
B000053,counterparty,ACC000805,marketplace_fanin,benign_lookalike,0
B000053,counterparty,ACC000289,marketplace_fanin,benign_lookalike,0
B000053,counterparty,ACC001377,marketplace_fanin,benign_lookalike,0
B000053,counterparty,ACC000214,marketplace_fanin,benign_lookalike,0
B000053,counterparty,ACC001271,marketplace_fanin,benign_lookalike,0
B000053,counterparty,ACC000006,marketplace_fanin,benign_lookalike,0
B000053,counterparty,ACC001376,marketplace_fanin,benign_lookalike,0
B000053,counterparty,ACC001408,marketplace_fanin,benign_lookalike,0
B000053,counterparty,ACC000228,marketplace_fanin,benign_lookalike,0
B000053,counterparty,ACC000525,marketplace_fanin,benign_lookalike,0
B000053,counterparty,ACC000420,marketplace_fanin,benign_lookalike,0
B000053,counterparty,ACC001382,marketplace_fanin,benign_lookalike,0
B000053,counterparty,ACC000780,marketplace_fanin,benign_lookalike,0
B000053,counterparty,ACC001011,marketplace_fanin,benign_lookalike,0
B000053,counterparty,ACC000113,marketplace_fanin,benign_lookalike,0
B000053,counterparty,ACC000136,marketplace_fanin,benign_lookalike,0
B000053,counterparty,ACC000901,marketplace_fanin,benign_lookalike,0
B000053,counterparty,ACC000663,marketplace_fanin,benign_lookalike,0
B000053,counterparty,ACC000322,marketplace_fanin,benign_lookalike,0
B000053,counterparty,ACC000804,marketplace_fanin,benign_lookalike,0
B000053,counterparty,ACC001375,marketplace_fanin,benign_lookalike,0
B000053,counterparty,ACC001086,marketplace_fanin,benign_lookalike,0
B000053,counterparty,ACC000540,marketplace_fanin,benign_lookalike,0
B000053,counterparty,ACC000778,marketplace_fanin,benign_lookalike,0
B000053,counterparty,ACC001031,marketplace_fanin,benign_lookalike,0
B000053,counterparty,ACC001350,marketplace_fanin,benign_lookalike,0
B000053,counterparty,ACC001242,marketplace_fanin,benign_lookalike,0
B000053,counterparty,ACC000946,marketplace_fanin,benign_lookalike,0
B000053,counterparty,ACC001067,marketplace_fanin,benign_lookalike,0
B000053,counterparty,ACC000331,marketplace_fanin,benign_lookalike,0
B000053,counterparty,ACC001436,marketplace_fanin,benign_lookalike,0
B000053,counterparty,ACC001433,marketplace_fanin,benign_lookalike,0
B000053,counterparty,ACC000460,marketplace_fanin,benign_lookalike,0
B000053,counterparty,ACC000751,marketplace_fanin,benign_lookalike,0
B000053,counterparty,ACC001141,marketplace_fanin,benign_lookalike,0
B000053,counterparty,ACC001041,marketplace_fanin,benign_lookalike,0
B000053,collector,ACC000758,marketplace_fanin,benign_lookalike,0
B000054,source,ACC000137,payroll_fanout,benign_lookalike,0
B000054,beneficiary,ACC000131,payroll_fanout,benign_lookalike,0
B000054,beneficiary,ACC000570,payroll_fanout,benign_lookalike,0
B000054,beneficiary,ACC000616,payroll_fanout,benign_lookalike,0
B000054,beneficiary,ACC001288,payroll_fanout,benign_lookalike,0
B000054,beneficiary,ACC000976,payroll_fanout,benign_lookalike,0
B000054,beneficiary,ACC001158,payroll_fanout,benign_lookalike,0
B000054,beneficiary,ACC000517,payroll_fanout,benign_lookalike,0
B000054,beneficiary,ACC000316,payroll_fanout,benign_lookalike,0
B000054,beneficiary,ACC001144,payroll_fanout,benign_lookalike,0
B000054,beneficiary,ACC000573,payroll_fanout,benign_lookalike,0
B000054,beneficiary,ACC000626,payroll_fanout,benign_lookalike,0
B000054,beneficiary,ACC000803,payroll_fanout,benign_lookalike,0
B000054,beneficiary,ACC001499,payroll_fanout,benign_lookalike,0
B000054,beneficiary,ACC000524,payroll_fanout,benign_lookalike,0
B000054,beneficiary,ACC000677,payroll_fanout,benign_lookalike,0
B000054,beneficiary,ACC000447,payroll_fanout,benign_lookalike,0
B000054,beneficiary,ACC000122,payroll_fanout,benign_lookalike,0
B000054,beneficiary,ACC001345,payroll_fanout,benign_lookalike,0
B000054,beneficiary,ACC000482,payroll_fanout,benign_lookalike,0
B000054,beneficiary,ACC000535,payroll_fanout,benign_lookalike,0
B000054,beneficiary,ACC000394,payroll_fanout,benign_lookalike,0
B000054,beneficiary,ACC001047,payroll_fanout,benign_lookalike,0
B000054,beneficiary,ACC001166,payroll_fanout,benign_lookalike,0
B000054,beneficiary,ACC000194,payroll_fanout,benign_lookalike,0
B000054,beneficiary,ACC000623,payroll_fanout,benign_lookalike,0
B000054,beneficiary,ACC001289,payroll_fanout,benign_lookalike,0
B000054,beneficiary,ACC000295,payroll_fanout,benign_lookalike,0
B000054,beneficiary,ACC000386,payroll_fanout,benign_lookalike,0
B000054,beneficiary,ACC001246,payroll_fanout,benign_lookalike,0
B000054,beneficiary,ACC001056,payroll_fanout,benign_lookalike,0
B000054,beneficiary,ACC001076,payroll_fanout,benign_lookalike,0
B000054,beneficiary,ACC000947,payroll_fanout,benign_lookalike,0
B000054,beneficiary,ACC000870,payroll_fanout,benign_lookalike,0
B000054,beneficiary,ACC001384,payroll_fanout,benign_lookalike,0
B000054,beneficiary,ACC001293,payroll_fanout,benign_lookalike,0
B000054,beneficiary,ACC000094,payroll_fanout,benign_lookalike,0
B000054,beneficiary,ACC000351,payroll_fanout,benign_lookalike,0
B000054,beneficiary,ACC001381,payroll_fanout,benign_lookalike,0
B000054,beneficiary,ACC000997,payroll_fanout,benign_lookalike,0
B000054,beneficiary,ACC001491,payroll_fanout,benign_lookalike,0
B000054,beneficiary,ACC000176,payroll_fanout,benign_lookalike,0
B000054,beneficiary,ACC000334,payroll_fanout,benign_lookalike,0
B000054,beneficiary,ACC001245,payroll_fanout,benign_lookalike,0
B000054,beneficiary,ACC000812,payroll_fanout,benign_lookalike,0
B000054,beneficiary,ACC001258,payroll_fanout,benign_lookalike,0
B000054,beneficiary,ACC001489,payroll_fanout,benign_lookalike,0
B000054,beneficiary,ACC000944,payroll_fanout,benign_lookalike,0
B000054,beneficiary,ACC001424,payroll_fanout,benign_lookalike,0
B000054,beneficiary,ACC001338,payroll_fanout,benign_lookalike,0
B000054,beneficiary,ACC001048,payroll_fanout,benign_lookalike,0
B000054,beneficiary,ACC000400,payroll_fanout,benign_lookalike,0
B000054,beneficiary,ACC001190,payroll_fanout,benign_lookalike,0
B000054,beneficiary,ACC001099,payroll_fanout,benign_lookalike,0
B000054,beneficiary,ACC000452,payroll_fanout,benign_lookalike,0
B000054,beneficiary,ACC000437,payroll_fanout,benign_lookalike,0
B000054,beneficiary,ACC001264,payroll_fanout,benign_lookalike,0
B000054,beneficiary,ACC000289,payroll_fanout,benign_lookalike,0
B000054,beneficiary,ACC000544,payroll_fanout,benign_lookalike,0
B000054,beneficiary,ACC001480,payroll_fanout,benign_lookalike,0
B000054,beneficiary,ACC001382,payroll_fanout,benign_lookalike,0
B000054,beneficiary,ACC000140,payroll_fanout,benign_lookalike,0
B000054,beneficiary,ACC000125,payroll_fanout,benign_lookalike,0
B000055,source,ACC001430,installment_split,benign_lookalike,0
B000055,beneficiary,ACC000230,installment_split,benign_lookalike,0
L000056,source,ACC000082,mule_network,laundering,1
L000056,mule,ACC000359,mule_network,laundering,1
L000056,mule,ACC001327,mule_network,laundering,1
L000056,mule,ACC000376,mule_network,laundering,1
L000056,mule,ACC000525,mule_network,laundering,1
L000056,mule,ACC000774,mule_network,laundering,1
L000056,mule,ACC001165,mule_network,laundering,1
L000056,mule,ACC000934,mule_network,laundering,1
L000056,mule,ACC000795,mule_network,laundering,1
L000056,mule,ACC000254,mule_network,laundering,1
L000056,mule,ACC001002,mule_network,laundering,1
L000056,mule,ACC000000,mule_network,laundering,1
L000056,mule,ACC001067,mule_network,laundering,1
L000056,mule,ACC001365,mule_network,laundering,1
L000056,beneficiary,ACC000322,mule_network,laundering,1
B000057,counterparty,ACC001482,supplier_passthrough,benign_lookalike,0
B000057,counterparty,ACC000347,supplier_passthrough,benign_lookalike,0
B000057,counterparty,ACC000471,supplier_passthrough,benign_lookalike,0
B000057,counterparty,ACC000939,supplier_passthrough,benign_lookalike,0
B000057,transit,ACC000500,supplier_passthrough,benign_lookalike,0
B000057,beneficiary,ACC000342,supplier_passthrough,benign_lookalike,0
B000058,source,ACC000673,treasury_cycle,benign_lookalike,0
B000058,counterparty,ACC000611,treasury_cycle,benign_lookalike,0
B000058,counterparty,ACC001354,treasury_cycle,benign_lookalike,0
B000058,counterparty,ACC000044,treasury_cycle,benign_lookalike,0
B000058,counterparty,ACC000656,treasury_cycle,benign_lookalike,0
B000059,counterparty,ACC000073,supplier_passthrough,benign_lookalike,0
B000059,counterparty,ACC000085,supplier_passthrough,benign_lookalike,0
B000059,counterparty,ACC000685,supplier_passthrough,benign_lookalike,0
B000059,counterparty,ACC000414,supplier_passthrough,benign_lookalike,0
B000059,transit,ACC000411,supplier_passthrough,benign_lookalike,0
B000059,beneficiary,ACC000681,supplier_passthrough,benign_lookalike,0
B000059,beneficiary,ACC000840,supplier_passthrough,benign_lookalike,0
L000060,source,ACC000246,layering_chain,laundering,1
L000060,intermediary,ACC000498,layering_chain,laundering,1
L000060,intermediary,ACC000886,layering_chain,laundering,1
L000060,intermediary,ACC000134,layering_chain,laundering,1
L000060,intermediary,ACC000618,layering_chain,laundering,1
L000060,destination,ACC000615,layering_chain,laundering,1
B000061,counterparty,ACC000524,supplier_passthrough,benign_lookalike,0
B000061,counterparty,ACC000285,supplier_passthrough,benign_lookalike,0
B000061,counterparty,ACC001293,supplier_passthrough,benign_lookalike,0
B000061,transit,ACC000705,supplier_passthrough,benign_lookalike,0
B000061,beneficiary,ACC000117,supplier_passthrough,benign_lookalike,0
B000061,beneficiary,ACC000156,supplier_passthrough,benign_lookalike,0
B000062,source,ACC000714,treasury_cycle,benign_lookalike,0
B000062,counterparty,ACC001229,treasury_cycle,benign_lookalike,0
B000062,counterparty,ACC001469,treasury_cycle,benign_lookalike,0
L000063,source,ACC000202,circular_flow,laundering,1
L000063,intermediary,ACC001257,circular_flow,laundering,1
L000063,intermediary,ACC001154,circular_flow,laundering,1
L000063,intermediary,ACC001232,circular_flow,laundering,1
L000063,intermediary,ACC001295,circular_flow,laundering,1
L000064,source,ACC001197,fan_out,laundering,1
L000064,mule,ACC000048,fan_out,laundering,1
L000064,mule,ACC000795,fan_out,laundering,1
L000064,mule,ACC001365,fan_out,laundering,1
L000064,mule,ACC000947,fan_out,laundering,1
L000064,mule,ACC000071,fan_out,laundering,1
L000064,mule,ACC001347,fan_out,laundering,1
L000064,mule,ACC000621,fan_out,laundering,1
L000064,mule,ACC001284,fan_out,laundering,1
L000064,mule,ACC000177,fan_out,laundering,1
L000064,mule,ACC001422,fan_out,laundering,1
L000064,mule,ACC000376,fan_out,laundering,1
L000064,mule,ACC000629,fan_out,laundering,1
L000064,mule,ACC001405,fan_out,laundering,1
L000064,mule,ACC000706,fan_out,laundering,1
L000064,mule,ACC001399,fan_out,laundering,1
L000064,mule,ACC000800,fan_out,laundering,1
L000064,mule,ACC000354,fan_out,laundering,1
L000064,mule,ACC000635,fan_out,laundering,1
L000064,mule,ACC000439,fan_out,laundering,1
L000064,mule,ACC000095,fan_out,laundering,1
L000064,mule,ACC000886,fan_out,laundering,1
L000064,mule,ACC000964,fan_out,laundering,1
L000064,mule,ACC000702,fan_out,laundering,1
L000064,mule,ACC000351,fan_out,laundering,1
L000064,mule,ACC001412,fan_out,laundering,1
L000064,mule,ACC000953,fan_out,laundering,1
L000064,mule,ACC001434,fan_out,laundering,1
L000064,mule,ACC000811,fan_out,laundering,1
L000064,mule,ACC000301,fan_out,laundering,1
L000064,mule,ACC000160,fan_out,laundering,1
L000064,mule,ACC000853,fan_out,laundering,1
L000064,mule,ACC000331,fan_out,laundering,1
L000064,mule,ACC000140,fan_out,laundering,1
L000064,mule,ACC000482,fan_out,laundering,1
L000064,mule,ACC001345,fan_out,laundering,1
L000064,mule,ACC000450,fan_out,laundering,1
L000064,mule,ACC000692,fan_out,laundering,1
L000064,mule,ACC000519,fan_out,laundering,1
L000064,mule,ACC000887,fan_out,laundering,1
B000065,counterparty,ACC000626,supplier_passthrough,benign_lookalike,0
B000065,counterparty,ACC000093,supplier_passthrough,benign_lookalike,0
B000065,transit,ACC000341,supplier_passthrough,benign_lookalike,0
B000065,beneficiary,ACC000399,supplier_passthrough,benign_lookalike,0
B000065,beneficiary,ACC001130,supplier_passthrough,benign_lookalike,0
B000066,source,ACC000611,treasury_cycle,benign_lookalike,0
B000066,counterparty,ACC000424,treasury_cycle,benign_lookalike,0
B000066,counterparty,ACC000999,treasury_cycle,benign_lookalike,0
B000067,counterparty,ACC001237,supplier_passthrough,benign_lookalike,0
B000067,counterparty,ACC000038,supplier_passthrough,benign_lookalike,0
B000067,counterparty,ACC000302,supplier_passthrough,benign_lookalike,0
B000067,counterparty,ACC000060,supplier_passthrough,benign_lookalike,0
B000067,counterparty,ACC000828,supplier_passthrough,benign_lookalike,0
B000067,counterparty,ACC001115,supplier_passthrough,benign_lookalike,0
B000067,transit,ACC001027,supplier_passthrough,benign_lookalike,0
B000067,beneficiary,ACC000454,supplier_passthrough,benign_lookalike,0
B000068,source,ACC000861,payroll_fanout,benign_lookalike,0
B000068,beneficiary,ACC001406,payroll_fanout,benign_lookalike,0
B000068,beneficiary,ACC000889,payroll_fanout,benign_lookalike,0
B000068,beneficiary,ACC001220,payroll_fanout,benign_lookalike,0
B000068,beneficiary,ACC000634,payroll_fanout,benign_lookalike,0
B000068,beneficiary,ACC000079,payroll_fanout,benign_lookalike,0
B000068,beneficiary,ACC000964,payroll_fanout,benign_lookalike,0
B000068,beneficiary,ACC001159,payroll_fanout,benign_lookalike,0
B000068,beneficiary,ACC001179,payroll_fanout,benign_lookalike,0
B000068,beneficiary,ACC000157,payroll_fanout,benign_lookalike,0
B000068,beneficiary,ACC000203,payroll_fanout,benign_lookalike,0
B000068,beneficiary,ACC000680,payroll_fanout,benign_lookalike,0
B000068,beneficiary,ACC000609,payroll_fanout,benign_lookalike,0
B000068,beneficiary,ACC001444,payroll_fanout,benign_lookalike,0
B000068,beneficiary,ACC001069,payroll_fanout,benign_lookalike,0
B000068,beneficiary,ACC001404,payroll_fanout,benign_lookalike,0
B000068,beneficiary,ACC000885,payroll_fanout,benign_lookalike,0
B000068,beneficiary,ACC000229,payroll_fanout,benign_lookalike,0
B000068,beneficiary,ACC000740,payroll_fanout,benign_lookalike,0
B000068,beneficiary,ACC000464,payroll_fanout,benign_lookalike,0
B000068,beneficiary,ACC001338,payroll_fanout,benign_lookalike,0
B000068,beneficiary,ACC000692,payroll_fanout,benign_lookalike,0
B000068,beneficiary,ACC001478,payroll_fanout,benign_lookalike,0
B000068,beneficiary,ACC000570,payroll_fanout,benign_lookalike,0
B000068,beneficiary,ACC000322,payroll_fanout,benign_lookalike,0
B000068,beneficiary,ACC000049,payroll_fanout,benign_lookalike,0
B000068,beneficiary,ACC000857,payroll_fanout,benign_lookalike,0
B000068,beneficiary,ACC001450,payroll_fanout,benign_lookalike,0
B000068,beneficiary,ACC001491,payroll_fanout,benign_lookalike,0
B000068,beneficiary,ACC000998,payroll_fanout,benign_lookalike,0
B000068,beneficiary,ACC000717,payroll_fanout,benign_lookalike,0
B000068,beneficiary,ACC001366,payroll_fanout,benign_lookalike,0
B000068,beneficiary,ACC000336,payroll_fanout,benign_lookalike,0
B000068,beneficiary,ACC000373,payroll_fanout,benign_lookalike,0
B000068,beneficiary,ACC001445,payroll_fanout,benign_lookalike,0
B000068,beneficiary,ACC000735,payroll_fanout,benign_lookalike,0
B000068,beneficiary,ACC000377,payroll_fanout,benign_lookalike,0
B000068,beneficiary,ACC001246,payroll_fanout,benign_lookalike,0
B000068,beneficiary,ACC000379,payroll_fanout,benign_lookalike,0
B000068,beneficiary,ACC000308,payroll_fanout,benign_lookalike,0
B000068,beneficiary,ACC000677,payroll_fanout,benign_lookalike,0
B000068,beneficiary,ACC000711,payroll_fanout,benign_lookalike,0
B000068,beneficiary,ACC001173,payroll_fanout,benign_lookalike,0
B000068,beneficiary,ACC001467,payroll_fanout,benign_lookalike,0
B000068,beneficiary,ACC000369,payroll_fanout,benign_lookalike,0
B000068,beneficiary,ACC000318,payroll_fanout,benign_lookalike,0
B000068,beneficiary,ACC000490,payroll_fanout,benign_lookalike,0
B000068,beneficiary,ACC000491,payroll_fanout,benign_lookalike,0
B000068,beneficiary,ACC001260,payroll_fanout,benign_lookalike,0
B000068,beneficiary,ACC000598,payroll_fanout,benign_lookalike,0
B000068,beneficiary,ACC001028,payroll_fanout,benign_lookalike,0
B000068,beneficiary,ACC000535,payroll_fanout,benign_lookalike,0
B000068,beneficiary,ACC000420,payroll_fanout,benign_lookalike,0
B000068,beneficiary,ACC000710,payroll_fanout,benign_lookalike,0
B000068,beneficiary,ACC000003,payroll_fanout,benign_lookalike,0
B000068,beneficiary,ACC000225,payroll_fanout,benign_lookalike,0
B000068,beneficiary,ACC000437,payroll_fanout,benign_lookalike,0
B000068,beneficiary,ACC000698,payroll_fanout,benign_lookalike,0
B000068,beneficiary,ACC000393,payroll_fanout,benign_lookalike,0
B000068,beneficiary,ACC000863,payroll_fanout,benign_lookalike,0
B000068,beneficiary,ACC000055,payroll_fanout,benign_lookalike,0
B000068,beneficiary,ACC000813,payroll_fanout,benign_lookalike,0
B000068,beneficiary,ACC001458,payroll_fanout,benign_lookalike,0
B000068,beneficiary,ACC001487,payroll_fanout,benign_lookalike,0
B000068,beneficiary,ACC000978,payroll_fanout,benign_lookalike,0
B000068,beneficiary,ACC001133,payroll_fanout,benign_lookalike,0
B000068,beneficiary,ACC001251,payroll_fanout,benign_lookalike,0
B000068,beneficiary,ACC001192,payroll_fanout,benign_lookalike,0
B000068,beneficiary,ACC000073,payroll_fanout,benign_lookalike,0
B000069,counterparty,ACC000299,supplier_passthrough,benign_lookalike,0
B000069,counterparty,ACC001253,supplier_passthrough,benign_lookalike,0
B000069,counterparty,ACC000777,supplier_passthrough,benign_lookalike,0
B000069,counterparty,ACC000953,supplier_passthrough,benign_lookalike,0
B000069,counterparty,ACC001008,supplier_passthrough,benign_lookalike,0
B000069,counterparty,ACC000060,supplier_passthrough,benign_lookalike,0
B000069,transit,ACC000828,supplier_passthrough,benign_lookalike,0
B000069,beneficiary,ACC001418,supplier_passthrough,benign_lookalike,0
B000070,source,ACC001197,payroll_fanout,benign_lookalike,0
B000070,beneficiary,ACC000665,payroll_fanout,benign_lookalike,0
B000070,beneficiary,ACC001443,payroll_fanout,benign_lookalike,0
B000070,beneficiary,ACC000474,payroll_fanout,benign_lookalike,0
B000070,beneficiary,ACC001085,payroll_fanout,benign_lookalike,0
B000070,beneficiary,ACC000742,payroll_fanout,benign_lookalike,0
B000070,beneficiary,ACC001267,payroll_fanout,benign_lookalike,0
B000070,beneficiary,ACC000005,payroll_fanout,benign_lookalike,0
B000070,beneficiary,ACC000131,payroll_fanout,benign_lookalike,0
B000070,beneficiary,ACC001350,payroll_fanout,benign_lookalike,0
B000070,beneficiary,ACC000302,payroll_fanout,benign_lookalike,0
B000070,beneficiary,ACC000499,payroll_fanout,benign_lookalike,0
B000070,beneficiary,ACC000417,payroll_fanout,benign_lookalike,0
B000070,beneficiary,ACC000829,payroll_fanout,benign_lookalike,0
B000070,beneficiary,ACC000773,payroll_fanout,benign_lookalike,0
B000070,beneficiary,ACC001116,payroll_fanout,benign_lookalike,0
B000070,beneficiary,ACC001472,payroll_fanout,benign_lookalike,0
B000070,beneficiary,ACC000369,payroll_fanout,benign_lookalike,0
B000070,beneficiary,ACC000895,payroll_fanout,benign_lookalike,0
B000070,beneficiary,ACC000516,payroll_fanout,benign_lookalike,0
B000070,beneficiary,ACC001293,payroll_fanout,benign_lookalike,0
B000070,beneficiary,ACC001352,payroll_fanout,benign_lookalike,0
B000070,beneficiary,ACC001474,payroll_fanout,benign_lookalike,0
B000070,beneficiary,ACC001307,payroll_fanout,benign_lookalike,0
B000070,beneficiary,ACC000844,payroll_fanout,benign_lookalike,0
B000070,beneficiary,ACC000358,payroll_fanout,benign_lookalike,0
B000070,beneficiary,ACC001478,payroll_fanout,benign_lookalike,0
B000070,beneficiary,ACC000750,payroll_fanout,benign_lookalike,0
B000070,beneficiary,ACC000916,payroll_fanout,benign_lookalike,0
B000070,beneficiary,ACC000704,payroll_fanout,benign_lookalike,0
B000070,beneficiary,ACC001374,payroll_fanout,benign_lookalike,0
B000070,beneficiary,ACC001489,payroll_fanout,benign_lookalike,0
B000070,beneficiary,ACC000894,payroll_fanout,benign_lookalike,0
B000070,beneficiary,ACC000229,payroll_fanout,benign_lookalike,0
B000070,beneficiary,ACC001224,payroll_fanout,benign_lookalike,0
B000070,beneficiary,ACC001236,payroll_fanout,benign_lookalike,0
B000070,beneficiary,ACC001312,payroll_fanout,benign_lookalike,0
B000070,beneficiary,ACC000453,payroll_fanout,benign_lookalike,0
B000070,beneficiary,ACC000423,payroll_fanout,benign_lookalike,0
B000070,beneficiary,ACC000544,payroll_fanout,benign_lookalike,0
B000070,beneficiary,ACC001057,payroll_fanout,benign_lookalike,0
B000070,beneficiary,ACC000497,payroll_fanout,benign_lookalike,0
B000070,beneficiary,ACC000535,payroll_fanout,benign_lookalike,0
L000071,source,ACC001198,rapid_pass_through,laundering,1
L000071,source,ACC000044,rapid_pass_through,laundering,1
L000071,source,ACC000370,rapid_pass_through,laundering,1
L000071,source,ACC000671,rapid_pass_through,laundering,1
L000071,transit,ACC000800,rapid_pass_through,laundering,1
L000071,destination,ACC000031,rapid_pass_through,laundering,1
L000071,destination,ACC001485,rapid_pass_through,laundering,1
B000072,source,ACC000597,installment_split,benign_lookalike,0
B000072,beneficiary,ACC000671,installment_split,benign_lookalike,0
L000073,source,ACC000067,rapid_pass_through,laundering,1
L000073,source,ACC000370,rapid_pass_through,laundering,1
L000073,source,ACC001226,rapid_pass_through,laundering,1
L000073,source,ACC000165,rapid_pass_through,laundering,1
L000073,source,ACC000078,rapid_pass_through,laundering,1
L000073,transit,ACC001069,rapid_pass_through,laundering,1
L000073,destination,ACC001058,rapid_pass_through,laundering,1
L000073,destination,ACC000202,rapid_pass_through,laundering,1
L000074,source,ACC000454,fan_out,laundering,1
L000074,mule,ACC001306,fan_out,laundering,1
L000074,mule,ACC000450,fan_out,laundering,1
L000074,mule,ACC000559,fan_out,laundering,1
L000074,mule,ACC001434,fan_out,laundering,1
L000074,mule,ACC001245,fan_out,laundering,1
L000074,mule,ACC000048,fan_out,laundering,1
L000074,mule,ACC000853,fan_out,laundering,1
L000074,mule,ACC000371,fan_out,laundering,1
L000074,mule,ACC000177,fan_out,laundering,1
L000074,mule,ACC001463,fan_out,laundering,1
L000074,mule,ACC000215,fan_out,laundering,1
L000074,mule,ACC000301,fan_out,laundering,1
L000074,mule,ACC000947,fan_out,laundering,1
L000074,mule,ACC001183,fan_out,laundering,1
L000074,mule,ACC000715,fan_out,laundering,1
L000074,mule,ACC000358,fan_out,laundering,1
L000074,mule,ACC000094,fan_out,laundering,1
L000074,mule,ACC001327,fan_out,laundering,1
L000074,mule,ACC001412,fan_out,laundering,1
L000074,mule,ACC000831,fan_out,laundering,1
L000074,mule,ACC001146,fan_out,laundering,1
L000074,mule,ACC000953,fan_out,laundering,1
L000074,mule,ACC001393,fan_out,laundering,1
L000074,mule,ACC001405,fan_out,laundering,1
L000074,mule,ACC000073,fan_out,laundering,1
L000074,mule,ACC001250,fan_out,laundering,1
L000074,mule,ACC000446,fan_out,laundering,1
L000074,mule,ACC001002,fan_out,laundering,1
L000074,mule,ACC000743,fan_out,laundering,1
L000074,mule,ACC001165,fan_out,laundering,1
L000074,mule,ACC000751,fan_out,laundering,1
L000074,mule,ACC001067,fan_out,laundering,1
L000074,mule,ACC000498,fan_out,laundering,1
L000074,mule,ACC001394,fan_out,laundering,1
L000074,mule,ACC000376,fan_out,laundering,1
L000074,mule,ACC000964,fan_out,laundering,1
L000074,mule,ACC000351,fan_out,laundering,1
L000074,mule,ACC000354,fan_out,laundering,1
L000074,mule,ACC000635,fan_out,laundering,1
L000074,mule,ACC000144,fan_out,laundering,1
B000075,source,ACC000472,installment_split,benign_lookalike,0
B000075,beneficiary,ACC000268,installment_split,benign_lookalike,0
L000076,mule,ACC000831,smurfing,laundering,1
L000076,mule,ACC001327,smurfing,laundering,1
L000076,mule,ACC000749,smurfing,laundering,1
L000076,mule,ACC000177,smurfing,laundering,1
L000076,mule,ACC000511,smurfing,laundering,1
L000076,mule,ACC000073,smurfing,laundering,1
L000076,collector,ACC000642,smurfing,laundering,1
L000077,source,ACC001036,circular_flow,laundering,1
L000077,intermediary,ACC000642,circular_flow,laundering,1
L000077,intermediary,ACC000322,circular_flow,laundering,1
L000077,intermediary,ACC001295,circular_flow,laundering,1
L000078,source,ACC001228,layering_chain,laundering,1
L000078,intermediary,ACC000525,layering_chain,laundering,1
L000078,intermediary,ACC000140,layering_chain,laundering,1
L000078,intermediary,ACC001036,layering_chain,laundering,1
L000078,intermediary,ACC000621,layering_chain,laundering,1
L000078,destination,ACC000063,layering_chain,laundering,1
L000079,source,ACC000782,fan_out,laundering,1
L000079,mule,ACC001165,fan_out,laundering,1
L000079,mule,ACC001347,fan_out,laundering,1
L000079,mule,ACC001412,fan_out,laundering,1
L000079,mule,ACC000702,fan_out,laundering,1
L000079,mule,ACC000331,fan_out,laundering,1
L000079,mule,ACC000015,fan_out,laundering,1
L000079,mule,ACC000519,fan_out,laundering,1
L000079,mule,ACC000964,fan_out,laundering,1
L000079,mule,ACC000446,fan_out,laundering,1
L000079,mule,ACC000853,fan_out,laundering,1
L000079,mule,ACC000359,fan_out,laundering,1
L000079,mule,ACC001462,fan_out,laundering,1
L000079,mule,ACC001250,fan_out,laundering,1
L000079,mule,ACC000756,fan_out,laundering,1
L000079,mule,ACC000066,fan_out,laundering,1
L000079,mule,ACC000254,fan_out,laundering,1
L000079,mule,ACC001375,fan_out,laundering,1
L000079,mule,ACC000351,fan_out,laundering,1
L000079,mule,ACC000811,fan_out,laundering,1
L000079,mule,ACC000800,fan_out,laundering,1
L000079,mule,ACC000390,fan_out,laundering,1
L000079,mule,ACC001345,fan_out,laundering,1
L000079,mule,ACC000048,fan_out,laundering,1
L000079,mule,ACC000759,fan_out,laundering,1
L000079,mule,ACC000191,fan_out,laundering,1
L000079,mule,ACC000498,fan_out,laundering,1
L000079,mule,ACC001329,fan_out,laundering,1
L000079,mule,ACC000795,fan_out,laundering,1
L000079,mule,ACC001183,fan_out,laundering,1
L000079,mule,ACC000094,fan_out,laundering,1
L000079,mule,ACC000706,fan_out,laundering,1
L000079,mule,ACC001067,fan_out,laundering,1
L000079,mule,ACC000177,fan_out,laundering,1
L000079,mule,ACC000071,fan_out,laundering,1
L000079,mule,ACC001405,fan_out,laundering,1
L000079,mule,ACC001044,fan_out,laundering,1
L000079,mule,ACC001140,fan_out,laundering,1
L000079,mule,ACC001033,fan_out,laundering,1
L000079,mule,ACC000751,fan_out,laundering,1
L000080,mule,ACC000621,fan_in,laundering,1
L000080,mule,ACC001347,fan_in,laundering,1
L000080,mule,ACC001044,fan_in,laundering,1
L000080,mule,ACC000498,fan_in,laundering,1
L000080,mule,ACC000354,fan_in,laundering,1
L000080,mule,ACC000756,fan_in,laundering,1
L000080,mule,ACC000015,fan_in,laundering,1
L000080,mule,ACC000390,fan_in,laundering,1
L000080,mule,ACC000831,fan_in,laundering,1
L000080,mule,ACC000228,fan_in,laundering,1
L000080,mule,ACC001067,fan_in,laundering,1
L000080,mule,ACC001391,fan_in,laundering,1
L000080,mule,ACC000751,fan_in,laundering,1
L000080,mule,ACC000140,fan_in,laundering,1
L000080,mule,ACC001399,fan_in,laundering,1
L000080,mule,ACC000073,fan_in,laundering,1
L000080,mule,ACC001284,fan_in,laundering,1
L000080,mule,ACC001370,fan_in,laundering,1
L000080,mule,ACC000774,fan_in,laundering,1
L000080,mule,ACC000071,fan_in,laundering,1
L000080,mule,ACC000795,fan_in,laundering,1
L000080,mule,ACC001345,fan_in,laundering,1
L000080,mule,ACC000351,fan_in,laundering,1
L000080,mule,ACC001245,fan_in,laundering,1
L000080,mule,ACC000886,fan_in,laundering,1
L000080,mule,ACC000160,fan_in,laundering,1
L000080,mule,ACC000215,fan_in,laundering,1
L000080,mule,ACC000663,fan_in,laundering,1
L000080,mule,ACC000482,fan_in,laundering,1
L000080,mule,ACC001408,fan_in,laundering,1
L000080,mule,ACC000964,fan_in,laundering,1
L000080,mule,ACC001405,fan_in,laundering,1
L000080,collector,ACC000202,fan_in,laundering,1
B000081,source,ACC001145,installment_split,benign_lookalike,0
B000081,beneficiary,ACC001161,installment_split,benign_lookalike,0
B000082,counterparty,ACC000487,supplier_passthrough,benign_lookalike,0
B000082,counterparty,ACC001440,supplier_passthrough,benign_lookalike,0
B000082,counterparty,ACC000546,supplier_passthrough,benign_lookalike,0
B000082,counterparty,ACC001053,supplier_passthrough,benign_lookalike,0
B000082,counterparty,ACC000876,supplier_passthrough,benign_lookalike,0
B000082,transit,ACC000083,supplier_passthrough,benign_lookalike,0
B000082,beneficiary,ACC000202,supplier_passthrough,benign_lookalike,0
L000083,source,ACC001485,circular_flow,laundering,1
L000083,intermediary,ACC001154,circular_flow,laundering,1
L000083,intermediary,ACC000975,circular_flow,laundering,1
L000083,intermediary,ACC000944,circular_flow,laundering,1
L000083,intermediary,ACC000470,circular_flow,laundering,1
L000083,intermediary,ACC000309,circular_flow,laundering,1
L000084,source,ACC000044,dormant_activation,laundering,1
L000084,transit,ACC000743,dormant_activation,laundering,1
L000084,destination,ACC000356,dormant_activation,laundering,1
B000085,source,ACC001226,payroll_fanout,benign_lookalike,0
B000085,beneficiary,ACC000410,payroll_fanout,benign_lookalike,0
B000085,beneficiary,ACC000228,payroll_fanout,benign_lookalike,0
B000085,beneficiary,ACC000850,payroll_fanout,benign_lookalike,0
B000085,beneficiary,ACC001058,payroll_fanout,benign_lookalike,0
B000085,beneficiary,ACC000892,payroll_fanout,benign_lookalike,0
B000085,beneficiary,ACC001474,payroll_fanout,benign_lookalike,0
B000085,beneficiary,ACC000007,payroll_fanout,benign_lookalike,0
B000085,beneficiary,ACC000013,payroll_fanout,benign_lookalike,0
B000085,beneficiary,ACC000844,payroll_fanout,benign_lookalike,0
B000085,beneficiary,ACC000776,payroll_fanout,benign_lookalike,0
B000085,beneficiary,ACC000946,payroll_fanout,benign_lookalike,0
B000085,beneficiary,ACC001070,payroll_fanout,benign_lookalike,0
B000085,beneficiary,ACC001288,payroll_fanout,benign_lookalike,0
B000085,beneficiary,ACC000394,payroll_fanout,benign_lookalike,0
B000085,beneficiary,ACC001343,payroll_fanout,benign_lookalike,0
B000085,beneficiary,ACC000001,payroll_fanout,benign_lookalike,0
B000085,beneficiary,ACC000583,payroll_fanout,benign_lookalike,0
B000085,beneficiary,ACC000112,payroll_fanout,benign_lookalike,0
B000085,beneficiary,ACC000961,payroll_fanout,benign_lookalike,0
B000085,beneficiary,ACC000186,payroll_fanout,benign_lookalike,0
B000085,beneficiary,ACC000390,payroll_fanout,benign_lookalike,0
B000085,beneficiary,ACC000566,payroll_fanout,benign_lookalike,0
B000085,beneficiary,ACC000938,payroll_fanout,benign_lookalike,0
B000085,beneficiary,ACC000711,payroll_fanout,benign_lookalike,0
B000085,beneficiary,ACC000132,payroll_fanout,benign_lookalike,0
B000085,beneficiary,ACC000197,payroll_fanout,benign_lookalike,0
B000085,beneficiary,ACC000413,payroll_fanout,benign_lookalike,0
B000085,beneficiary,ACC000867,payroll_fanout,benign_lookalike,0
B000085,beneficiary,ACC000693,payroll_fanout,benign_lookalike,0
B000085,beneficiary,ACC000408,payroll_fanout,benign_lookalike,0
B000085,beneficiary,ACC000474,payroll_fanout,benign_lookalike,0
B000085,beneficiary,ACC000740,payroll_fanout,benign_lookalike,0
B000085,beneficiary,ACC000658,payroll_fanout,benign_lookalike,0
B000085,beneficiary,ACC001175,payroll_fanout,benign_lookalike,0
B000085,beneficiary,ACC000440,payroll_fanout,benign_lookalike,0
B000085,beneficiary,ACC001104,payroll_fanout,benign_lookalike,0
B000085,beneficiary,ACC001181,payroll_fanout,benign_lookalike,0
B000085,beneficiary,ACC001375,payroll_fanout,benign_lookalike,0
B000085,beneficiary,ACC000198,payroll_fanout,benign_lookalike,0
B000085,beneficiary,ACC000522,payroll_fanout,benign_lookalike,0
B000085,beneficiary,ACC001279,payroll_fanout,benign_lookalike,0
B000085,beneficiary,ACC000034,payroll_fanout,benign_lookalike,0
B000085,beneficiary,ACC000829,payroll_fanout,benign_lookalike,0
B000085,beneficiary,ACC001424,payroll_fanout,benign_lookalike,0
B000085,beneficiary,ACC001384,payroll_fanout,benign_lookalike,0
B000085,beneficiary,ACC000525,payroll_fanout,benign_lookalike,0
B000085,beneficiary,ACC000813,payroll_fanout,benign_lookalike,0
B000085,beneficiary,ACC000939,payroll_fanout,benign_lookalike,0
B000085,beneficiary,ACC001030,payroll_fanout,benign_lookalike,0
B000085,beneficiary,ACC000684,payroll_fanout,benign_lookalike,0
B000085,beneficiary,ACC000874,payroll_fanout,benign_lookalike,0
B000085,beneficiary,ACC001095,payroll_fanout,benign_lookalike,0
B000085,beneficiary,ACC001329,payroll_fanout,benign_lookalike,0
B000085,beneficiary,ACC000477,payroll_fanout,benign_lookalike,0
B000085,beneficiary,ACC001002,payroll_fanout,benign_lookalike,0
B000085,beneficiary,ACC000412,payroll_fanout,benign_lookalike,0
B000085,beneficiary,ACC000626,payroll_fanout,benign_lookalike,0
B000085,beneficiary,ACC000831,payroll_fanout,benign_lookalike,0
B000085,beneficiary,ACC000363,payroll_fanout,benign_lookalike,0
B000085,beneficiary,ACC001115,payroll_fanout,benign_lookalike,0
B000085,beneficiary,ACC001283,payroll_fanout,benign_lookalike,0
B000085,beneficiary,ACC000616,payroll_fanout,benign_lookalike,0
B000085,beneficiary,ACC000103,payroll_fanout,benign_lookalike,0
B000085,beneficiary,ACC000737,payroll_fanout,benign_lookalike,0
B000085,beneficiary,ACC000176,payroll_fanout,benign_lookalike,0
B000085,beneficiary,ACC000822,payroll_fanout,benign_lookalike,0
B000085,beneficiary,ACC000599,payroll_fanout,benign_lookalike,0
B000085,beneficiary,ACC000992,payroll_fanout,benign_lookalike,0
B000085,beneficiary,ACC000742,payroll_fanout,benign_lookalike,0
B000085,beneficiary,ACC000373,payroll_fanout,benign_lookalike,0
B000085,beneficiary,ACC001132,payroll_fanout,benign_lookalike,0
B000085,beneficiary,ACC000802,payroll_fanout,benign_lookalike,0
B000085,beneficiary,ACC001321,payroll_fanout,benign_lookalike,0
B000085,beneficiary,ACC001484,payroll_fanout,benign_lookalike,0
B000085,beneficiary,ACC001160,payroll_fanout,benign_lookalike,0
B000085,beneficiary,ACC000619,payroll_fanout,benign_lookalike,0
B000085,beneficiary,ACC000729,payroll_fanout,benign_lookalike,0
B000085,beneficiary,ACC001315,payroll_fanout,benign_lookalike,0
B000085,beneficiary,ACC000984,payroll_fanout,benign_lookalike,0
B000085,beneficiary,ACC001344,payroll_fanout,benign_lookalike,0
B000085,beneficiary,ACC001478,payroll_fanout,benign_lookalike,0
B000085,beneficiary,ACC000275,payroll_fanout,benign_lookalike,0
B000085,beneficiary,ACC001076,payroll_fanout,benign_lookalike,0
B000085,beneficiary,ACC000177,payroll_fanout,benign_lookalike,0
B000085,beneficiary,ACC000032,payroll_fanout,benign_lookalike,0
B000085,beneficiary,ACC001446,payroll_fanout,benign_lookalike,0
B000085,beneficiary,ACC000386,payroll_fanout,benign_lookalike,0
B000086,counterparty,ACC001056,marketplace_fanin,benign_lookalike,0
B000086,counterparty,ACC000102,marketplace_fanin,benign_lookalike,0
B000086,counterparty,ACC000953,marketplace_fanin,benign_lookalike,0
B000086,counterparty,ACC000285,marketplace_fanin,benign_lookalike,0
B000086,counterparty,ACC000328,marketplace_fanin,benign_lookalike,0
B000086,counterparty,ACC000130,marketplace_fanin,benign_lookalike,0
B000086,counterparty,ACC000140,marketplace_fanin,benign_lookalike,0
B000086,counterparty,ACC000267,marketplace_fanin,benign_lookalike,0
B000086,counterparty,ACC000948,marketplace_fanin,benign_lookalike,0
B000086,counterparty,ACC000023,marketplace_fanin,benign_lookalike,0
B000086,counterparty,ACC000255,marketplace_fanin,benign_lookalike,0
B000086,counterparty,ACC000435,marketplace_fanin,benign_lookalike,0
B000086,counterparty,ACC000684,marketplace_fanin,benign_lookalike,0
B000086,counterparty,ACC000057,marketplace_fanin,benign_lookalike,0
B000086,counterparty,ACC000186,marketplace_fanin,benign_lookalike,0
B000086,counterparty,ACC001087,marketplace_fanin,benign_lookalike,0
B000086,counterparty,ACC000750,marketplace_fanin,benign_lookalike,0
B000086,counterparty,ACC000670,marketplace_fanin,benign_lookalike,0
B000086,counterparty,ACC001235,marketplace_fanin,benign_lookalike,0
B000086,counterparty,ACC001449,marketplace_fanin,benign_lookalike,0
B000086,counterparty,ACC001264,marketplace_fanin,benign_lookalike,0
B000086,counterparty,ACC001322,marketplace_fanin,benign_lookalike,0
B000086,counterparty,ACC001351,marketplace_fanin,benign_lookalike,0
B000086,counterparty,ACC000599,marketplace_fanin,benign_lookalike,0
B000086,counterparty,ACC000555,marketplace_fanin,benign_lookalike,0
B000086,counterparty,ACC000680,marketplace_fanin,benign_lookalike,0
B000086,counterparty,ACC000498,marketplace_fanin,benign_lookalike,0
B000086,counterparty,ACC000131,marketplace_fanin,benign_lookalike,0
B000086,counterparty,ACC001478,marketplace_fanin,benign_lookalike,0
B000086,counterparty,ACC000841,marketplace_fanin,benign_lookalike,0
B000086,counterparty,ACC000609,marketplace_fanin,benign_lookalike,0
B000086,counterparty,ACC000529,marketplace_fanin,benign_lookalike,0
B000086,counterparty,ACC000943,marketplace_fanin,benign_lookalike,0
B000086,counterparty,ACC001194,marketplace_fanin,benign_lookalike,0
B000086,counterparty,ACC000204,marketplace_fanin,benign_lookalike,0
B000086,counterparty,ACC000829,marketplace_fanin,benign_lookalike,0
B000086,counterparty,ACC000912,marketplace_fanin,benign_lookalike,0
B000086,counterparty,ACC000059,marketplace_fanin,benign_lookalike,0
B000086,counterparty,ACC001431,marketplace_fanin,benign_lookalike,0
B000086,counterparty,ACC001465,marketplace_fanin,benign_lookalike,0
B000086,counterparty,ACC000574,marketplace_fanin,benign_lookalike,0
B000086,counterparty,ACC001008,marketplace_fanin,benign_lookalike,0
B000086,counterparty,ACC000730,marketplace_fanin,benign_lookalike,0
B000086,counterparty,ACC000525,marketplace_fanin,benign_lookalike,0
B000086,counterparty,ACC001345,marketplace_fanin,benign_lookalike,0
B000086,counterparty,ACC001373,marketplace_fanin,benign_lookalike,0
B000086,counterparty,ACC000894,marketplace_fanin,benign_lookalike,0
B000086,counterparty,ACC000273,marketplace_fanin,benign_lookalike,0
B000086,counterparty,ACC001176,marketplace_fanin,benign_lookalike,0
B000086,counterparty,ACC000009,marketplace_fanin,benign_lookalike,0
B000086,counterparty,ACC000099,marketplace_fanin,benign_lookalike,0
B000086,counterparty,ACC001344,marketplace_fanin,benign_lookalike,0
B000086,counterparty,ACC000449,marketplace_fanin,benign_lookalike,0
B000086,counterparty,ACC000275,marketplace_fanin,benign_lookalike,0
B000086,counterparty,ACC000882,marketplace_fanin,benign_lookalike,0
B000086,counterparty,ACC000206,marketplace_fanin,benign_lookalike,0
B000086,counterparty,ACC001250,marketplace_fanin,benign_lookalike,0
B000086,counterparty,ACC000624,marketplace_fanin,benign_lookalike,0
B000086,counterparty,ACC000710,marketplace_fanin,benign_lookalike,0
B000086,counterparty,ACC000516,marketplace_fanin,benign_lookalike,0
B000086,counterparty,ACC001052,marketplace_fanin,benign_lookalike,0
B000086,counterparty,ACC001085,marketplace_fanin,benign_lookalike,0
B000086,counterparty,ACC000709,marketplace_fanin,benign_lookalike,0
B000086,counterparty,ACC001454,marketplace_fanin,benign_lookalike,0
B000086,counterparty,ACC000371,marketplace_fanin,benign_lookalike,0
B000086,counterparty,ACC000413,marketplace_fanin,benign_lookalike,0
B000086,counterparty,ACC000299,marketplace_fanin,benign_lookalike,0
B000086,counterparty,ACC000468,marketplace_fanin,benign_lookalike,0
B000086,counterparty,ACC000417,marketplace_fanin,benign_lookalike,0
B000086,counterparty,ACC000843,marketplace_fanin,benign_lookalike,0
B000086,counterparty,ACC000173,marketplace_fanin,benign_lookalike,0
B000086,counterparty,ACC000343,marketplace_fanin,benign_lookalike,0
B000086,counterparty,ACC001303,marketplace_fanin,benign_lookalike,0
B000086,counterparty,ACC001306,marketplace_fanin,benign_lookalike,0
B000086,counterparty,ACC000616,marketplace_fanin,benign_lookalike,0
B000086,counterparty,ACC001220,marketplace_fanin,benign_lookalike,0
B000086,counterparty,ACC000759,marketplace_fanin,benign_lookalike,0
B000086,counterparty,ACC001237,marketplace_fanin,benign_lookalike,0
B000086,counterparty,ACC001424,marketplace_fanin,benign_lookalike,0
B000086,counterparty,ACC001313,marketplace_fanin,benign_lookalike,0
B000086,counterparty,ACC000821,marketplace_fanin,benign_lookalike,0
B000086,counterparty,ACC001113,marketplace_fanin,benign_lookalike,0
B000086,counterparty,ACC000209,marketplace_fanin,benign_lookalike,0
B000086,counterparty,ACC000689,marketplace_fanin,benign_lookalike,0
B000086,counterparty,ACC001076,marketplace_fanin,benign_lookalike,0
B000086,counterparty,ACC000553,marketplace_fanin,benign_lookalike,0
B000086,counterparty,ACC000872,marketplace_fanin,benign_lookalike,0
B000086,counterparty,ACC000863,marketplace_fanin,benign_lookalike,0
B000086,counterparty,ACC000928,marketplace_fanin,benign_lookalike,0
B000086,counterparty,ACC000639,marketplace_fanin,benign_lookalike,0
B000086,counterparty,ACC000515,marketplace_fanin,benign_lookalike,0
B000086,counterparty,ACC000237,marketplace_fanin,benign_lookalike,0
B000086,counterparty,ACC001146,marketplace_fanin,benign_lookalike,0
B000086,counterparty,ACC001142,marketplace_fanin,benign_lookalike,0
B000086,counterparty,ACC001349,marketplace_fanin,benign_lookalike,0
B000086,counterparty,ACC000979,marketplace_fanin,benign_lookalike,0
B000086,counterparty,ACC000812,marketplace_fanin,benign_lookalike,0
B000086,counterparty,ACC000962,marketplace_fanin,benign_lookalike,0
B000086,counterparty,ACC000846,marketplace_fanin,benign_lookalike,0
B000086,counterparty,ACC000748,marketplace_fanin,benign_lookalike,0
B000086,counterparty,ACC000109,marketplace_fanin,benign_lookalike,0
B000086,counterparty,ACC001399,marketplace_fanin,benign_lookalike,0
B000086,counterparty,ACC000037,marketplace_fanin,benign_lookalike,0
B000086,counterparty,ACC000765,marketplace_fanin,benign_lookalike,0
B000086,counterparty,ACC001000,marketplace_fanin,benign_lookalike,0
B000086,counterparty,ACC000355,marketplace_fanin,benign_lookalike,0
B000086,counterparty,ACC000375,marketplace_fanin,benign_lookalike,0
B000086,counterparty,ACC001014,marketplace_fanin,benign_lookalike,0
B000086,counterparty,ACC001450,marketplace_fanin,benign_lookalike,0
B000086,counterparty,ACC000452,marketplace_fanin,benign_lookalike,0
B000086,counterparty,ACC001227,marketplace_fanin,benign_lookalike,0
B000086,counterparty,ACC000380,marketplace_fanin,benign_lookalike,0
B000086,counterparty,ACC001245,marketplace_fanin,benign_lookalike,0
B000086,counterparty,ACC000377,marketplace_fanin,benign_lookalike,0
B000086,counterparty,ACC000316,marketplace_fanin,benign_lookalike,0
B000086,counterparty,ACC000301,marketplace_fanin,benign_lookalike,0
B000086,counterparty,ACC000444,marketplace_fanin,benign_lookalike,0
B000086,counterparty,ACC001473,marketplace_fanin,benign_lookalike,0
B000086,counterparty,ACC000241,marketplace_fanin,benign_lookalike,0
B000086,counterparty,ACC000176,marketplace_fanin,benign_lookalike,0
B000086,counterparty,ACC000388,marketplace_fanin,benign_lookalike,0
B000086,counterparty,ACC000401,marketplace_fanin,benign_lookalike,0
B000086,counterparty,ACC000704,marketplace_fanin,benign_lookalike,0
B000086,counterparty,ACC001256,marketplace_fanin,benign_lookalike,0
B000086,counterparty,ACC001439,marketplace_fanin,benign_lookalike,0
B000086,counterparty,ACC001094,marketplace_fanin,benign_lookalike,0
B000086,counterparty,ACC000507,marketplace_fanin,benign_lookalike,0
B000086,counterparty,ACC000874,marketplace_fanin,benign_lookalike,0
B000086,counterparty,ACC000992,marketplace_fanin,benign_lookalike,0
B000086,counterparty,ACC000632,marketplace_fanin,benign_lookalike,0
B000086,counterparty,ACC000240,marketplace_fanin,benign_lookalike,0
B000086,counterparty,ACC000584,marketplace_fanin,benign_lookalike,0
B000086,counterparty,ACC000220,marketplace_fanin,benign_lookalike,0
B000086,counterparty,ACC001293,marketplace_fanin,benign_lookalike,0
B000086,counterparty,ACC000883,marketplace_fanin,benign_lookalike,0
B000086,counterparty,ACC001200,marketplace_fanin,benign_lookalike,0
B000086,counterparty,ACC000123,marketplace_fanin,benign_lookalike,0
B000086,counterparty,ACC000745,marketplace_fanin,benign_lookalike,0
B000086,collector,ACC000168,marketplace_fanin,benign_lookalike,0
B000087,counterparty,ACC001126,supplier_passthrough,benign_lookalike,0
B000087,counterparty,ACC000579,supplier_passthrough,benign_lookalike,0
B000087,counterparty,ACC001206,supplier_passthrough,benign_lookalike,0
B000087,transit,ACC000779,supplier_passthrough,benign_lookalike,0
B000087,beneficiary,ACC001498,supplier_passthrough,benign_lookalike,0
B000087,beneficiary,ACC001390,supplier_passthrough,benign_lookalike,0
L000088,source,ACC001228,layering_chain,laundering,1
L000088,intermediary,ACC000756,layering_chain,laundering,1
L000088,intermediary,ACC000156,layering_chain,laundering,1
L000088,intermediary,ACC000715,layering_chain,laundering,1
L000088,intermediary,ACC001067,layering_chain,laundering,1
L000088,intermediary,ACC000811,layering_chain,laundering,1
L000088,destination,ACC000989,layering_chain,laundering,1
B000089,source,ACC000025,installment_split,benign_lookalike,0
B000089,beneficiary,ACC000648,installment_split,benign_lookalike,0
B000090,counterparty,ACC001271,supplier_passthrough,benign_lookalike,0
B000090,counterparty,ACC000846,supplier_passthrough,benign_lookalike,0
B000090,counterparty,ACC000994,supplier_passthrough,benign_lookalike,0
B000090,counterparty,ACC000001,supplier_passthrough,benign_lookalike,0
B000090,transit,ACC001495,supplier_passthrough,benign_lookalike,0
B000090,beneficiary,ACC000958,supplier_passthrough,benign_lookalike,0
L000091,source,ACC001257,circular_flow,laundering,1
L000091,intermediary,ACC000265,circular_flow,laundering,1
L000091,intermediary,ACC000356,circular_flow,laundering,1
L000091,intermediary,ACC000134,circular_flow,laundering,1
L000092,source,ACC000861,mule_network,laundering,1
L000092,mule,ACC000140,mule_network,laundering,1
L000092,mule,ACC000811,mule_network,laundering,1
L000092,mule,ACC000359,mule_network,laundering,1
L000092,mule,ACC000015,mule_network,laundering,1
L000092,mule,ACC000947,mule_network,laundering,1
L000092,mule,ACC000390,mule_network,laundering,1
L000092,mule,ACC000751,mule_network,laundering,1
L000092,mule,ACC000743,mule_network,laundering,1
L000092,mule,ACC000795,mule_network,laundering,1
L000092,mule,ACC001330,mule_network,laundering,1
L000092,mule,ACC000618,mule_network,laundering,1
L000092,mule,ACC000953,mule_network,laundering,1
L000092,mule,ACC000657,mule_network,laundering,1
L000092,mule,ACC000559,mule_network,laundering,1
L000092,beneficiary,ACC000362,mule_network,laundering,1
B000093,source,ACC000824,installment_split,benign_lookalike,0
B000093,beneficiary,ACC000333,installment_split,benign_lookalike,0
B000094,counterparty,ACC000255,supplier_passthrough,benign_lookalike,0
B000094,counterparty,ACC001115,supplier_passthrough,benign_lookalike,0
B000094,transit,ACC000794,supplier_passthrough,benign_lookalike,0
B000094,beneficiary,ACC000182,supplier_passthrough,benign_lookalike,0
B000094,beneficiary,ACC001129,supplier_passthrough,benign_lookalike,0
B000095,counterparty,ACC001409,supplier_passthrough,benign_lookalike,0
B000095,counterparty,ACC001126,supplier_passthrough,benign_lookalike,0
B000095,counterparty,ACC000222,supplier_passthrough,benign_lookalike,0
B000095,counterparty,ACC000690,supplier_passthrough,benign_lookalike,0
B000095,transit,ACC000659,supplier_passthrough,benign_lookalike,0
B000095,beneficiary,ACC000344,supplier_passthrough,benign_lookalike,0
B000095,beneficiary,ACC000478,supplier_passthrough,benign_lookalike,0
